QYEAR,NEWID,SEQNO,ALCNO,REC_ORIG,PROP_NOH,PROP0NOH,OWNYH,OWNYH_,PAIDLOAN,PAID_OAN,PRIMPLUS,PRIM_LUS,JINTPDX,JINTPDX_,JLCPRINX,JLCP_INX,LOAN_NOH,LOAN0NOH,TOTOWED,TOTOWED_
20232,05090784,46,0,5,01,D,100,D,1,D,0.0966,D,4248,D,-879,D,01,D,175900,D
20232,05090824,25,0,5,01,D,100,D,1,D,0.0966,D,1280,D,-80,D,01,D,53000,D
20232,05091874,43,0,5,01,D,100,D,1,D,0.0966,D,676,D,824,D,01,D,28000,D
20232,05092144,24,0,5,01,D,100,D,1,D,0.0966,D,2343,D,430,D,01,D,97000,D
20232,05092164,37,0,5,01,D,100,D,1,D,0.0966,D,929,D,-312,D,01,D,38454,D
20232,05094414,22,0,5,01,D,100,D,1,D,0.0966,D,942,D,-42,D,01,D,39000,D
20232,05094734,23,0,5,01,D,100,D,1,D,0.0966,D,2124,D,3289,D,01,D,87951,D
20232,05094824,23,0,1,01,D,100,D,2,D,0.0966,D,,A,,A,01,D,0,D
20232,05096864,22,0,5,01,D,100,D,1,D,0.0966,D,700,D,8,D,01,D,29000,D
20232,05097034,33,0,5,01,D,100,D,1,D,0.0966,D,725,D,-188,D,01,D,30000,D
20232,05098044,50,0,5,01,D,100,D,1,D,0.0966,D,2029,D,7565,D,01,D,84000,D
20232,05098164,35,0,5,01,D,100,D,2,D,0.0966,D,,A,,A,01,D,0,D
20232,05099904,28,0,5,01,D,100,D,2,D,0.0966,D,,A,,A,01,D,0,D
20232,05100004,16,0,5,01,D,100,D,2,D,0.0966,D,,A,,A,01,D,46000,D
20232,05100054,28,0,5,01,D,100,D,1,D,0.0966,D,688,D,1512,D,01,D,28482,D
20232,05100374,21,0,5,01,D,100,D,1,D,0.0966,D,435,D,1065,D,01,D,18000,D
20232,05100574,22,0,5,01,D,100,D,2,D,0.0966,D,,A,,A,01,D,0,D
20232,05101154,20,0,5,01,D,100,D,1,D,0.0966,D,126,D,1374,D,01,D,5200,D
20232,05101504,40,0,5,01,D,100,D,2,D,0.0966,D,700,F,8,F,01,D,29000,F
20232,05105284,13,0,5,01,D,100,D,1,D,0.0966,D,290,D,214,D,01,D,12000,D
20232,05105534,52,0,5,01,D,100,D,1,D,0.0966,D,290,D,286,D,01,D,12000,D
20232,05106624,33,0,5,01,D,100,D,2,D,0.0966,D,,A,,A,01,D,0,D
20232,05106994,28,0,5,01,D,100,D,2,D,0.0966,D,,A,,A,01,D,0,D
20232,05107334,18,0,5,01,D,100,D,1,D,0.0966,D,664,F,-184,F,01,D,27500,F
20232,05108894,26,0,5,01,D,100,D,1,D,0.0966,D,1063,D,-163,D,01,D,44000,D
20232,05109634,43,0,5,01,D,100,D,1,D,0.0966,D,2222,D,-222,D,01,D,92000,D
20232,05110514,22,0,5,01,D,100,D,2,D,0.0966,D,894,F,1106,F,01,D,37000,F
20232,05111274,26,0,5,01,D,100,D,1,D,0.0966,D,1111,D,189,D,01,D,46000,D
20232,05111894,34,0,5,01,D,100,D,2,D,0.0966,D,,A,,A,01,D,0,D
20232,05112644,30,0,5,01,D,100,D,2,D,0.0966,D,,A,,A,01,D,0,D
20232,05113664,37,0,5,01,D,100,D,2,D,0.0966,D,,A,,A,01,D,0,D
20232,05114234,18,0,5,01,D,100,D,2,D,0.0966,D,,A,,A,01,D,0,D
20232,05114654,27,0,5,01,D,100,D,1,D,0.0966,D,459,D,79417,T,01,D,19000,D
20232,05114834,31,0,5,01,D,100,D,1,D,0.0966,D,391,D,-241,D,01,D,16200,D
20232,05115104,16,0,5,01,D,100,D,2,D,0.0966,D,,A,,A,01,D,0,D
20232,05115334,51,0,5,01,D,100,D,2,D,0.0966,D,,A,,A,01,D,0,D
20232,05117204,28,0,5,01,D,100,D,1,D,0.0966,D,242,D,283,D,01,D,10000,D
20232,05118034,21,0,5,01,D,100,D,1,D,0.0966,D,1932,D,-1707,D,01,D,80000,D
20232,05119634,30,0,5,01,D,100,D,2,D,0.0966,D,,A,,A,01,D,0,D
20232,05119914,29,0,5,01,D,100,D,2,D,0.0966,D,,A,,A,01,D,0,D
20232,05120384,22,0,5,01,D,100,D,1,D,0.0966,D,1787,D,163,D,01,D,74000,D
20232,05120714,23,0,5,01,D,100,D,1,D,0.0966,D,196,D,1004,D,01,D,8100,D
20232,05122154,25,0,5,01,D,100,D,1,D,0.0966,D,942,D,98,D,01,D,39000,D
20232,05122404,34,0,5,01,D,100,D,1,D,0.0966,D,2318,D,2782,D,01,D,96000,D
20232,05123294,37,0,5,01,D,100,D,1,D,0.0966,D,1328,D,3172,D,01,D,55000,D
20232,05124014,33,0,5,01,D,100,D,2,D,0.0966,D,,A,,A,01,D,0,D
20232,05124314,26,0,5,01,D,100,D,1,D,0.0966,D,521,D,-95,D,01,D,21594,D
20232,05203043,33,0,5,01,D,100,D,2,D,0.0966,D,2222,F,-222,F,01,D,92000,F
20232,05203213,28,0,5,01,D,100,D,1,D,0.0966,D,913,D,587,D,01,D,37800,D
20232,05204293,32,0,5,01,D,100,D,2,D,0.0966,D,929,F,-312,F,01,D,38454,F
20232,05204613,32,0,5,01,D,100,D,1,D,0.0966,D,1473,D,4633,D,01,D,61000,D
20232,05205783,27,0,5,01,D,100,D,2,D,0.0966,D,,A,,A,01,D,0,D
20232,05205953,29,0,5,01,D,100,D,2,D,0.0966,D,,A,,A,01,D,160000,D
20232,05206523,19,0,1,01,D,100,D,1,D,0.0966,D,2487,D,-42,D,01,D,103000,D
20232,05207583,42,0,5,01,D,100,D,1,D,0.0966,D,5555,D,-287,D,01,D,230000,D
20232,05208653,14,0,5,01,D,100,D,2,D,0.0966,D,653,F,1360,F,01,D,27033,F
20232,05208703,34,0,5,01,D,100,D,2,D,0.0966,D,,A,,A,01,D,0,D
20232,05210623,38,0,5,01,D,100,D,1,D,0.0966,D,2874,D,126,D,01,D,119000,D
20232,05213603,29,0,5,01,D,100,D,1,D,0.0966,D,845,D,2155,D,01,D,35000,D
20232,05213603,31,0,5,02,D,300,D,1,D,0.0966,D,1009,D,,T,01,D,,T
20232,05214353,23,0,5,01,D,100,D,1,D,0.0966,D,411,D,-51,D,01,D,17000,D
20232,05215183,44,0,5,01,D,100,D,1,D,0.0966,D,1372,D,884,D,01,D,56800,D
20232,05215793,29,0,5,01,D,100,D,2,D,0.0966,D,,A,,A,01,D,32000,D
20232,05216973,13,0,5,01,D,100,D,1,D,0.0966,D,80,D,2020,D,01,D,3300,D
20232,05216993,25,0,5,01,D,100,D,2,D,0.0966,D,,A,,A,01,D,0,D
20232,05217293,35,0,5,01,D,100,D,1,D,0.0966,D,1949,D,4051,D,01,D,80700,D
20232,05217403,34,0,5,01,D,100,D,1,D,0.0966,D,725,D,2275,D,01,D,30000,D
20232,05217713,20,0,5,01,D,100,D,1,D,0.0966,D,555,D,135,D,01,D,23000,D
20232,05217773,34,0,5,01,D,100,D,1,D,0.0966,D,2294,D,556,D,01,D,95000,D
20232,05218543,17,0,5,01,D,100,D,1,D,0.0966,D,610,D,470,D,01,D,25260,D
20232,05219183,28,0,5,01,D,100,D,1,D,0.0966,D,157,D,61,D,01,D,6500,D
20232,05220173,28,0,5,01,D,100,D,1,D,0.0966,D,1932,D,1068,D,01,D,80000,D
20232,05220223,16,0,5,01,D,100,D,2,D,0.0966,D,,A,,A,01,D,3000,D
20232,05220553,29,0,5,01,D,100,D,1,D,0.0966,D,652,D,113,D,01,D,27000,D
20232,05220913,21,0,1,01,D,100,D,1,D,0.0966,D,1903,F,5597,F,01,D,78800,F
20232,05221153,22,0,5,01,D,100,D,1,D,0.0966,D,1232,D,-632,D,01,D,51000,D
20232,05221513,18,0,5,01,D,100,D,2,D,0.0966,D,338,F,262,F,01,D,14000,F
20232,05221933,25,0,5,01,D,100,D,1,D,0.0966,D,193,D,407,D,01,D,8000,D
20232,05222693,12,0,5,01,D,100,D,1,D,0.0966,D,845,D,805,D,01,D,35000,D
20232,05225203,35,0,5,01,D,100,D,2,D,0.0966,D,,A,,A,01,D,0,D
20232,05225583,21,0,5,01,D,100,D,1,D,0.0966,D,1364,D,136,D,01,D,56500,D
20232,05225743,38,0,5,01,D,100,D,1,D,0.0966,D,338,D,262,D,01,D,14000,D
20232,05226013,20,0,5,01,D,100,D,1,D,0.0966,D,459,D,741,D,01,D,19000,D
20232,05226153,14,0,5,01,D,100,D,2,D,0.0966,D,196,F,1004,F,01,D,8100,F
20232,05226743,20,0,5,01,D,100,D,2,D,0.0966,D,,A,,A,01,D,0,D
20232,05227263,32,0,5,01,D,100,D,1,D,0.0966,D,5603,D,-1553,D,01,D,418390,T
20232,05228213,82,0,1,01,D,200,D,2,D,0.0966,D,,A,,A,01,D,0,D
20232,05229603,27,0,5,01,D,100,D,1,D,0.0966,D,3985,D,215,D,01,D,165000,D
20232,05230023,37,0,5,01,D,100,D,1,D,0.0966,D,821,D,79,D,01,D,34000,D
20232,05232773,29,0,5,01,D,100,D,2,D,0.0966,D,,A,,A,01,D,0,D
20232,05234013,24,0,1,01,D,100,D,1,D,0.0966,D,4589,D,-1589,D,01,D,190000,D
20232,05235963,34,0,5,01,D,100,D,2,D,0.0966,D,,A,,A,01,D,0,D
20232,05236673,22,0,5,01,D,100,D,1,D,0.0966,D,772,D,3228,D,01,D,31980,D
20232,05251782,17,0,5,01,D,100,D,2,D,0.0966,D,,A,,A,01,D,0,D
20232,05253682,33,0,5,01,D,100,D,2,D,0.0966,D,,A,,A,01,D,0,D
20232,05254062,24,0,5,01,D,100,D,1,D,0.0966,D,839,D,1426,D,01,D,34760,D
20232,05254112,21,0,5,01,D,100,D,1,D,0.0966,D,147,D,453,D,01,D,6100,D
20232,05254202,36,0,5,01,D,100,D,1,D,0.0966,D,7728,F,-948,F,01,D,418390,V
20232,05254292,33,0,1,01,D,100,D,1,D,0.0966,D,531,D,345,D,01,D,22000,D
20232,05254392,29,0,5,02,D,200,D,2,D,0.0966,D,,A,,A,01,D,0,D
20232,05255462,13,0,5,01,D,100,D,1,D,0.0966,D,1570,F,330,F,01,D,65000,F
20232,05255462,14,0,5,01,D,100,D,2,D,0.0966,D,,A,,A,02,D,13000,D
20232,05255562,28,0,5,01,D,100,D,1,D,0.0966,D,638,D,3112,D,01,D,26400,D
20232,05256142,44,0,5,01,D,100,D,2,D,0.0966,D,,A,,A,01,D,0,D
20232,05257352,31,0,5,01,D,100,D,1,D,0.0966,D,217,D,683,D,01,D,9000,D
20232,05258712,25,0,5,01,D,100,D,2,D,0.0966,D,,A,,A,01,D,25600,D
20232,05259232,25,0,5,01,D,100,D,1,D,0.0966,D,942,D,-282,D,01,D,39000,D
20232,05259712,28,0,5,01,D,100,D,1,D,0.0966,D,2367,D,-12,D,01,D,98000,D
20232,05261102,31,0,5,01,D,100,D,2,D,0.0966,D,,A,,A,01,D,0,D
20232,05263202,23,0,5,01,D,100,D,2,D,0.0966,D,,A,,A,01,D,0,D
20232,05265842,20,0,5,01,D,100,D,2,D,0.0966,D,,A,,A,01,D,0,D
20232,05266132,18,0,1,01,D,100,D,1,D,0.0966,D,242,D,358,D,01,D,10000,D
20232,05266192,42,0,5,01,D,100,D,1,D,0.0966,D,2294,D,-194,D,01,D,95000,D
20232,05268422,20,0,5,01,D,100,D,2,D,0.0966,D,,A,,A,01,D,27000,D
20232,05269532,39,0,5,01,D,100,D,2,D,0.0966,D,,A,,A,01,D,0,D
20232,05270822,27,0,1,01,D,100,D,1,D,0.0966,D,25,D,1019,D,01,D,1044,D
20232,05271382,27,0,5,01,D,100,D,1,D,0.0966,D,615,D,75,D,01,D,25460,D
20232,05271632,24,0,5,01,D,100,D,2,D,0.0966,D,,A,,A,01,D,0,D
20232,05271912,20,0,1,01,D,100,D,2,D,0.0966,D,,A,,A,01,D,,A
20232,05272072,33,0,5,01,D,100,D,2,D,0.0966,D,,A,,A,01,D,4000,D
20232,05272232,19,0,5,01,D,100,D,1,D,0.0966,D,3109,F,890,F,01,D,128739,F
20232,05273312,25,0,5,01,D,100,D,2,D,0.0966,D,,A,,A,01,D,0,D
20232,05273382,20,0,5,01,D,100,D,2,D,0.0966,D,,A,,A,01,D,125000,D
20232,05275202,28,0,5,01,D,100,D,1,D,0.0966,D,1908,D,72,D,01,D,79000,D
20232,05276712,19,0,5,01,D,100,D,2,D,0.0966,D,,A,,A,01,D,0,D
20232,05277222,29,0,5,01,D,100,D,2,D,0.0966,D,,A,,A,01,D,50000,D
20232,05277232,32,0,5,01,D,100,D,1,D,0.0966,D,374,F,1126,F,01,D,15481,F
20232,05277802,31,0,5,01,D,100,D,1,D,0.0966,D,2294,D,-470,D,01,D,95000,D
20232,05278162,17,0,1,01,D,100,D,1,D,0.0966,D,314,D,973,D,01,D,13000,D
20232,05278312,15,0,5,01,D,100,D,2,D,0.0966,D,,A,,A,01,D,0,D
20232,05279032,33,0,5,01,D,100,D,2,D,0.0966,D,,A,,A,01,D,0,D
20232,05279052,32,0,5,01,D,100,D,2,D,0.0966,D,,A,,A,01,D,0,D
20232,05279402,35,0,5,01,D,100,D,1,D,0.0966,D,242,D,1558,D,01,D,10000,D
20232,05279912,27,0,5,01,D,100,D,1,D,0.0966,D,423,D,5577,D,01,D,17500,D
20232,05280112,29,0,5,01,D,100,D,1,D,0.0966,D,343,D,407,D,01,D,14200,D
20232,05280262,22,0,1,01,D,100,D,1,D,0.0966,D,2318,F,2782,F,01,D,96000,F
20232,05280332,28,0,5,01,D,100,D,2,D,0.0966,D,,A,,A,01,D,0,D
20232,05280712,47,0,5,01,D,100,D,1,D,0.0966,D,4130,D,5470,D,01,D,171000,D
20232,05281702,14,0,1,01,D,100,D,1,D,0.0966,D,1087,D,-187,D,01,D,45000,D
20232,05281982,26,0,5,01,D,100,D,1,D,0.0966,D,386,D,514,D,01,D,16000,D
20232,05283922,31,0,5,01,D,100,D,1,D,0.0966,D,362,D,1138,D,01,D,15000,D
20232,05284082,35,0,5,01,D,100,D,1,D,0.0966,D,290,D,310,D,01,D,12000,D
20232,05284222,33,0,5,01,D,100,D,1,D,0.0966,D,362,D,238,D,01,D,15000,D
20232,05285492,38,0,5,01,D,100,D,1,D,0.0966,D,2004,D,-105,D,01,D,83000,D
20232,05285542,21,0,5,01,D,100,D,1,D,0.0966,D,854,D,-155,D,01,D,35352,D
20232,05286631,24,0,1,01,D,100,D,2,D,0.0966,D,,A,,A,01,D,0,D
20232,05287231,12,0,1,01,D,100,D,1,D,0.0966,D,1835,D,-35,D,01,D,76000,D
20232,05287631,15,0,1,01,D,100,D,1,D,0.0966,D,1691,D,1309,D,01,D,70000,D
20232,05288911,27,0,1,01,D,100,D,1,D,0.0966,D,7089,D,-2490,D,01,D,418390,T
20232,05289111,16,0,1,01,D,100,D,1,D,0.0966,D,1570,D,330,D,01,D,65000,D
20232,05289691,21,0,1,01,D,100,D,1,D,0.0966,D,1903,D,5597,D,01,D,78800,D
20232,05290421,21,0,1,01,D,100,D,1,D,0.0966,D,10868,D,-10390,T,01,D,418390,T
20232,05291741,25,0,1,01,D,100,D,,C,0.0966,D,1372,F,884,F,01,D,56800,F
20232,05294081,18,0,1,01,D,100,D,1,D,0.0966,D,48,D,132,D,01,D,2000,D
20232,05294371,27,0,1,01,D,100,D,1,D,0.0966,D,2367,D,2133,D,01,D,98000,D
20232,05294371,28,0,1,04,D,200,D,2,D,0.0966,D,,A,,A,01,D,0,D
20232,05295621,14,0,1,01,D,100,D,1,D,0.0966,D,1014,D,286,D,01,D,42000,D
20232,05296891,21,0,1,01,D,100,D,1,D,0.0966,D,374,D,1126,D,01,D,15481,D
20232,05297601,12,0,1,01,D,100,D,1,D,0.0966,D,1304,D,-659,D,01,D,54000,D
20232,05344791,22,0,1,01,D,100,D,2,D,0.0966,D,,A,,A,01,D,1000,D
20232,05345631,25,0,1,01,D,100,D,1,D,0.0966,D,1715,F,85,F,01,D,71000,F
20232,05346401,23,0,1,01,D,100,D,2,D,0.0966,D,,A,,A,01,D,0,D
20232,05347921,24,0,1,01,D,100,D,1,D,0.0966,D,1328,D,1672,D,01,D,55000,D
20232,05348001,10,0,1,01,D,100,D,1,D,0.0966,D,653,D,1360,D,01,D,27033,D
20232,05348141,20,0,1,01,D,100,D,1,D,0.0966,D,725,D,9775,D,01,D,30000,D
20232,05348331,21,0,1,01,D,100,D,2,D,0.0966,D,,A,,A,01,D,0,D
20232,05348541,30,0,1,01,D,100,D,,C,0.0966,D,2294,F,-194,F,01,D,95000,F
20232,05348971,15,0,1,01,D,100,D,1,D,0.0966,D,97,D,803,D,01,D,4000,D
20232,05349561,27,0,1,01,D,100,D,1,D,0.0966,D,1087,D,869,D,01,D,45000,D
20232,05349781,22,0,1,01,D,100,D,1,D,0.0966,D,463,F,137,F,01,D,19158,F
20232,05349861,20,0,1,01,D,100,D,1,D,0.0966,D,628,D,872,D,01,D,26000,D
20232,05350291,12,0,1,01,D,100,D,1,D,0.0966,D,456,D,51,D,01,D,18873,D
20232,05350291,13,0,1,01,D,100,D,1,D,0.0966,D,891,D,957,D,02,D,36887,D
20232,05351591,22,0,1,01,D,100,D,1,D,0.0966,D,7728,D,-948,D,01,D,418390,T
20232,05351591,23,0,1,01,D,100,D,1,D,0.0966,D,773,D,-41,D,02,D,32000,D
20232,05353431,12,0,1,01,D,100,D,2,D,0.0966,D,,A,,A,01,D,0,D
20232,05353661,31,0,1,01,D,100,D,1,D,0.0966,D,2077,D,3923,D,01,D,86000,D
20232,05353721,17,0,1,01,D,100,D,2,D,0.0966,D,,A,,A,01,D,0,D
20232,05353781,14,0,1,01,D,100,D,1,D,0.0966,D,30,D,1200,D,01,D,1230,D
20232,05355021,11,0,1,01,D,100,D,2,D,0.0966,D,,A,,A,01,D,9200,D
20232,05357191,12,0,1,01,D,100,D,1,D,0.0966,D,362,D,33,D,01,D,15000,D
20232,05357331,16,0,1,01,D,100,D,1,D,0.0966,D,676,D,89,D,01,D,28000,D
20232,05358131,31,0,1,01,D,100,D,1,D,0.0966,D,664,D,-184,D,01,D,27500,D
20232,05358591,19,0,1,01,D,100,D,1,D,0.0966,D,894,D,1106,D,01,D,37000,D
20232,05358661,36,0,1,01,D,100,D,1,D,0.0966,D,628,D,272,D,01,D,26000,D
20232,05358911,22,0,1,01,D,100,D,1,D,0.0966,D,3109,D,890,D,01,D,128739,D
20232,05359291,14,0,1,01,D,100,D,1,D,0.0966,D,966,D,534,D,01,D,40000,D
20232,05359601,22,0,1,01,D,100,D,1,D,0.0966,D,121,D,2879,D,01,D,5000,D
20232,05361041,44,0,1,01,D,100,D,1,D,0.0966,D,1715,D,85,D,01,D,71000,D
20232,05361351,16,0,1,01,D,100,D,1,D,0.0966,D,1135,D,1865,D,01,D,47000,D
20232,05363181,22,0,1,01,D,100,D,1,D,0.0966,D,1739,D,-502,D,01,D,72000,D
20232,05365891,17,0,1,01,D,100,D,1,D,0.0966,D,181,D,419,D,01,D,7500,D
20232,05366191,23,0,1,01,D,100,D,1,D,0.0966,D,463,D,137,D,01,D,19158,D
20232,05366781,13,0,1,01,D,100,D,1,D,0.0966,D,290,F,286,F,01,D,12000,F
20233,05202294,14,0,1,01,D,100,D,1,D,0.0993,D,1738,D,-238,D,01,D,70000,D
20233,05203044,33,0,5,01,D,100,D,2,D,0.0993,D,,A,,A,01,D,20000,D
20233,05203214,23,0,5,01,D,100,D,1,D,0.0993,D,927,D,573,D,01,D,37322,D
20233,05204294,28,0,5,01,D,100,D,1,D,0.0993,D,2563,D,6437,D,01,D,103229,D
20233,05204614,32,0,5,01,D,100,D,1,D,0.0993,D,1365,D,4335,D,01,D,55000,D
20233,05205784,31,0,5,01,D,100,D,2,D,0.0993,D,,A,,A,01,D,0,D
20233,05208174,49,0,5,01,D,100,D,1,D,0.0993,D,4178,F,5388,F,01,D,168300,F
20233,05208654,17,0,5,01,D,100,D,2,D,0.0993,D,,A,,A,01,D,100000,D
20233,05208704,37,0,5,01,D,100,D,2,D,0.0993,D,,A,,A,01,D,418390,T
20233,05210624,32,0,5,01,D,100,D,1,D,0.0993,D,3029,D,-29,D,01,D,122000,D
20233,05212074,9,0,1,01,D,100,D,2,D,0.0993,D,,A,,A,01,D,23000,D
20233,05213094,12,0,1,01,D,100,D,1,D,0.0993,D,199,D,71,D,01,D,8000,D
20233,05213604,30,0,5,01,D,100,D,2,D,0.0993,D,,A,,A,01,D,0,D
20233,05213604,31,0,5,02,D,300,D,1,D,0.0993,D,869,D,,T,01,D,,T
20233,05214354,27,0,5,01,D,100,D,1,D,0.0993,D,422,D,-62,D,01,D,17000,D
20233,05214894,25,0,1,01,D,100,D,1,D,0.0993,D,472,D,1028,D,01,D,19000,D
20233,05215184,37,0,5,01,D,100,D,1,D,0.0993,D,1291,D,2709,D,01,D,52000,D
20233,05215794,28,0,5,01,D,100,D,2,D,0.0993,D,,A,,A,01,D,30000,D
20233,05216974,19,0,5,01,D,100,D,2,D,0.0993,D,,A,,A,01,D,0,D
20233,05216994,30,0,5,01,D,100,D,2,D,0.0993,D,,A,,A,01,D,0,D
20233,05217404,30,0,5,01,D,100,D,1,D,0.0993,D,1067,D,2833,D,01,D,43000,D
20233,05217714,20,0,5,01,D,100,D,1,D,0.0993,D,571,D,119,D,01,D,23000,D
20233,05217774,25,0,5,01,D,100,D,1,D,0.0993,D,2358,D,492,D,01,D,95000,D
20233,05218544,25,0,5,01,D,100,D,1,D,0.0993,D,521,D,514,D,01,D,21000,D
20233,05219184,30,0,5,01,D,100,D,1,D,0.0993,D,254,D,79417,T,01,D,10217,D
20233,05219844,23,0,5,01,D,100,D,1,D,0.0993,D,2309,D,691,D,01,D,93000,D
20233,05220174,35,0,5,01,D,100,D,1,D,0.0993,D,993,D,2007,D,01,D,40000,D
20233,05220554,34,0,5,01,D,100,D,1,D,0.0993,D,695,D,145,D,01,D,28000,D
20233,05220914,20,0,5,01,D,100,D,1,D,0.0993,D,4965,D,1635,D,01,D,200000,D
20233,05221154,21,0,5,01,D,100,D,1,D,0.0993,D,1241,D,-641,D,01,D,50000,D
20233,05221514,34,0,5,01,D,100,D,1,D,0.0993,D,1336,D,164,D,01,D,53800,D
20233,05221544,16,0,1,01,D,100,D,2,D,0.0993,D,745,F,725,F,01,D,30000,F
20233,05221934,29,0,5,01,D,100,D,1,D,0.0993,D,199,D,401,D,01,D,8000,D
20233,05222694,13,0,5,01,D,100,D,2,D,0.0993,D,,A,,A,01,D,35000,D
20233,05225204,34,0,5,01,D,100,D,2,D,0.0993,D,,A,,A,01,D,0,D
20233,05225584,20,0,5,01,D,100,D,1,D,0.0993,D,1390,D,110,D,01,D,56000,D
20233,05225744,37,0,5,01,D,100,D,1,D,0.0993,D,99,D,201,D,01,D,4000,D
20233,05226014,19,0,5,01,D,100,D,1,D,0.0993,D,422,D,778,D,01,D,17000,D
20233,05226154,15,0,5,01,D,100,D,1,D,0.0993,D,2631,F,-531,F,01,D,106000,F
20233,05226744,29,0,5,01,D,100,D,2,D,0.0993,D,,A,,A,01,D,0,D
20233,05228214,61,0,5,01,D,200,D,2,D,0.0993,D,,A,,A,01,D,0,D
20233,05229604,21,0,5,01,D,100,D,1,D,0.0993,D,695,F,310,F,01,D,28000,F
20233,05230024,32,0,5,01,D,100,D,1,D,0.0993,D,745,D,725,D,01,D,30000,D
20233,05232124,16,0,5,01,D,100,D,1,D,0.0993,D,894,D,456,D,01,D,36000,D
20233,05232774,30,0,5,01,D,100,D,2,D,0.0993,D,,A,,A,01,D,0,D
20233,05233484,28,0,5,01,D,100,D,1,D,0.0993,D,372,D,-177,D,01,D,15000,D
20233,05233894,32,0,5,01,D,100,D,1,D,0.0993,D,1837,D,-1587,D,01,D,74000,D
20233,05234014,25,0,5,01,D,100,D,1,D,0.0993,D,5710,D,-710,D,01,D,230000,D
20233,05235264,15,0,5,01,D,100,D,1,D,0.0993,D,2234,D,166,D,01,D,90000,D
20233,05235964,32,0,5,01,D,100,D,2,D,0.0993,D,,A,,A,01,D,0,D
20233,05236674,22,0,5,01,D,100,D,1,D,0.0993,D,671,D,3829,D,01,D,27040,D
20233,05251783,18,0,5,01,D,100,D,2,D,0.0993,D,,A,,A,01,D,0,D
20233,05252053,17,0,5,01,D,100,D,2,D,0.0993,D,,A,,A,01,D,3000,D
20233,05252933,12,0,1,01,D,100,D,1,D,0.0993,D,47,D,1390,D,01,D,1900,D
20233,05254063,28,0,5,01,D,100,D,1,D,0.0993,D,787,D,2078,D,01,D,31711,D
20233,05254113,25,0,5,01,D,100,D,1,D,0.0993,D,142,D,308,D,01,D,5700,D
20233,05254203,36,0,5,01,D,100,D,1,D,0.0993,D,0,D,0,D,01,D,0,D
20233,05254293,26,0,5,01,D,100,D,1,D,0.0993,D,787,F,2078,F,01,D,31711,F
20233,05255563,28,0,5,01,D,100,D,1,D,0.0993,D,645,D,855,D,01,D,26000,D
20233,05257353,29,0,5,01,D,100,D,1,D,0.0993,D,223,D,677,D,01,D,9000,D
20233,05258713,27,0,5,01,D,100,D,1,D,0.0993,D,636,D,17,D,01,D,25600,D
20233,05259233,26,0,5,01,D,100,D,1,D,0.0993,D,981,F,519,F,01,D,39500,F
20233,05259713,28,0,5,01,D,100,D,1,D,0.0993,D,2433,D,28,D,01,D,98000,D
20233,05261103,34,0,5,01,D,100,D,1,D,0.0993,D,472,D,3478,D,01,D,19000,D
20233,05263203,21,0,5,01,D,100,D,2,D,0.0993,D,,A,,A,01,D,0,D
20233,05265843,22,0,5,01,D,100,D,2,D,0.0993,D,,A,,A,01,D,0,D
20233,05266133,24,0,5,01,D,100,D,1,D,0.0993,D,228,D,372,D,01,D,9200,D
20233,05266193,59,0,5,01,D,100,D,1,D,0.0993,D,2358,D,-258,D,01,D,95000,D
20233,05268153,31,0,5,01,D,100,D,2,D,0.0993,D,,A,,A,01,D,0,D
20233,05268343,12,0,5,01,D,100,D,2,D,0.0993,D,2234,F,166,F,01,D,90000,F
20233,05268423,19,0,5,01,D,100,D,2,D,0.0993,D,,A,,A,01,D,28000,D
20233,05269533,35,0,5,01,D,100,D,2,D,0.0993,D,,A,,A,01,D,0,D
20233,05270683,45,0,1,01,D,100,D,1,D,0.0993,D,2979,D,-1868,D,01,D,120000,D
20233,05270823,34,0,5,01,D,100,D,1,D,0.0993,D,50,D,3850,D,01,D,2000,D
20233,05271383,22,0,5,01,D,100,D,1,D,0.0993,D,497,D,193,D,01,D,20000,D
20233,05271823,32,0,5,01,D,100,D,1,D,0.0993,D,248,F,22,F,01,D,10000,F
20233,05271913,31,0,5,01,D,100,D,1,D,0.0993,D,621,D,-221,D,01,D,25000,D
20233,05272073,39,0,5,01,D,100,D,1,D,0.0993,D,221,D,8700,D,01,D,8921,D
20233,05272233,23,0,5,01,D,100,D,2,D,0.0993,D,,A,,A,01,D,0,D
20233,05273313,31,0,5,01,D,100,D,2,D,0.0993,D,,A,,A,01,D,0,D
20233,05273383,22,0,5,01,D,100,D,1,D,0.0993,D,7199,D,79417,T,01,D,418390,T
20233,05276713,22,0,5,01,D,100,D,2,D,0.0993,D,,A,,A,01,D,0,D
20233,05277223,29,0,5,01,D,100,D,2,D,0.0993,D,,A,,A,01,D,50000,D
20233,05277233,38,0,5,01,D,100,D,2,D,0.0993,D,,A,,A,01,D,25000,D
20233,05278313,15,0,5,01,D,100,D,1,D,0.0993,D,34755,D,-10390,T,01,D,418390,T
20233,05278433,17,0,1,01,D,100,D,1,D,0.0993,D,298,F,452,F,01,D,12000,F
20233,05279033,31,0,5,01,D,100,D,2,D,0.0993,D,,A,,A,01,D,418390,T
20233,05279053,37,0,5,01,D,100,D,2,D,0.0993,D,,A,,A,01,D,0,D
20233,05279403,28,0,5,01,D,100,D,1,D,0.0993,D,1192,D,1208,D,01,D,48000,D
20233,05280113,29,0,5,01,D,100,D,1,D,0.0993,D,323,D,427,D,01,D,13000,D
20233,05280263,48,0,5,01,D,100,D,1,D,0.0993,D,2160,D,-660,D,01,D,87000,D
20233,05280713,52,0,5,01,D,100,D,1,D,0.0993,D,4178,D,5388,D,01,D,168300,D
20233,05281703,18,0,5,01,D,100,D,1,D,0.0993,D,2656,D,-76,D,01,D,107000,D
20233,05281983,28,0,5,01,D,100,D,1,D,0.0993,D,142,F,308,F,01,D,5700,F
20233,05284083,28,0,5,01,D,100,D,1,D,0.0993,D,310,D,290,D,01,D,12500,D
20233,05284223,31,0,5,01,D,100,D,1,D,0.0993,D,223,F,677,F,01,D,9000,F
20233,05285493,40,0,5,01,D,100,D,1,D,0.0993,D,1936,D,464,D,01,D,78000,D
20233,05285543,21,0,5,01,D,100,D,1,D,0.0993,D,993,D,-294,D,01,D,40000,D
20233,05286632,36,0,5,01,D,100,D,2,D,0.0993,D,,A,,A,01,D,0,D
20233,05287832,18,0,1,01,D,100,D,2,D,0.0993,D,221,F,8700,F,01,D,8921,F
20233,05288912,25,0,5,01,D,100,D,1,D,0.0993,D,7447,D,-10390,T,01,D,418390,T
20233,05289112,23,0,5,01,D,100,D,1,D,0.0993,D,2135,D,115,D,01,D,86000,D
20233,05289692,22,0,5,01,D,100,D,1,D,0.0993,D,2036,F,-392,F,01,D,82000,F
20233,05290422,20,0,5,01,D,100,D,2,D,0.0993,D,,A,,A,01,D,100000,D
20233,05291002,23,0,5,01,D,100,D,2,D,0.0993,D,,A,,A,01,D,15000,D
20233,05291742,28,0,5,01,D,100,D,1,D,0.0993,D,919,D,-49,D,01,D,37000,D
20233,05293012,21,0,1,01,D,100,D,1,D,0.0993,D,621,D,879,D,01,D,25000,D
20233,05293522,15,0,1,01,D,100,D,1,D,0.0993,D,2358,F,492,F,01,D,95000,F
20233,05294082,22,0,5,01,D,100,D,1,D,0.0993,D,546,F,1704,F,01,D,22000,F
20233,05294372,41,0,5,01,D,100,D,1,D,0.0993,D,2284,D,2216,D,01,D,92000,D
20233,05294372,42,0,5,04,D,200,D,2,D,0.0993,D,,A,,A,01,D,0,D
20233,05294442,37,0,5,01,D,100,D,2,D,0.0993,D,,A,,A,01,D,4200,D
20233,05295622,23,0,5,01,D,100,D,1,D,0.0993,D,869,D,1131,D,01,D,35000,D
20233,05296892,40,0,5,01,D,100,D,1,D,0.0993,D,354,D,1146,D,01,D,14270,D
20233,05297602,17,0,5,01,D,100,D,2,D,0.0993,D,,A,,A,01,D,105000,D
20233,05344792,25,0,5,01,D,100,D,2,D,0.0993,D,99,F,201,F,01,D,4000,F
20233,05344912,28,0,1,01,D,100,D,1,D,0.0993,D,2488,D,458,D,01,D,100210,D
20233,05345632,35,0,5,01,D,100,D,2,D,0.0993,D,348,F,252,F,01,D,14000,F
20233,05346402,41,0,5,01,D,100,D,2,D,0.0993,D,,A,,A,01,D,0,D
20233,05346962,10,0,1,01,D,100,D,1,D,0.0993,D,621,F,354,F,01,D,25000,F
20233,05347922,33,0,5,01,D,100,D,2,D,0.0993,D,,A,,A,01,D,0,D
20233,05348002,18,0,5,01,D,100,D,1,D,0.0993,D,670,D,1277,D,01,D,27000,D
20233,05348332,20,0,5,01,D,100,D,2,D,0.0993,D,,A,,A,01,D,0,D
20233,05348542,41,0,5,01,D,100,D,2,D,0.0993,D,,A,,A,01,D,194000,D
20233,05348972,29,0,5,01,D,100,D,1,D,0.0993,D,0,D,0,D,01,D,0,D
20233,05349562,26,0,5,01,D,100,D,1,D,0.0993,D,1117,D,933,D,01,D,45000,D
20233,05349782,32,0,5,01,D,100,D,1,D,0.0993,D,670,F,1277,F,01,D,27000,F
20233,05350292,21,0,5,01,D,100,D,1,D,0.0993,D,461,D,43,D,01,D,18575,D
20233,05350292,22,0,5,01,D,100,D,1,D,0.0993,D,863,D,985,D,02,D,34763,D
20233,05351592,17,0,5,01,D,100,D,,C,0.0993,D,0,F,0,F,01,D,0,F
20233,05351592,18,0,5,01,D,100,D,,C,0.0993,D,2358,F,-258,F,02,D,95000,F
20233,05353432,16,0,5,01,D,100,D,1,D,0.0993,D,248,D,22,D,01,D,10000,D
20233,05353662,36,0,5,01,D,100,D,1,D,0.0993,D,894,F,456,F,01,D,36000,F
20233,05353722,28,0,5,01,D,100,D,1,D,0.0993,D,372,D,533,D,01,D,15000,D
20233,05355022,15,0,5,01,D,100,D,2,D,0.0993,D,,A,,A,01,D,0,D
20233,05357332,22,0,5,01,D,100,D,1,D,0.0993,D,720,D,105,D,01,D,29000,D
20233,05358132,37,0,5,01,D,100,D,1,D,0.0993,D,695,D,310,D,01,D,28000,D
20233,05358592,23,0,5,01,D,100,D,1,D,0.0993,D,981,D,519,D,01,D,39500,D
20233,05358662,41,0,5,01,D,100,D,1,D,0.0993,D,2284,F,2216,F,01,D,92000,F
20233,05358912,31,0,5,01,D,100,D,1,D,0.0993,D,3476,D,-1496,D,01,D,140000,D
20233,05359292,19,0,5,01,D,100,D,1,D,0.0993,D,993,F,-294,F,01,D,40000,F
20233,05359312,26,0,5,01,D,100,D,1,D,0.0993,D,621,D,354,D,01,D,25000,D
20233,05361042,62,0,5,01,D,100,D,1,D,0.0993,D,1887,D,2813,D,01,D,76000,D
20233,05363182,52,0,5,01,D,100,D,1,D,0.0993,D,1787,D,79417,T,01,D,72000,D
20233,05365892,35,0,5,01,D,100,D,1,D,0.0993,D,186,D,1914,D,01,D,7500,D
20233,05366192,31,0,5,01,D,100,D,1,D,0.0993,D,298,D,452,D,01,D,12000,D
20233,05366782,18,0,5,01,D,100,D,1,D,0.0993,D,10,D,390,D,01,D,400,D
20233,05413281,26,0,1,01,D,100,D,2,D,0.0993,D,,A,,A,01,D,0,D
20233,05413311,16,0,1,01,D,100,D,2,D,0.0993,D,,A,,A,01,D,2700,D
20233,05413451,34,0,1,01,D,100,D,1,D,0.0993,D,348,D,252,D,01,D,14000,D
20233,05413641,19,0,1,01,D,100,D,1,D,0.0993,D,645,D,-495,D,01,D,26000,D
20233,05413891,10,0,1,01,D,100,D,1,D,0.0993,D,422,D,295,D,01,D,17000,D
20233,05414521,32,0,1,03,D,400,D,1,D,0.0993,D,2532,D,,T,01,D,,T
20233,05414791,15,0,1,01,D,100,D,1,D,0.0993,D,1241,D,-341,D,01,D,50000,D
20233,05415031,26,0,1,01,D,100,D,1,D,0.0993,D,546,D,1704,D,01,D,22000,D
20233,05415701,24,0,1,01,D,100,D,1,D,0.0993,D,2631,D,-531,D,01,D,106000,D
20233,05416221,28,0,1,01,D,100,D,1,D,0.0993,D,794,D,-44,D,01,D,32000,D
20233,05417661,26,0,1,01,D,100,D,1,D,0.0993,D,47,F,1390,F,01,D,1900,F
20233,05420761,41,0,1,01,D,100,D,2,D,0.0993,D,,A,,A,01,D,0,D
20233,05421321,27,0,1,01,D,100,D,2,D,0.0993,D,,A,,A,01,D,0,D
20233,05421661,12,0,1,01,D,100,D,1,D,0.0993,D,97,D,803,D,01,D,3900,D
20233,05423911,37,0,1,01,D,100,D,1,D,0.0993,D,65,D,135,D,01,D,2600,D
20233,05424031,51,0,1,01,D,100,D,2,D,0.0993,D,,A,,A,01,D,0,D
20233,05425401,26,0,1,01,D,100,D,1,D,0.0993,D,338,D,376,D,01,D,13606,D
20233,05425831,17,0,1,01,D,100,D,1,D,0.0993,D,670,D,-295,D,01,D,27000,D
20233,05426001,30,0,1,01,D,100,D,1,D,0.0993,D,3624,D,-1359,D,01,D,146000,D
20233,05426151,20,0,1,01,D,100,D,1,D,0.0993,D,1701,D,354,D,01,D,68500,D
20233,05427801,29,0,1,01,D,100,D,1,D,0.0993,D,94,D,296,D,01,D,3800,D
20233,05428651,19,0,1,01,D,100,D,1,D,0.0993,D,5660,D,-776,D,01,D,228000,D
20233,05428791,27,0,1,01,D,100,D,1,D,0.0993,D,25,D,575,D,01,D,1000,D
20233,05428801,29,0,1,01,D,100,D,2,D,0.0993,D,,A,,A,01,D,0,D
20233,05428941,23,0,1,01,D,100,D,1,D,0.0993,D,3476,F,-1496,F,01,D,140000,F
20233,05430121,29,0,1,01,D,100,D,1,D,0.0993,D,50,D,150,D,01,D,2000,D
20233,05430611,26,0,1,01,D,100,D,1,D,0.0993,D,348,D,1950,D,01,D,14000,D
20233,05430701,36,0,1,01,D,100,D,1,D,0.0993,D,1986,D,2514,D,01,D,80000,D
20233,05432981,16,0,1,01,D,100,D,1,D,0.0993,D,102,D,498,D,01,D,4100,D
20233,05433371,26,0,1,01,D,100,D,,C,0.0993,D,1837,F,-1587,F,01,D,74000,F
20233,05433721,36,0,1,01,D,100,D,1,D,0.0993,D,1986,D,-36,D,01,D,80000,D
20233,05434471,19,0,1,01,D,100,D,1,D,0.0993,D,109,D,2891,D,01,D,4381,D
20233,05434741,37,0,1,01,D,100,D,1,D,0.0993,D,708,D,792,D,01,D,28517,D
20233,05435131,31,0,1,01,D,100,D,1,D,0.0993,D,2036,D,-392,D,01,D,82000,D
20233,05435581,40,0,1,01,D,100,D,1,D,0.0993,D,4891,D,368,D,01,D,197000,D
20233,05436061,15,0,1,01,D,100,D,2,D,0.0993,D,,A,,A,01,D,0,D
20233,05436131,31,0,1,01,D,100,D,2,D,0.0993,D,,A,,A,01,D,0,D
20233,05436231,19,0,1,01,D,100,D,1,D,0.0993,D,310,F,290,F,01,D,12500,F
20233,05439941,25,0,1,01,D,100,D,1,D,0.0993,D,2458,D,542,D,01,D,99000,D
20233,05442161,26,0,1,01,D,100,D,1,D,0.0993,D,571,D,1229,D,01,D,23000,D
20233,05442241,10,0,1,01,D,100,D,2,D,0.0993,D,,A,,A,01,D,13000,D
20233,05444071,24,0,1,01,D,100,D,1,D,0.0993,D,993,D,27,D,01,D,40000,D
20233,05445531,15,0,1,01,D,100,D,2,D,0.0993,D,,A,,A,01,D,0,D
20233,05446011,16,0,1,01,D,100,D,1,D,0.0993,D,2532,F,1068,F,01,D,102000,F
20234,05251784,23,0,5,01,D,100,D,2,D,0.1000,D,,A,,A,01,D,0,D
20234,05254064,26,0,5,01,D,100,D,1,D,0.1000,D,751,D,2114,D,01,D,30023,D
20234,05254114,24,0,5,01,D,100,D,1,D,0.1000,D,153,D,327,D,01,D,6100,D
20234,05254204,28,0,5,01,D,100,D,2,D,0.1000,D,,A,,A,01,D,1434,D
20234,05255564,28,0,5,01,D,100,D,1,D,0.1000,D,675,D,825,D,01,D,27000,D
20234,05257354,24,0,5,01,D,100,D,1,D,0.1000,D,200,D,700,D,01,D,8000,D
20234,05258714,29,0,5,01,D,100,D,1,D,0.1000,D,633,D,33,D,01,D,25305,D
20234,05259234,29,0,5,01,D,100,D,1,D,0.1000,D,1925,F,475,F,01,D,77000,F
20234,05259714,21,0,5,01,D,100,D,2,D,0.1000,D,,A,,A,01,D,98000,D
20234,05262174,11,0,5,01,D,100,D,1,D,0.1000,D,175,F,-124,F,01,D,7000,F
20234,05263204,25,0,5,01,D,100,D,2,D,0.1000,D,,A,,A,01,D,0,D
20234,05265844,25,0,5,01,D,100,D,2,D,0.1000,D,,A,,A,01,D,0,D
20234,05266134,21,0,5,01,D,100,D,1,D,0.1000,D,230,D,370,D,01,D,9200,D
20234,05266194,60,0,5,01,D,100,D,1,D,0.1000,D,2375,D,-35,D,01,D,95000,D
20234,05268154,29,0,5,01,D,100,D,2,D,0.1000,D,,A,,A,01,D,0,D
20234,05268424,28,0,5,01,D,100,D,1,D,0.1000,D,1325,F,745,F,01,D,53000,F
20234,05269534,28,0,5,01,D,100,D,2,D,0.1000,D,,A,,A,01,D,0,D
20234,05270684,31,0,5,01,D,100,D,1,D,0.1000,D,3007,D,176,D,01,D,120294,D
20234,05270824,37,0,5,01,D,100,D,1,D,0.1000,D,0,D,0,D,02,D,0,D
20234,05270824,38,0,5,01,D,100,D,1,D,0.1000,D,23,D,82,D,01,D,925,D
20234,05271384,27,0,5,01,D,100,D,1,D,0.1000,D,918,F,-18,F,01,D,36700,F
20234,05271824,26,0,5,01,D,100,D,2,D,0.1000,D,,A,,A,01,D,0,D
20234,05271914,27,0,5,01,D,100,D,1,D,0.1000,D,950,D,925,D,01,D,38000,D
20234,05272074,35,0,5,01,D,100,D,1,D,0.1000,D,1300,D,-534,D,01,D,52000,D
20234,05272234,23,0,5,01,D,100,D,2,D,0.1000,D,858,F,990,F,01,D,34321,F
20234,05273314,34,0,5,01,D,100,D,1,D,0.1000,D,8247,D,-447,D,01,D,506721,T
20234,05273384,22,0,5,01,D,100,D,1,D,0.1000,D,7500,D,-4739,T,01,D,506721,T
20234,05275914,14,0,5,01,D,100,D,2,D,0.1000,D,,A,,A,01,D,141000,D
20234,05276714,16,0,5,01,D,100,D,2,D,0.1000,D,,A,,A,01,D,0,D
20234,05277234,38,0,5,01,D,100,D,2,D,0.1000,D,575,F,375,F,01,D,23000,F
20234,05277804,35,0,5,01,D,100,D,1,D,0.1000,D,3275,D,-623,D,01,D,131000,D
20234,05278164,22,0,5,01,D,100,D,1,D,0.1000,D,350,D,1062,D,01,D,14000,D
20234,05278314,16,0,5,01,D,100,D,2,D,0.1000,D,,A,,A,01,D,506721,T
20234,05278434,18,0,5,01,D,100,D,1,D,0.1000,D,1875,D,75,D,01,D,75000,D
20234,05279034,32,0,5,01,D,100,D,2,D,0.1000,D,,A,,A,01,D,0,D
20234,05279054,32,0,5,01,D,100,D,2,D,0.1000,D,,A,,A,01,D,0,D
20234,05279404,35,0,5,01,D,100,D,1,D,0.1000,D,1300,D,1100,D,01,D,52000,D
20234,05279914,25,0,5,01,D,100,D,1,D,0.1000,D,55,D,2145,D,01,D,2200,D
20234,05280114,36,0,5,01,D,100,D,1,D,0.1000,D,1600,F,37778,V,01,D,64000,F
20234,05280264,31,0,5,01,D,100,D,1,D,0.1000,D,2250,D,-1433,D,01,D,90000,D
20234,05280714,40,0,5,01,D,100,D,1,D,0.1000,D,4192,D,5472,D,01,D,167699,D
20234,05281704,16,0,5,01,D,100,D,2,D,0.1000,D,,A,,A,01,D,100000,D
20234,05281984,18,0,5,01,D,100,D,1,D,0.1000,D,390,D,210,D,01,D,15600,D
20234,05283924,31,0,5,01,D,100,D,1,D,0.1000,D,375,D,525,D,01,D,15000,D
20234,05284084,30,0,5,01,D,100,D,1,D,0.1000,D,300,D,700,D,01,D,12000,D
20234,05284224,28,0,5,01,D,100,D,1,D,0.1000,D,375,D,225,D,01,D,15000,D
20234,05285494,36,0,5,01,D,100,D,1,D,0.1000,D,1925,D,475,D,01,D,77000,D
20234,05285544,19,0,5,01,D,100,D,1,D,0.1000,D,995,D,-296,D,01,D,39798,D
20234,05286633,46,0,5,01,D,100,D,2,D,0.1000,D,,A,,A,01,D,0,D
20234,05287443,42,0,1,01,D,100,D,1,D,0.1000,D,1588,F,8912,F,01,D,63500,F
20234,05287833,20,0,5,01,D,100,D,1,D,0.1000,D,8247,F,-447,F,01,D,506721,V
20234,05289113,19,0,5,01,D,100,D,2,D,0.1000,D,,A,,A,01,D,120000,D
20234,05289693,19,0,5,01,D,100,D,1,D,0.1000,D,1600,D,37778,T,01,D,64000,D
20234,05290423,18,0,5,01,D,100,D,2,D,0.1000,D,,A,,A,01,D,100000,D
20234,05291003,19,0,5,01,D,100,D,1,D,0.1000,D,300,D,1200,D,01,D,12000,D
20234,05291743,36,0,5,01,D,100,D,1,D,0.1000,D,918,D,-18,D,01,D,36700,D
20234,05293013,46,0,5,01,D,100,D,1,D,0.1000,D,708,D,-408,D,01,D,28339,D
20234,05293523,17,0,5,01,D,100,D,1,D,0.1000,D,55,F,2145,F,01,D,2200,F
20234,05294083,25,0,5,01,D,100,D,1,D,0.1000,D,4600,D,-58,D,01,D,184000,D
20234,05295623,30,0,5,01,D,100,D,1,D,0.1000,D,850,D,850,D,01,D,34000,D
20234,05296893,44,0,5,01,D,100,D,1,D,0.1000,D,484,D,1016,D,01,D,19342,D
20234,05297603,18,0,5,01,D,100,D,1,D,0.1000,D,1325,D,745,D,01,D,53000,D
20234,05344793,22,0,5,01,D,100,D,2,D,0.1000,D,2914,F,37778,V,01,D,116569,F
20234,05345633,30,0,5,01,D,100,D,2,D,0.1000,D,708,F,-408,F,01,D,28339,F
20234,05346403,38,0,5,01,D,100,D,2,D,0.1000,D,,A,,A,01,D,0,D
20234,05346453,21,0,5,01,D,100,D,1,D,0.1000,D,500,D,-213,D,01,D,20000,D
20234,05347923,27,0,5,01,D,100,D,2,D,0.1000,D,,A,,A,01,D,0,D
20234,05348003,19,0,5,01,D,100,D,1,D,0.1000,D,1643,D,3055,D,01,D,65723,D
20234,05348143,30,0,5,01,D,100,D,1,D,0.1000,D,4192,F,5472,F,01,D,167699,F
20234,05348543,31,0,5,01,D,100,D,2,D,0.1000,D,,A,,A,01,D,186306,D
20234,05349783,21,0,5,01,D,100,D,1,D,0.1000,D,1175,D,379,D,01,D,47000,D
20234,05350293,20,0,5,01,D,100,D,1,D,0.1000,D,858,D,990,D,01,D,34321,D
20234,05350293,21,0,5,01,D,100,D,1,D,0.1000,D,461,D,43,D,02,D,18427,D
20234,05353433,17,0,5,01,D,100,D,2,D,0.1000,D,,A,,A,01,D,18186,D
20234,05353723,28,0,5,01,D,100,D,1,D,0.1000,D,713,F,2287,F,01,D,28500,F
20234,05355023,11,0,5,01,D,100,D,2,D,0.1000,D,390,F,210,F,01,D,15600,F
20234,05357333,26,0,5,01,D,100,D,1,D,0.1000,D,775,D,50,D,01,D,31000,D
20234,05358133,37,0,5,01,D,100,D,1,D,0.1000,D,988,D,10,D,01,D,39500,D
20234,05358593,30,0,5,01,D,100,D,1,D,0.1000,D,713,D,2287,D,01,D,28500,D
20234,05358663,47,0,5,01,D,100,D,1,D,0.1000,D,12,F,738,F,01,D,460,F
20234,05358913,34,0,5,01,D,100,D,1,D,0.1000,D,3750,D,-1761,D,01,D,150000,D
20234,05359313,31,0,5,01,D,100,D,1,D,0.1000,D,1325,D,-95,D,01,D,53000,D
20234,05361043,59,0,5,01,D,100,D,1,D,0.1000,D,1588,D,8912,D,01,D,63500,D
20234,05363183,57,0,5,01,D,100,D,1,D,0.1000,D,2914,D,37778,T,01,D,116569,D
20234,05365103,39,0,1,01,D,100,D,1,D,0.1000,D,1775,D,85,D,01,D,71000,D
20234,05366783,18,0,5,01,D,100,D,1,D,0.1000,D,2450,D,184,D,01,D,98000,D
20234,05413032,27,0,5,01,D,100,D,2,D,0.1000,D,,A,,A,01,D,10000,D
20234,05413282,26,0,5,01,D,100,D,1,D,0.1000,D,125,D,75,D,01,D,5000,D
20234,05413312,24,0,5,01,D,100,D,1,D,0.1000,D,700,D,281,D,01,D,28000,D
20234,05413642,25,0,5,01,D,100,D,1,D,0.1000,D,125,D,325,D,01,D,5000,D
20234,05414792,18,0,5,01,D,100,D,2,D,0.1000,D,,A,,A,01,D,0,D
20234,05415032,39,0,5,01,D,100,D,2,D,0.1000,D,,A,,A,01,D,21500,D
20234,05415702,17,0,5,01,D,100,D,1,D,0.1000,D,2650,D,-550,D,01,D,106000,D
20234,05416222,42,0,5,01,D,100,D,1,D,0.1000,D,700,D,50,D,01,D,28000,D
20234,05417662,44,0,5,01,D,100,D,1,D,0.1000,D,7825,D,2379,D,01,D,506721,T
20234,05420762,48,0,5,01,D,100,D,2,D,0.1000,D,,A,,A,01,D,0,D
20234,05421662,16,0,5,01,D,100,D,2,D,0.1000,D,,A,,A,01,D,39000,D
20234,05421772,46,0,1,01,D,100,D,1,D,0.1000,D,3600,D,900,D,01,D,144000,D
20234,05422392,19,0,1,01,D,100,D,2,D,0.1000,D,,A,,A,01,D,0,D
20234,05423772,21,0,5,01,D,100,D,1,D,0.1000,D,579,D,230,D,01,D,23171,D
20234,05424032,53,0,5,01,D,100,D,2,D,0.1000,D,,A,,A,01,D,0,D
20234,05425402,31,0,5,01,D,100,D,2,D,0.1000,D,,A,,A,01,D,13406,D
20234,05426002,31,0,5,01,D,100,D,1,D,0.1000,D,0,D,0,D,01,D,0,D
20234,05426152,31,0,5,01,D,100,D,1,D,0.1000,D,1700,D,355,D,01,D,68000,D
20234,05427802,41,0,5,01,D,100,D,1,D,0.1000,D,1750,D,-850,D,01,D,70000,D
20234,05428792,32,0,5,01,D,100,D,1,D,0.1000,D,12,D,738,D,01,D,460,D
20234,05428802,38,0,5,01,D,100,D,1,D,0.1000,D,249,D,-49,D,01,D,9950,D
20234,05428942,35,0,5,01,D,100,D,1,D,0.1000,D,23,F,82,F,01,D,925,F
20234,05429302,20,0,5,01,D,100,D,2,D,0.1000,D,,A,,A,01,D,505,D
20234,05430122,22,0,5,01,D,100,D,1,D,0.1000,D,2133,D,-1095,D,01,D,85335,D
20234,05430702,33,0,5,01,D,100,D,1,D,0.1000,D,2125,D,3875,D,01,D,85000,D
20234,05432982,27,0,5,01,D,100,D,1,D,0.1000,D,158,D,442,D,01,D,6300,D
20234,05433372,25,0,5,01,D,100,D,1,D,0.1000,D,1954,D,401,D,01,D,78143,D
20234,05433722,46,0,5,01,D,100,D,1,D,0.1000,D,2000,D,-1,D,01,D,80000,D
20234,05434472,21,0,5,01,D,100,D,1,D,0.1000,D,75,D,2925,D,01,D,3000,D
20234,05434742,48,0,5,01,D,100,D,1,D,0.1000,D,708,D,792,D,01,D,28300,D
20234,05435132,24,0,5,01,D,100,D,1,D,0.1000,D,2000,D,-200,D,01,D,80000,D
20234,05436132,43,0,5,01,D,100,D,2,D,0.1000,D,,A,,A,01,D,0,D
20234,05436742,38,0,5,01,D,100,D,2,D,0.1000,D,,A,,A,01,D,0,D
20234,05438172,16,0,1,01,D,100,D,1,D,0.1000,D,2000,F,-1,F,01,D,80000,F
20234,05438802,19,0,1,01,D,100,D,1,D,0.1000,D,850,D,710,D,01,D,34000,D
20234,05439692,28,0,1,01,D,100,D,1,D,0.1000,D,700,F,50,F,01,D,28000,F
20234,05439942,21,0,5,01,D,100,D,1,D,0.1000,D,2475,D,525,D,01,D,99000,D
20234,05441562,15,0,1,01,D,100,D,1,D,0.1000,D,3075,D,-375,D,01,D,123000,D
20234,05442162,34,0,5,01,D,100,D,1,D,0.1000,D,1156,D,-136,D,01,D,46220,D
20234,05442242,17,0,5,01,D,100,D,1,D,0.1000,D,323,D,217,D,01,D,12900,D
20234,05443422,13,0,1,01,D,100,D,1,D,0.1000,D,95,D,3705,D,01,D,3800,D
20234,05444072,31,0,5,01,D,100,D,1,D,0.1000,D,95,F,3705,F,01,D,3800,F
20234,05445062,19,0,1,01,D,100,D,1,D,0.1000,D,375,F,525,F,01,D,15000,F
20234,05445532,16,0,5,01,D,100,D,2,D,0.1000,D,,A,,A,01,D,0,D
20234,05446012,20,0,5,01,D,100,D,2,D,0.1000,D,,A,,A,01,D,0,D
20234,05538931,16,0,1,01,D,100,D,1,D,0.1000,D,88,D,1312,D,01,D,3500,D
20234,05540551,16,0,1,01,D,100,D,2,D,0.1000,D,,A,,A,01,D,0,D
20234,05541442,28,0,1,02,D,200,D,1,D,0.1000,D,0,D,0,D,01,D,0,D
20234,05541531,20,0,1,01,D,100,D,1,D,0.1000,D,1432,D,377,D,01,D,57292,D
20234,05543131,21,0,1,01,D,100,D,1,D,0.1000,D,550,D,-50,D,01,D,22000,D
20234,05543741,17,0,1,01,D,100,D,1,D,0.1000,D,1125,D,606,D,01,D,45000,D
20234,05543761,24,0,1,01,D,100,D,2,D,0.1000,D,,A,,A,01,D,100000,D
20234,05545341,16,0,1,01,D,100,D,2,D,0.1000,D,,A,,A,01,D,150000,D
20234,05545381,14,0,1,01,D,100,D,2,D,0.1000,D,,A,,A,01,D,0,D
20234,05545801,35,0,1,01,D,100,D,1,D,0.1000,D,1425,D,354,D,01,D,57000,D
20234,05546151,15,0,1,01,D,100,D,1,D,0.1000,D,1750,D,1250,D,01,D,70000,D
20234,05547311,17,0,1,01,D,100,D,2,D,0.1000,D,,A,,A,01,D,0,D
20234,05547401,33,0,1,01,D,100,D,1,D,0.1000,D,100,D,1700,D,01,D,4000,D
20234,05548681,9,0,1,01,D,100,D,1,D,0.1000,D,579,F,230,F,01,D,23171,F
20234,05549361,15,0,1,01,D,100,D,1,D,0.1000,D,1175,D,325,D,01,D,46995,D
20234,05550851,25,0,1,01,D,100,D,1,D,0.1000,D,713,D,1887,D,01,D,28500,D
20234,05551101,13,0,1,01,D,100,D,2,D,0.1000,D,,A,,A,01,D,29500,D
20234,05551561,19,0,1,01,D,100,D,1,D,0.1000,D,2125,D,-125,D,01,D,85000,D
20234,05551571,25,0,1,01,D,100,D,1,D,0.1000,D,850,F,710,F,01,D,34000,F
20234,05553761,35,0,1,01,D,100,D,1,D,0.1000,D,400,D,-100,D,01,D,16000,D
20234,05555651,18,0,1,01,D,100,D,1,D,0.1000,D,175,D,-124,D,01,D,7000,D
20234,05556691,14,0,1,01,D,100,D,2,D,0.1000,D,300,F,1200,F,01,D,12000,F
20234,05557701,16,0,1,01,D,100,D,1,D,0.1000,D,575,D,375,D,01,D,23000,D
20234,05559391,19,0,1,01,D,100,D,1,D,0.1000,D,0,D,0,D,01,D,0,D
20234,05560671,18,0,1,01,D,100,D,1,D,0.1000,D,650,D,202,D,01,D,26000,D
20234,05560801,9,0,1,01,D,100,D,2,D,0.1000,D,,A,,A,01,D,0,D
20234,05561441,17,0,1,01,D,100,D,1,D,0.1000,D,75,D,1725,D,01,D,3000,D
20234,05563991,36,0,1,01,D,100,D,1,D,0.1000,D,1250,D,1750,D,01,D,50000,D
20234,05564351,15,0,1,01,D,100,D,1,D,0.1000,D,2375,D,1375,D,01,D,95000,D
20234,05565221,17,0,1,01,D,100,D,1,D,0.1000,D,100,D,800,D,01,D,4000,D
20234,05568071,22,0,1,01,D,100,D,1,D,0.1000,D,275,D,175,D,01,D,11000,D
20234,05568211,26,0,1,01,D,100,D,1,D,0.1000,D,75,D,1425,D,01,D,3000,D
20234,05568611,10,0,1,01,D,100,D,1,D,0.1000,D,875,D,235,D,01,D,35000,D
20234,05570541,17,0,1,01,D,100,D,1,D,0.1000,D,150,D,1350,D,01,D,6000,D
20234,05571541,47,0,1,01,D,100,D,1,D,0.1000,D,1500,D,-300,D,01,D,60000,D
20234,05572021,40,0,1,01,D,100,D,2,D,0.1000,D,400,F,-100,F,01,D,16000,F
20234,05573311,15,0,1,01,D,100,D,1,D,0.1000,D,1375,D,875,D,01,D,55000,D
20234,05573471,28,0,1,01,D,100,D,1,D,0.1000,D,5375,D,2825,D,01,D,215000,D
20241,05286634,56,0,5,01,D,100,D,2,D,0.1000,D,,A,,A,01,D,0,D
20241,05287834,25,0,5,01,D,100,D,1,D,0.1000,D,1726,F,3185,F,01,D,69037,F
20241,05289114,23,0,5,01,D,100,D,1,D,0.1000,D,2225,D,175,D,01,D,89000,D
20241,05289694,17,0,5,01,D,100,D,1,D,0.1000,D,2750,D,37778,T,01,D,110000,D
20241,05290424,25,0,5,01,D,100,D,1,D,0.1000,D,25000,D,-4739,T,01,D,506721,T
20241,05291004,22,0,5,01,D,100,D,1,D,0.1000,D,43,D,1157,D,01,D,1700,D
20241,05293014,40,0,5,01,D,100,D,1,D,0.1000,D,700,D,-100,D,01,D,28000,D
20241,05293524,17,0,5,01,D,100,D,1,D,0.1000,D,1159,F,341,F,01,D,46379,F
20241,05294084,26,0,5,01,D,100,D,1,D,0.1000,D,4924,D,-170,D,01,D,196959,D
20241,05295624,25,0,5,01,D,100,D,1,D,0.1000,D,181,D,1874,D,01,D,7250,D
20241,05296894,55,0,5,01,D,100,D,1,D,0.1000,D,652,D,1698,D,01,D,26099,D
20241,05297604,19,0,5,01,D,100,D,2,D,0.1000,D,,A,,A,01,D,52000,D
20241,05344794,26,0,5,01,D,100,D,2,D,0.1000,D,1325,F,145,F,01,D,53000,F
20241,05345634,31,0,5,01,D,100,D,2,D,0.1000,D,954,F,25,F,01,D,38176,F
20241,05346404,36,0,5,01,D,100,D,2,D,0.1000,D,,A,,A,01,D,0,D
20241,05346454,27,0,5,01,D,100,D,1,D,0.1000,D,700,D,500,D,01,D,28000,D
20241,05348004,20,0,5,01,D,100,D,2,D,0.1000,D,,A,,A,01,D,64018,D
20241,05348334,53,0,5,01,D,100,D,2,D,0.1000,D,,A,,A,01,D,0,D
20241,05348544,54,0,5,01,D,100,D,2,D,0.1000,D,41,F,1459,F,01,D,1632,F
20241,05348974,31,0,5,01,D,100,D,1,D,0.1000,D,68,D,632,D,01,D,2700,D
20241,05349784,32,0,5,01,D,100,D,1,D,0.1000,D,2225,F,175,F,01,D,89000,F
20241,05349864,21,0,5,01,D,100,D,1,D,0.1000,D,598,D,902,D,01,D,23905,D
20241,05350294,20,0,5,01,D,100,D,1,D,0.1000,D,453,D,51,D,01,D,18126,D
20241,05350294,21,0,5,01,D,100,D,1,D,0.1000,D,803,D,1045,D,02,D,32122,D
20241,05353434,16,0,5,01,D,100,D,1,D,0.1000,D,588,D,312,D,01,D,23500,D
20241,05353724,28,0,5,01,D,100,D,1,D,0.1000,D,613,D,962,D,01,D,24500,D
20241,05355024,18,0,5,01,D,100,D,1,D,0.1000,D,200,D,37778,T,01,D,8000,D
20241,05357334,19,0,5,01,D,100,D,2,D,0.1000,D,,A,,A,01,D,8000,D
20241,05358134,36,0,5,01,D,100,D,1,D,0.1000,D,954,D,25,D,01,D,38176,D
20241,05358594,33,0,5,01,D,100,D,1,D,0.1000,D,38,D,37778,T,01,D,1500,D
20241,05358664,39,0,5,01,D,100,D,1,D,0.1000,D,375,F,225,F,01,D,15000,F
20241,05358914,29,0,5,01,D,100,D,1,D,0.1000,D,3725,D,-1742,D,01,D,149000,D
20241,05359314,29,0,5,01,D,100,D,1,D,0.1000,D,1325,D,145,D,01,D,53000,D
20241,05361044,59,0,5,01,D,100,D,1,D,0.1000,D,1721,D,8779,D,01,D,68831,D
20241,05365104,33,0,5,01,D,100,D,1,D,0.1000,D,1900,D,-1000,D,01,D,76000,D
20241,05366784,18,0,5,01,D,100,D,1,D,0.1000,D,0,F,0,F,01,D,0,F
20241,05413033,28,0,5,01,D,100,D,1,D,0.1000,D,509,D,37778,T,01,D,20350,D
20241,05413283,27,0,5,01,D,100,D,1,D,0.1000,D,188,D,112,D,01,D,7500,D
20241,05413313,23,0,5,01,D,100,D,1,D,0.1000,D,675,D,225,D,01,D,27000,D
20241,05413453,37,0,5,01,D,100,D,2,D,0.1000,D,,A,,A,01,D,0,D
20241,05415033,44,0,5,01,D,100,D,1,D,0.1000,D,525,D,1875,D,01,D,21000,D
20241,05416223,61,0,5,01,D,100,D,1,D,0.1000,D,750,D,0,D,01,D,30000,D
20241,05417663,44,0,5,01,D,100,D,1,D,0.1000,D,4750,D,37778,T,01,D,190000,D
20241,05420763,51,0,5,01,D,100,D,1,D,0.1000,D,1000,D,197,D,01,D,40000,D
20241,05421323,33,0,5,01,D,100,D,1,D,0.1000,D,0,D,0,D,01,D,0,D
20241,05421773,29,0,5,01,D,100,D,2,D,0.1000,D,,A,,A,01,D,130000,D
20241,05422393,26,0,5,01,D,100,D,2,D,0.1000,D,,A,,A,01,D,0,D
20241,05423773,20,0,5,01,D,100,D,2,D,0.1000,D,,A,,A,01,D,22000,D
20241,05424033,56,0,5,01,D,100,D,2,D,0.1000,D,,A,,A,01,D,0,D
20241,05425403,30,0,5,01,D,100,D,1,D,0.1000,D,340,D,2716,D,01,D,13606,D
20241,05426003,33,0,5,01,D,100,D,2,D,0.1000,D,,A,,A,01,D,28000,D
20241,05426153,24,0,5,01,D,100,D,1,D,0.1000,D,1550,D,-50,D,01,D,62000,D
20241,05428653,29,0,5,01,D,100,D,1,D,0.1000,D,5375,D,-488,D,01,D,215000,D
20241,05428803,39,0,5,01,D,100,D,1,D,0.1000,D,250,D,37778,T,01,D,10000,D
20241,05428943,24,0,5,01,D,100,D,1,D,0.1000,D,400,D,150,D,01,D,16000,D
20241,05429303,21,0,5,01,D,100,D,2,D,0.1000,D,,A,,A,01,D,0,D
20241,05430123,26,0,5,01,D,100,D,1,D,0.1000,D,2200,D,-108,D,01,D,88000,D
20241,05430703,44,0,5,01,D,100,D,1,D,0.1000,D,2500,D,2000,D,01,D,100000,D
20241,05432983,14,0,5,01,D,100,D,1,D,0.1000,D,200,D,400,D,01,D,8000,D
20241,05433373,30,0,5,01,D,100,D,2,D,0.1000,D,,A,,A,01,D,77263,D
20241,05433723,52,0,5,01,D,100,D,1,D,0.1000,D,2000,D,-1799,D,01,D,80000,D
20241,05434473,32,0,5,01,D,100,D,1,D,0.1000,D,30,D,1169,D,01,D,1199,D
20241,05434743,61,0,5,01,D,100,D,1,D,0.1000,D,550,D,5000,D,01,D,22000,D
20241,05435133,32,0,5,01,D,100,D,2,D,0.1000,D,,A,,A,01,D,79000,D
20241,05436063,19,0,5,01,D,100,D,2,D,0.1000,D,,A,,A,01,D,0,D
20241,05436133,33,0,5,01,D,100,D,2,D,0.1000,D,,A,,A,01,D,0,D
20241,05438803,23,0,5,01,D,100,D,1,D,0.1000,D,1400,D,700,D,01,D,56000,D
20241,05439693,50,0,5,01,D,100,D,1,D,0.1000,D,668,D,732,D,01,D,26731,D
20241,05439943,19,0,5,01,D,100,D,1,D,0.1000,D,2425,D,-425,D,01,D,97000,D
20241,05440253,37,0,1,01,D,100,D,1,D,0.1000,D,675,D,375,D,01,D,27000,D
20241,05442163,32,0,5,01,D,100,D,1,D,0.1000,D,2750,F,37778,V,01,D,110000,F
20241,05442243,22,0,5,01,D,100,D,1,D,0.1000,D,323,D,163,D,01,D,12900,D
20241,05443343,28,0,5,01,D,100,D,1,D,0.1000,D,1000,D,-500,D,01,D,40000,D
20241,05443833,20,0,5,01,D,100,D,1,D,0.1000,D,304,D,4276,D,01,D,12150,D
20241,05444003,20,0,5,01,D,100,D,2,D,0.1000,D,,A,,A,01,D,0,D
20241,05444073,29,0,5,01,D,100,D,1,D,0.1000,D,1000,D,140,D,01,D,40000,D
20241,05444303,14,0,1,01,D,100,D,1,D,0.1000,D,100,D,140,D,01,D,4000,D
20241,05445533,15,0,5,01,D,100,D,2,D,0.1000,D,,A,,A,01,D,0,D
20241,05446013,25,0,5,01,D,100,D,1,D,0.1000,D,1250,F,550,F,01,D,50000,F
20241,05538932,20,0,5,01,D,100,D,1,D,0.1000,D,75,D,825,D,01,D,3000,D
20241,05539772,14,0,1,01,D,100,D,1,D,0.1000,D,420,D,255,D,01,D,16800,D
20241,05540212,9,0,1,01,D,100,D,2,D,0.1000,D,,A,,A,01,D,506721,T
20241,05540552,21,0,5,01,D,100,D,2,D,0.1000,D,,A,,A,01,D,10000,D
20241,05541532,29,0,5,01,D,100,D,1,D,0.1000,D,1475,D,337,D,01,D,59000,D
20241,05545342,26,0,5,01,D,100,D,2,D,0.1000,D,,A,,A,01,D,0,D
20241,05545382,20,0,5,01,D,100,D,2,D,0.1000,D,,A,,A,01,D,0,D
20241,05545802,34,0,5,01,D,100,D,1,D,0.1000,D,2375,F,1525,F,01,D,95000,F
20241,05547312,35,0,5,01,D,100,D,2,D,0.1000,D,,A,,A,01,D,0,D
20241,05547402,26,0,5,01,D,100,D,1,D,0.1000,D,50,D,550,D,01,D,2000,D
20241,05547502,17,0,5,01,D,100,D,1,D,0.1000,D,725,D,325,D,01,D,29000,D
20241,05548302,15,0,1,01,D,100,D,1,D,0.1000,D,675,F,375,F,01,D,27000,F
20241,05548682,13,0,5,01,D,100,D,1,D,0.1000,D,200,F,37778,V,01,D,8000,F
20241,05549362,31,0,5,01,D,100,D,1,D,0.1000,D,1159,D,341,D,01,D,46379,D
20241,05549822,33,0,1,01,D,100,D,1,D,0.1000,D,550,D,140,D,01,D,22000,D
20241,05551562,28,0,5,01,D,100,D,1,D,0.1000,D,4175,F,-434,F,01,D,167000,F
20241,05551572,28,0,5,01,D,100,D,1,D,0.1000,D,2411,D,-185,D,01,D,96428,D
20241,05551602,17,0,1,01,D,100,D,1,D,0.1000,D,475,D,1425,D,01,D,19000,D
20241,05552772,13,0,5,01,D,100,D,2,D,0.1000,D,,A,,A,01,D,0,D
20241,05553762,36,0,5,01,D,100,D,1,D,0.1000,D,1600,F,-100,F,01,D,64000,F
20241,05557702,19,0,5,01,D,100,D,1,D,0.1000,D,552,D,948,D,01,D,22075,D
20241,05558922,21,0,1,01,D,100,D,1,D,0.1000,D,375,D,495,D,01,D,15000,D
20241,05559392,31,0,5,01,D,100,D,2,D,0.1000,D,,A,,A,01,D,0,D
20241,05561442,38,0,5,01,D,100,D,1,D,0.1000,D,50,D,1950,D,01,D,2000,D
20241,05563992,33,0,5,01,D,100,D,2,D,0.1000,D,181,F,1874,F,01,D,7250,F
20241,05564352,14,0,5,01,D,100,D,1,D,0.1000,D,2375,D,1525,D,01,D,95000,D
20241,05565222,20,0,5,01,D,100,D,1,D,0.1000,D,110,D,490,D,01,D,4400,D
20241,05565392,25,0,5,01,D,100,D,2,D,0.1000,D,,A,,A,01,D,0,D
20241,05565862,15,0,1,01,D,100,D,1,D,0.1000,D,420,F,255,F,01,D,16800,F
20241,05566432,23,0,1,01,D,100,D,1,D,0.1000,D,620,D,-20,D,01,D,24800,D
20241,05567332,10,0,1,01,D,100,D,1,D,0.1000,D,500,D,-200,D,01,D,20000,D
20241,05568072,38,0,5,01,D,100,D,1,D,0.1000,D,272,D,178,D,01,D,10860,D
20241,05568212,43,0,5,01,D,100,D,1,D,0.1000,D,41,D,1459,D,01,D,1632,D
20241,05568612,17,0,5,01,D,100,D,2,D,0.1000,D,925,F,-25,F,01,D,37000,F
20241,05571542,65,0,5,01,D,100,D,1,D,0.1000,D,1700,D,-275,D,01,D,68000,D
20241,05572022,63,0,5,01,D,100,D,2,D,0.1000,D,,A,,A,01,D,0,D
20241,05573244,36,0,5,01,D,100,D,2,D,0.1000,D,,A,,A,01,D,0,D
20241,05573472,30,0,5,01,D,100,D,1,D,0.1000,D,5253,D,3147,D,01,D,210100,D
20241,05573831,12,0,1,01,D,100,D,1,D,0.1000,D,1600,D,-100,D,01,D,64000,D
20241,05574481,23,0,1,01,D,100,D,1,D,0.1000,D,925,D,-25,D,01,D,37000,D
20241,05575811,26,0,1,01,D,100,D,2,D,0.1000,D,,A,,A,01,D,0,D
20241,05576411,14,0,1,01,D,100,D,2,D,0.1000,D,,A,,A,01,D,7000,D
20241,05577721,19,0,1,01,D,100,D,2,D,0.1000,D,,A,,A,01,D,0,D
20241,05578081,16,0,1,01,D,100,D,1,D,0.1000,D,2450,F,2050,F,01,D,98000,F
20241,05578181,29,0,1,01,D,100,D,1,D,0.1000,D,5500,D,200,D,01,D,220000,D
20241,05578981,15,0,1,01,D,100,D,1,D,0.1000,D,253,D,77,D,01,D,10135,D
20241,05579061,21,0,1,01,D,100,D,1,D,0.1000,D,3725,D,-4739,T,01,D,149000,D
20241,05581551,25,0,1,01,D,100,D,1,D,0.1000,D,2500,F,500,F,01,D,100000,F
20241,05582421,12,0,1,01,D,100,D,2,D,0.1000,D,,A,,A,01,D,0,D
20241,05582491,34,0,1,01,D,100,D,1,D,0.1000,D,2500,D,500,D,01,D,100000,D
20241,05584441,13,0,1,01,D,100,D,1,D,0.1000,D,1400,F,700,F,01,D,56000,F
20241,05584711,15,0,1,01,D,100,D,1,D,0.1000,D,2500,D,-142,D,01,D,100000,D
20241,05584721,16,0,1,01,D,100,D,1,D,0.1000,D,400,D,200,D,01,D,16000,D
20241,05585311,10,0,1,01,D,100,D,1,D,0.1000,D,4750,F,37778,V,01,D,190000,F
20241,05587041,21,0,1,01,D,100,D,1,D,0.1000,D,1275,D,2325,D,01,D,51000,D
20241,05587451,32,0,1,01,D,100,D,1,D,0.1000,D,53,D,947,D,01,D,2100,D
20241,05588181,16,0,1,01,D,100,D,1,D,0.1000,D,3150,D,-855,D,01,D,126000,D
20241,05588571,28,0,1,01,D,100,D,1,D,0.1000,D,3500,D,700,D,01,D,140000,D
20241,05589151,19,0,1,01,D,100,D,1,D,0.1000,D,4175,D,-434,D,01,D,167000,D
20241,05589561,21,0,1,01,D,100,D,1,D,0.1000,D,1726,D,3185,D,01,D,69037,D
20241,05589951,29,0,1,01,D,100,D,2,D,0.1000,D,,A,,A,01,D,0,D
20241,05592941,19,0,1,01,D,100,D,1,D,0.1000,D,2250,D,750,D,01,D,90000,D
20241,05593081,15,0,1,01,D,100,D,1,D,0.1000,D,1250,D,550,D,01,D,50000,D
20241,05593491,27,0,1,01,D,100,D,1,D,0.1000,D,2450,D,2050,D,01,D,98000,D
20241,05593651,28,0,1,01,D,100,D,1,D,0.1000,D,550,F,140,F,01,D,22000,F
20241,05597211,23,0,1,01,D,100,D,1,D,0.1000,D,750,D,-150,D,01,D,30000,D
20241,05597551,15,0,1,01,D,100,D,2,D,0.1000,D,,A,,A,01,D,0,D
20241,05598121,19,0,1,01,D,100,D,2,D,0.1000,D,,A,,A,01,D,0,D
20241,05598201,23,0,1,01,D,100,D,1,D,0.1000,D,9525,D,1065,D,01,D,506721,T
20241,05598251,16,0,1,01,D,100,D,1,D,0.1000,D,3750,D,-150,D,01,D,150000,D
20241,05599231,26,0,1,01,D,100,D,1,D,0.1000,D,590,D,760,D,01,D,23600,D
20241,05600301,16,0,1,01,D,100,D,2,D,0.1000,D,,A,,A,01,D,0,D
20241,05601551,23,0,1,01,D,100,D,2,D,0.1000,D,,A,,A,01,D,0,D
20241,05602511,13,0,1,01,D,100,D,2,D,0.1000,D,,A,,A,01,D,0,D
20241,05604871,24,0,1,01,D,100,D,1,D,0.1000,D,230,D,6970,D,01,D,9200,D
20241,05604901,16,0,1,01,D,100,D,2,D,0.1000,D,,A,,A,01,D,0,D
20241,05605041,16,0,1,01,D,100,D,1,D,0.1000,D,375,D,225,D,01,D,15000,D
