QYEAR,NEWID,SEQNO,ALCNO,REC_ORIG,VEHICYC,VEHICYC_,VEHDISP,VEHDISP_,VDISPMO,VDISPMO_,SALEX,SALEX_,REIMBURX,REIM_URX,EXREIMBX,EXRE_MBX,LOANSTAT,LOAN_TAT,FINPAYMX,FINP_YMX,VEHICIC,VEHICIC_
20232,05090694,21,0,2,100,D,1,D,01,D,600,D,,A,,A,2,D,,A,02,D
20232,05093244,17,0,1,100,D,3,D,03,D,,A,,A,,A,2,D,,A,01,D
20232,05094064,33,0,1,110,D,1,D,02,D,450,D,,A,,A,2,D,,A,04,D
20232,05095034,10,0,1,100,D,1,D,01,D,500,D,,A,,A,2,D,,A,01,D
20232,05095084,17,0,1,100,D,1,D,01,D,11000,D,,A,,A,2,D,,A,01,D
20232,05095354,16,0,1,110,D,6,D,01,D,,A,,A,,A,2,D,,A,01,D
20232,05095744,39,0,1,110,D,4,D,03,D,,A,28000,D,,A,1,D,25000,D,02,D
20232,05095744,40,0,1,100,D,4,D,01,D,,A,9500,D,,A,1,D,6000,D,05,D
20232,05096804,24,0,1,110,D,4,D,01,D,,A,500,D,,A,2,D,,A,04,D
20232,05097144,16,0,1,110,D,6,D,03,D,,A,,A,,A,2,D,,A,01,D
20232,05097424,26,0,1,110,D,1,D,02,D,17500,F,,A,,A,1,D,5000,F,03,D
20232,05098314,27,0,1,100,D,1,D,02,D,11900,D,,A,,A,2,D,,A,01,D
20232,05100414,30,0,1,100,D,6,D,01,D,,A,,A,,A,2,D,,A,01,D
20232,05100494,26,0,1,110,D,1,D,02,D,7000,D,,A,,A,2,D,,A,01,D
20232,05101224,33,0,1,110,D,2,D,02,D,,A,,A,,A,1,D,765,D,02,D
20232,05103994,26,0,1,110,D,1,D,05,D,15000,D,,A,,A,2,D,,A,01,D
20232,05104354,23,0,1,110,D,6,D,04,D,,A,,A,,A,1,D,,A,02,D
20232,05104564,27,0,1,100,D,6,D,05,D,,A,,A,,A,2,D,,A,01,D
20232,05106304,28,0,1,110,D,2,D,04,D,,A,,A,,A,1,D,9000,D,02,D
20232,05106934,28,0,1,110,D,1,D,05,D,14000,D,,A,,A,2,D,,A,01,D
20232,05107964,33,0,1,100,D,4,D,05,D,,A,29000,D,,A,2,D,,A,03,D
20232,05108264,46,0,1,100,D,3,D,05,D,,A,,A,,A,2,D,,A,02,D
20232,05108264,47,0,1,100,D,2,D,04,D,,A,,A,,A,2,D,,A,03,D
20232,05108834,11,0,1,100,D,1,D,03,D,4500,D,,A,,A,2,D,,A,01,D
20232,05109034,15,0,1,110,D,4,D,03,D,,A,300,D,,A,2,D,,A,01,D
20232,05109274,24,0,1,110,D,1,D,04,D,9000,D,,A,,A,2,D,,A,03,D
20232,05110034,23,0,1,110,D,2,D,03,D,,A,,A,,A,2,D,,A,01,D
20232,05110444,55,0,1,160,D,1,D,05,D,60667,T,,A,,A,1,D,,A,03,D
20232,05110594,35,0,1,100,D,4,D,03,D,,A,1200,D,,A,2,D,,A,07,D
20232,05110674,40,0,1,110,D,6,D,03,D,,A,,A,,A,,C,,A,02,D
20232,05110674,41,0,1,100,D,4,D,04,D,,A,,A,,A,,C,,A,03,D
20232,05111074,44,0,1,100,D,1,D,05,D,10,D,,A,,A,2,D,,A,02,D
20232,05111404,37,0,1,100,D,1,D,03,D,3000,D,,A,,A,2,D,,A,02,D
20232,05111414,23,0,1,110,D,6,D,05,D,,A,,A,,A,2,D,,A,02,D
20232,05111784,13,0,1,100,D,1,D,05,D,600,D,,A,,A,2,D,,A,02,D
20232,05111834,41,0,2,110,D,6,D,03,D,,A,,A,,A,1,D,,A,01,D
20232,05111894,66,0,1,110,D,1,D,05,D,2800,D,,A,,A,2,D,,A,08,D
20232,05112784,34,0,1,100,D,1,D,03,D,1000,D,,A,,A,2,D,,A,06,D
20232,05114164,44,0,1,100,D,4,D,02,D,,A,18000,D,,A,2,D,,A,01,D
20232,05114164,45,0,1,110,D,1,D,02,D,9000,D,,A,,A,2,D,,A,03,D
20232,05114234,23,0,1,100,D,1,D,04,D,19500,D,,A,,A,1,D,18000,D,01,D
20232,05115334,58,0,1,110,D,3,D,03,D,,A,,A,,A,2,D,,A,01,D
20232,05115494,22,0,1,110,D,1,D,03,D,4000,D,,A,,A,2,D,,A,01,D
20232,05115604,36,0,1,200,D,1,D,03,D,23500,D,,A,,A,2,D,,A,03,D
20232,05115614,15,0,1,100,D,4,D,03,D,,A,,A,,A,1,D,,A,02,D
20232,05115844,37,0,1,100,D,2,D,02,D,,A,,A,,A,2,D,,A,01,D
20232,05115844,38,0,1,100,D,4,D,03,D,,A,12000,D,,A,1,D,9000,D,03,D
20232,05115864,17,0,1,100,D,5,D,02,D,,A,,A,,A,1,D,500,F,02,D
20232,05118154,26,0,1,100,D,6,D,04,D,,A,,A,,A,2,D,,A,02,D
20232,05119284,32,0,1,110,D,1,D,03,D,500,D,,A,,A,2,D,,A,02,D
20232,05120704,32,0,1,150,D,1,D,03,D,3800,D,,A,,A,2,D,,A,02,D
20232,05120774,36,0,1,110,D,1,D,03,D,3500,D,,A,,A,2,D,,A,02,D
20232,05121934,18,0,1,110,D,2,D,03,D,,A,,A,,A,2,D,,A,01,D
20232,05121934,19,0,1,110,D,2,D,03,D,,A,,A,,A,2,D,,A,02,D
20232,05123294,57,0,1,110,D,1,D,04,D,15000,D,,A,,A,2,D,,A,03,D
20232,05123594,50,0,1,100,D,2,D,03,D,,A,,A,,A,2,D,,A,02,D
20232,05123854,18,0,1,110,D,4,D,04,D,,A,2400,D,,A,2,D,,A,03,D
20232,05124044,18,0,1,100,D,1,D,04,D,4600,D,,A,,A,2,D,,A,02,D
20232,05124864,35,0,1,180,D,1,D,04,D,8500,D,,A,,A,2,D,,A,04,D
20232,05125054,18,0,1,110,D,6,D,04,D,,A,,A,,A,2,D,,A,01,D
20232,05202853,28,0,1,110,D,2,D,03,D,,A,,A,,A,2,D,,A,02,D
20232,05203703,21,0,1,110,D,3,D,01,D,,A,,A,,A,2,D,,A,01,D
20232,05203703,22,0,1,110,D,3,D,01,D,,A,,A,,A,2,D,,A,02,D
20232,05204243,35,0,1,110,D,2,D,02,D,,A,,A,,A,2,D,,A,02,D
20232,05206743,19,0,1,110,D,2,D,01,D,,A,,A,,A,2,D,,A,02,D
20232,05207183,42,0,1,100,D,2,D,01,D,,A,,A,,A,2,D,,A,01,D
20232,05208293,12,0,1,100,D,2,D,02,D,,A,,A,,A,2,D,,A,01,D
20232,05209603,14,0,1,110,D,4,D,01,D,,A,7000,D,,A,2,D,,A,01,D
20232,05210143,31,0,1,110,D,3,D,03,D,,A,,A,,A,2,D,,A,02,D
20232,05210453,11,0,1,100,D,2,D,01,D,,A,,A,,A,2,D,,A,01,D
20232,05212023,29,0,2,110,D,6,D,01,D,,A,,A,,A,2,D,,A,01,D
20232,05214783,13,0,1,100,D,2,D,04,D,,A,,A,,A,2,D,,A,01,D
20232,05215753,47,0,1,110,D,6,D,03,D,,A,,A,,A,2,D,,A,02,D
20232,05215853,14,0,1,200,D,3,D,04,D,,A,,A,,A,2,D,,A,01,D
20232,05215993,15,0,1,110,D,1,D,03,D,1000,D,,A,,A,2,D,,A,02,D
20232,05216973,21,0,2,120,D,1,D,02,D,20000,F,,A,,A,2,D,,A,03,D
20232,05217403,45,0,1,100,D,4,D,04,D,,A,,A,,A,2,D,,A,03,D
20232,05217913,11,0,1,110,D,1,D,02,D,15000,F,,A,,A,2,D,,A,01,D
20232,05218063,51,0,1,150,D,3,D,04,D,,A,,A,,A,2,D,,A,04,D
20232,05218293,20,0,1,100,D,2,D,02,D,,A,,A,,A,2,D,,A,01,D
20232,05218653,21,0,1,100,D,1,D,04,D,9500,D,,A,,A,2,D,,A,03,D
20232,05218963,27,0,1,110,D,1,D,04,D,5000,D,,A,,A,2,D,,A,01,D
20232,05221103,29,0,1,100,D,2,D,03,D,,A,,A,,A,1,D,7500,D,01,D
20232,05222543,24,0,1,110,D,1,D,03,D,450,F,,A,,A,2,D,,A,01,D
20232,05222683,35,0,1,170,D,3,D,03,D,,A,,A,,A,2,D,,A,04,D
20232,05222763,7,0,1,100,D,6,D,02,D,,A,,A,,A,,C,,A,01,D
20232,05223633,66,0,1,180,D,1,D,02,D,200,D,,A,,A,2,D,,A,05,D
20232,05224133,30,0,1,100,D,4,D,04,D,,A,20000,D,,A,2,D,,A,02,D
20232,05224154,42,0,1,100,D,1,D,04,D,2400,D,,A,,A,2,D,,A,02,D
20232,05226763,17,0,1,100,D,6,D,04,D,,A,,A,,A,2,D,,A,01,D
20232,05227673,26,0,1,100,D,1,D,04,D,1500,D,,A,,A,2,D,,A,02,D
20232,05228663,24,0,1,110,D,2,D,05,D,,A,,A,,A,2,D,,A,01,D
20232,05228723,21,0,1,135,D,1,D,03,D,2000,D,,A,,A,2,D,,A,02,D
20232,05228953,21,0,1,150,D,1,D,04,D,3800,F,,A,,A,2,D,,A,03,D
20232,05228953,22,0,1,160,D,1,D,03,D,4000,F,,A,,A,2,D,,A,04,D
20232,05229453,17,0,1,100,D,6,D,05,D,,A,,A,,A,2,D,,A,01,D
20232,05229453,18,0,1,100,D,6,D,05,D,,A,,A,,A,2,D,,A,02,D
20232,05229583,24,0,1,110,D,1,D,05,D,1500,D,,A,,A,2,D,,A,01,D
20232,05231013,41,0,1,100,D,2,D,03,D,,A,,A,,A,2,D,,A,01,D
20232,05231113,42,0,1,110,D,1,D,03,D,1700,D,,A,,A,2,D,,A,02,D
20232,05231273,52,0,1,110,D,2,D,04,D,,A,,A,,A,2,D,,A,01,D
20232,05231503,44,0,1,110,D,1,D,05,D,3900,D,,A,,A,2,D,,A,03,D
20232,05231573,15,0,1,100,D,6,D,05,D,,A,,A,,A,2,D,,A,01,D
20232,05233073,42,0,1,100,D,4,D,04,D,,A,,A,,A,2,D,,A,03,D
20232,05233423,23,0,2,110,D,3,D,03,D,,A,,A,,A,2,D,,A,01,D
20232,05233723,22,0,1,110,D,1,D,05,D,26000,D,,A,,A,2,D,,A,02,D
20232,05235043,14,0,1,100,D,3,D,03,D,,A,,A,,A,2,D,,A,01,D
20232,05235393,18,0,1,110,D,6,D,03,D,,A,,A,,A,1,D,10000,D,02,D
20232,05236713,18,0,1,110,D,4,D,04,D,,A,7282,D,,A,2,D,,A,01,D
20232,05251952,15,0,1,110,D,6,D,01,D,,A,,A,,A,2,D,,A,01,D
20232,05252112,16,0,1,100,D,1,D,02,D,200,D,,A,,A,2,D,,A,01,D
20232,05252252,16,0,1,100,D,4,D,03,D,,A,11000,D,,A,2,D,,A,02,D
20232,05253142,36,0,1,100,D,4,D,01,D,,A,4500,D,,A,1,D,9000,F,02,D
20232,05253222,16,0,1,110,D,6,D,03,D,,A,,A,,A,1,D,,A,01,D
20232,05254012,34,0,1,100,D,1,D,03,D,24000,D,,A,,A,2,D,,A,02,D
20232,05254202,47,0,1,110,D,1,D,02,D,23500,D,,A,,A,2,D,,A,02,D
20232,05254572,45,0,1,100,D,3,D,02,D,,A,,A,,A,2,D,,A,02,D
20232,05256612,15,0,1,100,D,6,D,01,D,,A,,A,,A,2,D,,A,01,D
20232,05258452,22,0,1,100,D,3,D,02,D,,A,,A,,A,2,D,,A,02,D
20232,05258582,26,0,1,110,D,3,D,02,D,,A,,A,,A,2,D,,A,02,D
20232,05258992,18,0,1,100,D,6,D,03,D,,A,,A,,A,2,D,,A,01,D
20232,05259722,17,0,1,110,D,4,D,01,D,,A,11000,D,,A,2,D,,A,01,D
20232,05259742,27,0,2,100,D,1,D,01,D,12500,D,,A,,A,2,D,,A,02,D
20232,05260282,12,0,2,100,D,2,D,01,D,,A,,A,,A,1,D,500,D,02,D
20232,05260822,33,0,1,110,D,2,D,02,D,,A,,A,,A,2,D,,A,03,D
20232,05261772,49,0,1,100,D,1,D,03,D,500,D,,A,,A,2,D,,A,02,D
20232,05262762,30,0,1,100,D,2,D,02,D,,A,,A,,A,2,D,,A,02,D
20232,05263442,21,0,1,110,D,6,D,04,D,,A,,A,,A,2,D,,A,03,D
20232,05263642,34,0,1,100,D,2,D,04,D,,A,,A,,A,2,D,,A,02,D
20232,05268332,32,0,1,110,D,1,D,03,D,3000,D,,A,,A,2,D,,A,03,D
20232,05269372,43,0,1,100,D,2,D,04,D,,A,,A,,A,2,D,,A,01,D
20232,05269752,20,0,1,100,D,1,D,02,D,250,D,,A,,A,2,D,,A,02,D
20232,05270293,25,0,1,110,D,3,D,03,D,,A,,A,,A,2,D,,A,03,D
20232,05270382,15,0,1,200,D,6,D,02,D,,A,,A,,A,1,D,,A,03,D
20232,05271042,30,0,1,110,D,6,D,03,D,,A,,A,,A,2,D,,A,04,D
20232,05271742,24,0,1,110,D,2,D,04,D,,A,,A,,A,2,D,,A,02,D
20232,05272422,23,0,1,100,D,4,D,03,D,,A,,A,,A,2,D,,A,03,D
20232,05272962,28,0,1,110,D,4,D,03,D,,A,24000,D,,A,2,D,,A,02,D
20232,05273802,15,0,1,110,D,1,D,03,D,5000,F,,A,,A,2,D,,A,01,D
20232,05274462,23,0,1,100,D,1,D,03,D,10,F,,A,,A,,C,,A,01,D
20232,05274462,24,0,1,110,D,1,D,04,D,26000,F,,A,,A,,C,,A,02,D
20232,05274623,21,0,1,100,D,1,D,03,D,875,D,,A,,A,2,D,,A,01,D
20232,05275052,32,0,1,110,D,3,D,03,D,,A,,A,,A,2,D,,A,02,D
20232,05275092,23,0,1,100,D,6,D,03,D,,A,,A,,A,2,D,,A,03,D
20232,05275382,20,0,1,110,D,3,D,03,D,,A,,A,,A,2,D,,A,02,D
20232,05276442,44,0,1,110,D,1,D,05,D,8900,D,,A,,A,2,D,,A,02,D
20232,05276512,12,0,1,110,D,3,D,05,D,,A,,A,,A,2,D,,A,02,D
20232,05276742,23,0,1,110,D,1,D,04,D,900,D,,A,,A,2,D,,A,01,D
20232,05278032,18,0,1,110,D,2,D,04,D,,A,,A,,A,2,D,,A,02,D
20232,05278192,37,0,1,110,D,1,D,04,D,17500,D,,A,,A,1,D,5000,D,02,D
20232,05278192,38,0,1,110,D,1,D,05,D,6500,D,,A,,A,2,D,,A,03,D
20232,05279342,50,0,1,100,D,1,D,03,D,41000,D,,A,,A,2,D,,A,01,D
20232,05279352,41,0,1,110,D,1,D,05,D,5000,D,,A,,A,2,D,,A,12,D
20232,05279352,42,0,1,110,D,1,D,05,D,4000,D,,A,,A,1,D,1800,D,13,D
20232,05280392,56,0,2,110,D,1,D,03,D,18000,D,,A,,A,2,D,,A,06,D
20232,05281172,31,0,1,110,D,6,D,04,D,,A,,A,,A,1,D,,A,03,D
20232,05282902,25,0,1,110,D,1,D,03,D,1800,D,,A,,A,2,D,,A,01,D
20232,05283232,23,0,1,110,D,2,D,05,D,,A,,A,,A,2,D,,A,03,D
20232,05283242,10,0,1,100,D,1,D,04,D,600,D,,A,,A,2,D,,A,01,D
20232,05283402,29,0,1,110,D,3,D,04,D,,A,,A,,A,2,D,,A,01,D
20232,05284192,46,0,1,110,D,1,D,04,D,82000,D,,A,,A,1,D,62000,D,03,D
20232,05285542,29,0,1,200,D,1,D,05,D,5200,D,,A,,A,2,D,,A,03,D
20232,05285732,11,0,1,110,D,3,D,05,D,,A,,A,,A,2,D,,A,01,D
20232,05288424,23,0,1,100,D,1,D,01,D,4000,D,,A,,A,2,D,,A,03,D
20232,05288501,29,0,1,110,D,2,D,03,D,,A,,A,,A,2,D,,A,04,D
20232,05291011,22,0,1,110,D,4,D,02,D,,A,,A,,A,2,D,,A,01,D
20232,05291091,43,0,1,100,D,4,D,01,D,,A,12136,D,,A,1,D,2100,D,02,D
20232,05295561,49,0,1,150,D,3,D,03,D,,A,,A,,A,2,D,,A,05,D
20232,05344081,26,0,1,160,D,1,D,03,D,4000,D,,A,,A,2,D,,A,05,D
20232,05345921,16,0,1,100,D,1,D,02,D,200,D,,A,,A,2,D,,A,03,D
20232,05348681,31,0,1,100,D,1,D,03,D,32000,D,,A,,A,1,D,23000,D,03,D
20232,05349781,28,0,1,100,D,1,D,03,D,10000,D,,A,,A,2,D,,A,04,D
20232,05352131,21,0,1,110,D,4,D,02,D,,A,,A,,A,2,D,,A,03,D
20232,05352891,32,0,1,110,D,2,D,03,D,,A,,A,,A,2,D,,A,06,D
20232,05353551,17,0,1,100,D,1,D,03,D,3000,D,,A,,A,2,D,,A,03,D
20232,05355031,30,0,1,100,D,1,D,04,D,14000,D,,A,,A,2,D,,A,03,D
20232,05359831,28,0,1,100,D,3,D,05,D,,A,,A,,A,2,D,,A,03,D
20232,05360501,35,0,1,110,D,4,D,05,D,,A,7000,F,,A,1,D,,A,14,D
20232,05361311,18,0,1,100,D,6,D,05,D,,A,,A,,A,2,D,,A,03,D
20232,05362133,38,0,1,100,D,1,D,05,D,1200,D,,A,,A,2,D,,A,04,D
20232,05363651,8,0,1,100,D,1,D,05,D,21000,D,,A,,A,1,D,,A,01,D
20232,05363701,20,0,1,100,D,6,D,03,D,,A,,A,,A,1,D,,A,01,D
20232,05363841,15,0,1,100,D,1,D,05,D,1000,D,,A,,A,2,D,,A,02,D
20232,05366581,33,0,1,110,D,1,D,03,D,4500,D,,A,,A,2,D,,A,02,D
20233,05202424,24,0,1,100,D,4,D,04,D,,A,9000,D,,A,1,D,2000,D,01,D
20233,05202734,14,0,1,110,D,2,D,04,D,,A,,A,,A,2,D,,A,01,D
20233,05203054,33,0,1,100,D,1,D,04,D,1800,D,,A,,A,2,D,,A,02,D
20233,05203164,26,0,1,110,D,6,D,05,D,,A,,A,,A,2,D,,A,04,D
20233,05203764,23,0,1,110,D,2,D,06,D,,A,,A,,A,1,D,,A,01,D
20233,05205064,40,0,1,110,D,2,D,05,D,,A,,A,,A,1,D,,A,02,D
20233,05205644,14,0,1,100,D,6,D,05,D,,A,,A,,A,2,D,,A,01,D
20233,05207544,18,0,1,100,D,4,D,05,D,,A,,A,,A,2,D,,A,01,D
20233,05208104,26,0,1,110,D,4,D,06,D,,A,5000,D,,A,2,D,,A,02,D
20233,05210704,48,0,1,200,D,4,D,05,D,,A,21000,D,,A,2,D,,A,09,D
20233,05213064,30,0,1,100,D,4,D,04,D,,A,,A,,A,2,D,,A,01,D
20233,05213324,15,0,1,100,D,6,D,05,D,,A,,A,,A,,C,,A,03,D
20233,05213364,33,0,1,110,D,1,D,06,D,2400,D,,A,,A,2,D,,A,02,D
20233,05213394,44,0,1,110,D,1,D,07,D,2000,D,,A,,A,2,D,,A,03,D
20233,05214124,30,0,1,110,D,2,D,06,D,,A,,A,,A,1,D,,A,02,D
20233,05215364,12,0,1,110,D,1,D,07,D,1000,D,,A,,A,2,D,,A,01,D
20233,05215954,32,0,1,100,D,1,D,07,D,62000,D,,A,,A,2,D,,A,03,D
20233,05216604,34,0,1,110,D,1,D,06,D,2700,D,,A,,A,2,D,,A,01,D
20233,05216894,36,0,2,100,D,6,D,05,D,,A,,A,,A,2,D,,A,01,D
20233,05216994,45,0,1,100,D,3,D,05,D,,A,,A,,A,2,D,,A,03,D
20233,05217464,14,0,1,110,D,2,D,05,D,,A,,A,,A,2,D,,A,02,D
20233,05217954,27,0,1,110,D,4,D,06,D,,A,9990,D,,A,2,D,,A,02,D
20233,05219034,36,0,1,110,D,2,D,06,D,,A,,A,,A,2,D,,A,01,D
20233,05219764,45,0,2,100,D,1,D,05,D,21000,D,,A,,A,2,D,,A,01,D
20233,05220814,17,0,1,110,D,1,D,06,D,3000,D,,A,,A,2,D,,A,03,D
20233,05221254,12,0,1,100,D,6,D,07,D,,A,,A,,A,,C,,A,01,D
20233,05221354,21,0,2,110,D,6,D,05,D,,A,,A,,A,2,D,,A,02,D
20233,05221614,26,0,1,100,D,4,D,06,D,,A,,A,,A,2,D,,A,02,D
20233,05221794,26,0,1,110,D,1,D,07,D,5500,D,,A,,A,2,D,,A,02,D
20233,05222504,35,0,1,110,D,1,D,06,D,15000,D,,A,,A,2,D,,A,03,D
20233,05224234,17,0,1,100,D,3,D,05,D,,A,,A,,A,2,D,,A,02,D
20233,05224424,31,0,1,110,D,1,D,07,D,3000,D,,A,,A,2,D,,A,01,D
20233,05224424,32,0,1,110,D,2,D,07,D,,A,,A,,A,2,D,,A,03,D
20233,05225134,57,0,1,110,D,3,D,06,D,,A,,A,,A,2,D,,A,05,D
20233,05225194,42,0,1,100,D,2,D,06,D,,A,,A,,A,2,D,,A,01,D
20233,05226424,104,0,1,135,D,1,D,08,D,17000,D,,A,,A,2,D,,A,04,D
20233,05226424,105,0,1,170,D,3,D,08,D,,A,,A,,A,2,D,,A,06,D
20233,05226694,44,0,1,110,D,2,D,07,D,,A,,A,,A,1,D,,A,01,D
20233,05228014,19,0,1,100,D,1,D,08,D,1200,D,,A,,A,2,D,,A,01,D
20233,05229084,24,0,1,100,D,3,D,08,D,,A,,A,,A,2,D,,A,01,D
20233,05229194,32,0,2,160,D,1,D,06,D,8500,D,,A,,A,2,D,,A,04,D
20233,05229334,32,0,1,100,D,2,D,08,D,,A,,A,,A,2,D,,A,01,D
20233,05230444,30,0,1,100,D,4,D,07,D,,A,,A,1400,F,1,D,7000,D,03,D
20233,05232014,14,0,1,110,D,1,D,08,D,200,D,,A,,A,2,D,,A,01,D
20233,05232074,15,0,1,110,D,1,D,07,D,260,D,,A,,A,2,D,,A,02,D
20233,05232474,27,0,1,110,D,2,D,08,D,,A,,A,,A,2,D,,A,01,D
20233,05233964,32,0,1,110,D,2,D,07,D,,A,,A,,A,2,D,,A,02,D
20233,05234164,23,0,1,110,D,3,D,08,D,,A,,A,,A,2,D,,A,01,D
20233,05234274,61,0,1,100,D,1,D,07,D,3750,D,,A,,A,2,D,,A,01,D
20233,05234504,18,0,1,100,D,4,D,07,D,,A,,A,1400,D,2,D,,A,02,D
20233,05234564,30,0,2,100,D,4,D,06,D,,A,17000,D,,A,2,D,,A,02,D
20233,05235304,17,0,1,100,D,4,D,07,D,,A,8000,D,,A,2,D,,A,01,D
20233,05236744,25,0,1,110,D,6,D,06,D,,A,,A,,A,2,D,,A,02,D
20233,05251983,55,0,1,110,D,1,D,05,D,12000,D,,A,,A,2,D,,A,02,D
20233,05251983,56,0,1,100,D,6,D,05,D,,A,,A,,A,,C,,A,04,D
20233,05252053,29,0,1,110,D,1,D,06,D,2500,D,,A,,A,2,D,,A,01,D
20233,05252123,17,0,1,100,D,4,D,05,D,,A,20000,D,,A,2,D,,A,01,D
20233,05253113,12,0,1,100,D,1,D,06,D,700,D,,A,,A,2,D,,A,02,D
20233,05253453,39,0,1,110,D,1,D,05,D,12000,D,,A,,A,2,D,,A,02,D
20233,05253613,23,0,1,110,D,1,D,06,D,400,D,,A,,A,2,D,,A,02,D
20233,05255633,25,0,1,110,D,6,D,04,D,,A,,A,,A,2,D,,A,01,D
20233,05257163,22,0,1,100,D,1,D,06,D,16000,D,,A,,A,2,D,,A,02,D
20233,05257393,32,0,1,110,D,1,D,05,D,4000,D,,A,,A,2,D,,A,02,D
20233,05257543,14,0,1,100,D,4,D,04,D,,A,11560,D,,A,1,D,,A,01,D
20233,05258043,26,0,1,100,D,3,D,05,D,,A,,A,,A,2,D,,A,02,D
20233,05259253,42,0,1,100,D,4,D,05,D,,A,3500,D,,A,1,D,4200,D,01,D
20233,05259713,39,0,1,110,D,1,D,06,D,2200,D,,A,,A,2,D,,A,02,D
20233,05259793,51,0,1,110,D,1,D,04,D,5000,D,,A,,A,2,D,,A,01,D
20233,05262293,49,0,1,110,D,1,D,05,D,900,D,,A,,A,2,D,,A,02,D
20233,05263573,51,0,1,110,D,1,D,07,D,16000,D,,A,,A,1,D,12500,D,01,D
20233,05263893,18,0,1,100,D,6,D,07,D,,A,,A,,A,2,D,,A,01,D
20233,05264083,29,0,1,110,D,1,D,07,D,7500,D,,A,,A,2,D,,A,01,D
20233,05264223,23,0,1,110,D,2,D,06,D,,A,,A,,A,2,D,,A,01,D
20233,05265843,30,0,1,100,D,3,D,06,D,,A,,A,,A,2,D,,A,01,D
20233,05266213,37,0,2,110,D,1,D,05,D,530,D,,A,,A,2,D,,A,01,D
20233,05266373,42,0,1,200,D,6,D,07,D,,A,,A,,A,2,D,,A,03,D
20233,05266473,26,0,1,100,D,5,D,07,D,,A,13287,D,,A,2,D,,A,02,D
20233,05266563,49,0,1,110,D,4,D,06,D,,A,,A,,A,2,D,,A,01,D
20233,05268173,47,0,1,100,D,2,D,05,D,,A,,A,,A,2,D,,A,01,D
20233,05268173,48,0,1,110,D,2,D,05,D,,A,,A,,A,1,D,,A,02,D
20233,05268173,49,0,1,160,D,1,D,06,D,10000,D,,A,,A,2,D,,A,04,D
20233,05268173,50,0,1,160,D,2,D,06,D,,A,,A,,A,2,D,,A,05,D
20233,05269113,17,0,1,110,D,3,D,05,D,,A,,A,,A,2,D,,A,01,D
20233,05269423,18,0,1,110,D,1,D,06,D,3000,F,,A,,A,2,D,,A,01,D
20233,05270193,32,0,1,110,D,3,D,06,D,,A,,A,,A,2,D,,A,03,D
20233,05270193,33,0,1,110,D,6,D,07,D,,A,,A,,A,2,D,,A,04,D
20233,05270703,17,0,1,100,D,3,D,07,D,,A,,A,,A,2,D,,A,01,D
20233,05270893,30,0,1,110,D,6,D,05,D,,A,,A,,A,2,D,,A,03,D
20233,05271133,26,0,1,110,D,4,D,05,D,,A,8000,D,,A,1,D,8000,D,01,D
20233,05271413,27,0,1,100,D,3,D,07,D,,A,,A,,A,2,D,,A,03,D
20233,05272263,36,0,1,100,D,4,D,07,D,,A,,A,,A,2,D,,A,01,D
20233,05272413,38,0,1,100,D,1,D,05,D,8000,D,,A,,A,2,D,,A,08,D
20233,05273613,40,0,1,160,D,3,D,07,D,,A,,A,,A,2,D,,A,04,D
20233,05274113,38,0,1,110,D,2,D,06,D,,A,,A,,A,1,D,,A,01,D
20233,05274113,39,0,1,110,D,1,D,05,D,500,D,,A,,A,2,D,,A,02,D
20233,05274183,31,0,1,100,D,4,D,05,D,,A,,A,,A,1,D,24582,D,05,D
20233,05274193,43,0,1,110,D,6,D,07,D,,A,,A,,A,2,D,,A,03,D
20233,05274663,12,0,1,100,D,1,D,05,D,300,D,,A,,A,2,D,,A,01,D
20233,05274903,23,0,1,100,D,1,D,08,D,10000,D,,A,,A,2,D,,A,01,D
20233,05275373,29,0,1,100,D,1,D,07,D,500,D,,A,,A,2,D,,A,02,D
20233,05275613,38,0,1,160,D,1,D,06,D,60667,T,,A,,A,2,D,,A,02,D
20233,05276063,12,0,1,110,D,3,D,07,D,,A,,A,,A,2,D,,A,01,D
20233,05276293,16,0,1,100,D,3,D,08,D,,A,,A,,A,2,D,,A,01,D
20233,05276573,32,0,1,100,D,1,D,07,D,1500,D,,A,,A,2,D,,A,03,D
20233,05277373,20,0,1,100,D,1,D,06,D,1000,D,,A,,A,2,D,,A,02,D
20233,05277993,52,0,1,100,D,3,D,08,D,,A,,A,,A,2,D,,A,03,D
20233,05278543,42,0,1,110,D,1,D,08,D,3000,D,,A,,A,2,D,,A,02,D
20233,05280383,25,0,1,110,D,1,D,08,D,3000,D,,A,,A,2,D,,A,02,D
20233,05280393,40,0,1,110,D,6,D,07,D,,A,,A,,A,2,D,,A,03,D
20233,05281483,21,0,1,110,D,6,D,08,D,,A,,A,,A,1,D,,A,01,D
20233,05281703,25,0,1,110,D,6,D,07,D,,A,,A,,A,2,D,,A,02,D
20233,05283143,28,0,1,100,D,1,D,06,D,2000,D,,A,,A,2,D,,A,04,D
20233,05284343,38,0,2,110,D,2,D,06,D,,A,,A,,A,1,D,17600,D,02,D
20233,05284843,18,0,1,110,D,1,D,07,D,400,D,,A,,A,2,D,,A,04,D
20233,05285233,31,0,1,110,D,6,D,08,D,,A,,A,,A,1,D,,A,02,D
20233,05285303,10,0,1,100,D,6,D,08,D,,A,,A,,A,1,D,,A,01,D
20233,05286332,25,0,1,100,D,1,D,04,D,4600,D,,A,,A,2,D,,A,01,D
20233,05286542,13,0,1,110,D,1,D,05,D,850,D,,A,,A,2,D,,A,01,D
20233,05287092,24,0,1,100,D,2,D,06,D,,A,,A,,A,1,D,,A,02,D
20233,05287162,22,0,1,110,D,2,D,06,D,,A,,A,,A,2,D,,A,01,D
20233,05287612,23,0,1,100,D,1,D,04,D,8000,D,,A,,A,2,D,,A,02,D
20233,05288112,25,0,2,110,D,1,D,04,D,1577,D,,A,,A,2,D,,A,03,D
20233,05288952,44,0,1,110,D,2,D,06,D,,A,,A,,A,2,D,,A,02,D
20233,05289212,26,0,1,110,D,1,D,06,D,800,D,,A,,A,2,D,,A,02,D
20233,05289212,27,0,1,150,D,1,D,06,D,300,D,,A,,A,2,D,,A,04,D
20233,05289212,28,0,1,160,D,1,D,06,D,250,D,,A,,A,2,D,,A,05,D
20233,05292382,23,0,1,110,D,2,D,04,D,,A,,A,,A,1,D,,A,01,D
20233,05292842,37,0,1,100,D,1,D,05,D,4500,D,,A,,A,2,D,,A,03,D
20233,05293272,37,0,1,200,D,6,D,05,D,,A,,A,,A,2,D,,A,04,D
20233,05293552,25,0,2,110,D,1,D,04,D,4000,D,,A,,A,2,D,,A,03,D
20233,05294082,30,0,1,110,D,2,D,05,D,,A,,A,,A,2,D,,A,02,D
20233,05294282,22,0,1,100,D,2,D,06,D,,A,,A,,A,2,D,,A,01,D
20233,05294442,44,0,1,110,D,4,D,06,D,,A,348,D,,A,2,D,,A,01,D
20233,05294552,11,0,1,100,D,3,D,06,D,,A,,A,,A,2,D,,A,01,D
20233,05294862,51,0,1,110,D,1,D,04,D,25000,D,,A,,A,2,D,,A,01,D
20233,05295102,50,0,1,150,D,5,D,05,D,,A,,A,,A,2,D,,A,03,D
20233,05296632,33,0,1,100,D,2,D,06,D,,A,,A,,A,2,D,,A,01,D
20233,05296842,31,0,1,100,D,1,D,06,D,1000,D,,A,,A,2,D,,A,02,D
20233,05296942,47,0,1,100,D,1,D,05,D,3100,D,,A,,A,2,D,,A,02,D
20233,05297272,32,0,1,100,D,2,D,06,D,,A,,A,,A,2,D,,A,01,D
20233,05297602,25,0,1,100,D,2,D,06,D,,A,,A,,A,2,D,,A,02,D
20233,05344352,23,0,1,110,D,1,D,07,D,3000,D,,A,,A,2,D,,A,02,D
20233,05344692,18,0,1,100,D,6,D,06,D,,A,,A,,A,2,D,,A,01,D
20233,05344792,38,0,1,110,D,1,D,06,D,2700,F,,A,,A,2,D,,A,04,D
20233,05345842,34,0,1,110,D,4,D,06,D,,A,9750,D,,A,1,D,9500,D,03,D
20233,05345872,17,0,1,100,D,1,D,07,D,8900,D,,A,,A,1,D,,A,01,D
20233,05347472,38,0,1,100,D,6,D,07,D,,A,,A,,A,2,D,,A,03,D
20233,05348722,28,0,1,100,D,3,D,07,D,,A,,A,,A,2,D,,A,01,D
20233,05348722,29,0,1,110,D,3,D,07,D,,A,,A,,A,2,D,,A,02,D
20233,05349402,21,0,1,100,D,2,D,07,D,,A,,A,,A,2,D,,A,01,D
20233,05349402,22,0,1,100,D,2,D,07,D,,A,,A,,A,2,D,,A,02,D
20233,05349582,16,0,1,100,D,2,D,05,D,,A,,A,,A,2,D,,A,01,D
20233,05350252,12,0,1,110,D,4,D,07,D,,A,5000,F,,A,2,D,,A,01,D
20233,05350272,15,0,1,100,D,4,D,05,D,,A,,A,,A,1,D,,A,01,D
20233,05350692,43,0,1,100,D,2,D,06,D,,A,,A,,A,2,D,,A,02,D
20233,05353592,36,0,1,160,D,6,D,07,D,,A,,A,,A,2,D,,A,09,D
20233,05353622,13,0,1,100,D,4,D,06,D,,A,,A,,A,2,D,,A,01,D
20233,05355822,19,0,1,110,D,2,D,07,D,,A,,A,,A,2,D,,A,01,D
20233,05356552,24,0,1,100,D,1,D,06,D,14500,D,,A,,A,1,D,1400,D,02,D
20233,05357542,20,0,1,110,D,6,D,08,D,,A,,A,,A,2,D,,A,01,D
20233,05357542,21,0,1,100,D,6,D,06,D,,A,,A,,A,2,D,,A,02,D
20233,05357612,50,0,1,100,D,2,D,08,D,,A,,A,,A,2,D,,A,01,D
20233,05358662,56,0,1,110,D,6,D,06,D,,A,,A,,A,2,D,,A,02,D
20233,05359092,60,0,1,170,D,6,D,06,D,,A,,A,,A,2,D,,A,06,D
20233,05359422,14,0,1,100,D,4,D,06,D,,A,7000,D,,A,2,D,,A,03,D
20233,05359862,32,0,1,100,D,3,D,07,D,,A,,A,,A,2,D,,A,02,D
20233,05360232,18,0,1,160,D,6,D,06,D,,A,,A,,A,2,D,,A,03,D
20233,05360582,32,0,2,100,D,1,D,06,D,10000,D,,A,,A,2,D,,A,02,D
20233,05361042,89,0,1,110,D,4,D,08,D,,A,22000,D,,A,1,D,20000,D,01,D
20233,05361662,23,0,1,110,D,3,D,08,D,,A,,A,,A,2,D,,A,01,D
20233,05361852,22,0,1,100,D,1,D,07,D,15000,D,,A,,A,1,D,9000,D,02,D
20233,05363152,41,0,1,100,D,3,D,08,D,,A,,A,,A,2,D,,A,02,D
20233,05364162,30,0,1,100,D,2,D,08,D,,A,,A,,A,2,D,,A,01,D
20233,05364992,21,0,1,110,D,4,D,07,D,,A,8000,F,,A,2,D,,A,01,D
20233,05365052,25,0,1,150,D,1,D,07,D,4000,D,,A,,A,2,D,,A,03,D
20233,05365402,32,0,1,110,D,2,D,08,D,,A,,A,,A,2,D,,A,02,D
20233,05365552,26,0,1,110,D,1,D,07,D,7000,D,,A,,A,2,D,,A,03,D
20233,05365622,15,0,1,100,D,1,D,07,D,6000,D,,A,,A,2,D,,A,01,D
20233,05416371,25,0,1,160,D,6,D,04,D,,A,,A,,A,2,D,,A,05,D
20233,05416811,27,0,1,100,D,1,D,06,D,18500,D,,A,,A,2,D,,A,03,D
20233,05419291,28,0,1,110,D,1,D,05,D,4500,D,,A,,A,2,D,,A,03,D
20233,05420001,21,0,1,100,D,1,D,05,D,1100,D,,A,,A,2,D,,A,02,D
20233,05426481,19,0,1,110,D,1,D,07,D,600,D,,A,,A,2,D,,A,03,D
20233,05427361,24,0,1,100,D,1,D,07,D,500,D,,A,,A,2,D,,A,03,D
20233,05427781,14,0,1,110,D,1,D,07,D,500,D,,A,,A,2,D,,A,03,D
20233,05428071,21,0,1,160,D,1,D,07,D,9500,D,,A,,A,2,D,,A,03,D
20233,05429601,22,0,1,100,D,1,D,07,D,500,D,,A,,A,2,D,,A,02,D
20233,05431341,37,0,1,200,D,5,D,05,D,,A,,A,,A,2,D,,A,04,D
20233,05433171,22,0,1,110,D,1,D,06,D,1300,D,,A,,A,2,D,,A,02,D
20233,05434171,25,0,1,160,D,1,D,07,D,6000,D,,A,,A,2,D,,A,06,D
20233,05434821,30,0,1,160,D,1,D,07,D,60667,T,,A,,A,2,D,,A,02,D
20233,05436291,28,0,1,200,D,6,D,08,D,,A,,A,,A,2,D,,A,06,D
20233,05437551,27,0,1,110,D,1,D,07,D,850,F,,A,,A,2,D,,A,01,D
20233,05438831,6,0,1,100,D,4,D,06,D,,A,,A,,A,2,D,,A,01,D
20233,05439271,17,0,1,100,D,3,D,06,D,,A,,A,,A,2,D,,A,04,D
20233,05442051,17,0,1,110,D,1,D,06,D,1500,D,,A,,A,2,D,,A,02,D
20233,05446181,18,0,1,110,D,1,D,06,D,700,D,,A,,A,2,D,,A,03,D
20234,05251884,46,0,1,135,D,4,D,08,D,,A,,A,,A,2,D,,A,03,D
20234,05252104,16,0,1,110,D,6,D,07,D,,A,,A,,A,2,D,,A,01,D
20234,05252104,17,0,1,110,D,6,D,07,D,,A,,A,,A,2,D,,A,02,D
20234,05252744,33,0,2,100,D,4,D,07,D,,A,16050,D,,A,2,D,,A,04,D
20234,05252744,34,0,1,100,D,1,D,07,D,6500,D,,A,,A,2,D,,A,05,D
20234,05253664,38,0,1,100,D,1,D,08,D,600,D,,A,,A,2,D,,A,03,D
20234,05253824,13,0,1,100,D,6,D,09,D,,A,,A,,A,2,D,,A,01,D
20234,05254054,30,0,1,100,D,5,D,08,D,,A,9600,D,,A,2,D,,A,02,D
20234,05254284,31,0,1,100,D,4,D,07,D,,A,7500,D,,A,2,D,,A,04,D
20234,05255614,38,0,1,200,D,2,D,08,D,,A,,A,,A,2,D,,A,09,D
20234,05255674,16,0,1,100,D,1,D,07,D,400,D,,A,,A,2,D,,A,01,D
20234,05255994,13,0,1,100,D,5,D,08,D,,A,10000,D,,A,2,D,,A,01,D
20234,05256344,34,0,1,110,D,3,D,08,D,,A,,A,,A,2,D,,A,01,D
20234,05256374,31,0,1,180,D,,C,08,D,,A,,A,,A,2,D,,A,07,D
20234,05256684,62,0,1,110,D,1,D,08,D,6000,D,,A,,A,2,D,,A,04,D
20234,05257764,22,0,1,110,D,2,D,09,D,,A,,A,,A,2,D,,A,02,D
20234,05259134,24,0,1,110,D,1,D,07,D,1080,D,,A,,A,2,D,,A,03,D
20234,05259714,34,0,1,110,D,2,D,09,D,,A,,A,,A,1,D,,A,04,D
20234,05259824,33,0,1,135,D,3,D,09,D,,A,,A,,A,2,D,,A,02,D
20234,05260364,36,0,2,110,D,2,D,07,D,,A,,A,,A,2,D,,A,02,D
20234,05260364,37,0,1,110,D,2,D,07,D,,A,,A,,A,2,D,,A,03,D
20234,05261514,32,0,1,100,D,3,D,08,D,,A,,A,,A,2,D,,A,02,D
20234,05262124,31,0,1,110,D,2,D,07,D,,A,,A,,A,1,D,10000,D,02,D
20234,05262604,31,0,2,110,D,4,D,07,D,,A,,A,,A,2,D,,A,02,D
20234,05264264,20,0,1,100,D,6,D,08,D,,A,,A,,A,,C,,A,02,D
20234,05264874,19,0,1,100,D,2,D,10,D,,A,,A,,A,2,D,,A,01,D
20234,05264964,21,0,1,100,D,2,D,08,D,,A,,A,,A,2,D,,A,01,D
20234,05265084,26,0,1,100,D,3,D,10,D,,A,,A,,A,2,D,,A,02,D
20234,05265084,27,0,1,100,D,3,D,10,D,,A,,A,,A,2,D,,A,03,D
20234,05265494,24,0,1,110,D,3,D,09,D,,A,,A,,A,2,D,,A,01,D
20234,05266714,33,0,2,110,D,6,D,08,D,,A,,A,,A,2,D,,A,01,D
20234,05266764,35,0,1,100,D,1,D,10,D,300,D,,A,,A,2,D,,A,01,D
20234,05266814,17,0,1,110,D,6,D,09,D,,A,,A,,A,2,D,,A,01,D
20234,05266814,18,0,1,110,D,6,D,09,D,,A,,A,,A,2,D,,A,02,D
20234,05267294,39,0,1,110,D,6,D,08,D,,A,,A,,A,2,D,,A,01,D
20234,05268154,36,0,1,110,D,1,D,10,D,45000,D,,A,,A,1,D,27617,D,02,D
20234,05268434,37,0,1,100,D,1,D,10,D,7000,D,,A,,A,2,D,,A,02,D
20234,05269574,20,0,2,100,D,1,D,08,D,12000,D,,A,,A,2,D,,A,02,D
20234,05269694,28,0,1,100,D,2,D,09,D,,A,,A,,A,2,D,,A,01,D
20234,05270174,37,0,1,110,D,4,D,10,D,,A,,A,,A,2,D,,A,01,D
20234,05270184,30,0,1,100,D,1,D,08,D,2500,D,,A,,A,2,D,,A,04,D
20234,05272234,29,0,1,110,D,4,D,10,D,,A,,A,,A,2,D,,A,02,D
20234,05272424,31,0,1,100,D,6,D,09,D,,A,,A,,A,1,D,,A,04,D
20234,05272444,27,0,1,135,D,1,D,10,D,10000,D,,A,,A,2,D,,A,04,D
20234,05273964,34,0,1,100,D,1,D,09,D,1750,D,,A,,A,2,D,,A,01,D
20234,05274184,39,0,1,100,D,4,D,09,D,,A,10000,D,,A,2,D,,A,01,D
20234,05274904,22,0,1,110,D,2,D,10,D,,A,,A,,A,1,D,,A,02,D
20234,05275864,35,0,1,150,D,1,D,11,D,3100,D,,A,,A,2,D,,A,03,D
20234,05276024,49,0,1,100,D,2,D,09,D,,A,,A,,A,2,D,,A,02,D
20234,05276814,20,0,1,100,D,6,D,09,D,,A,,A,,A,2,D,,A,01,D
20234,05277504,20,0,1,100,D,6,D,10,D,,A,,A,,A,1,D,,A,02,D
20234,05278164,37,0,1,120,D,1,D,09,D,5500,D,,A,,A,2,D,,A,05,D
20234,05279154,44,0,1,110,D,2,D,09,D,,A,,A,,A,2,D,,A,02,D
20234,05279344,59,0,1,100,D,6,D,11,D,,A,,A,,A,2,D,,A,05,D
20234,05279344,60,0,1,110,D,6,D,11,D,,A,,A,,A,2,D,,A,06,D
20234,05279354,62,0,1,200,D,1,D,10,D,15000,D,,A,,A,2,D,,A,10,D
20234,05279584,15,0,1,110,D,1,D,10,D,1000,D,,A,,A,2,D,,A,01,D
20234,05279664,22,0,1,110,D,3,D,10,D,,A,,A,,A,2,D,,A,01,D
20234,05279914,36,0,1,100,D,2,D,09,D,,A,,A,,A,2,D,,A,03,D
20234,05279914,37,0,1,200,D,3,D,11,D,,A,,A,,A,2,D,,A,04,D
20234,05280144,23,0,1,100,D,2,D,11,D,,A,,A,,A,2,D,,A,01,D
20234,05280184,22,0,1,110,D,1,D,11,D,2000,D,,A,,A,2,D,,A,03,D
20234,05281454,59,0,2,100,D,3,D,09,D,,A,,A,,A,2,D,,A,02,D
20234,05281484,24,0,1,110,D,6,D,11,D,,A,,A,,A,1,D,,A,03,D
20234,05283164,22,0,1,110,D,2,D,11,D,,A,,A,,A,2,D,,A,01,D
20234,05283924,40,0,1,110,D,4,D,10,D,,A,12000,D,,A,2,D,,A,01,D
20234,05284134,33,0,1,100,D,1,D,10,D,12000,D,,A,,A,2,D,,A,02,D
20234,05286303,39,0,1,110,D,4,D,08,D,,A,14000,D,,A,1,D,5000,D,03,D
20234,05286303,40,0,1,100,D,1,D,08,D,10000,D,,A,,A,2,D,,A,04,D
20234,05287313,29,0,1,100,D,2,D,09,D,,A,,A,,A,2,D,,A,02,D
20234,05287423,16,0,1,110,D,1,D,08,D,44000,D,,A,,A,2,D,,A,01,D
20234,05287713,41,0,1,100,D,1,D,09,D,450,D,,A,,A,2,D,,A,04,D
20234,05289023,20,0,1,100,D,1,D,09,D,714,D,,A,,A,2,D,,A,02,D
20234,05290413,66,0,1,160,D,3,D,07,D,,A,,A,,A,2,D,,A,04,D
20234,05291273,44,0,1,100,D,2,D,08,D,,A,,A,,A,2,D,,A,01,D
20234,05291483,23,0,1,100,D,1,D,09,D,3000,D,,A,,A,2,D,,A,01,D
20234,05291693,38,0,1,110,D,1,D,09,D,28000,D,,A,,A,1,D,24000,D,01,D
20234,05292513,29,0,1,110,D,2,D,09,D,,A,,A,,A,2,D,,A,02,D
20234,05292723,41,0,1,110,D,1,D,08,D,625,D,,A,,A,2,D,,A,02,D
20234,05292723,42,0,1,100,D,4,D,07,D,,A,3950,D,,A,2,D,,A,03,D
20234,05293433,42,0,1,110,D,1,D,08,D,500,D,,A,,A,2,D,,A,02,D
20234,05293633,36,0,1,100,D,4,D,08,D,,A,11000,F,,A,1,D,,A,02,D
20234,05293673,45,0,1,110,D,1,D,07,D,2700,D,,A,,A,2,D,,A,03,D
20234,05295833,36,0,1,100,D,1,D,08,D,3900,D,,A,,A,2,D,,A,01,D
20234,05295973,68,0,1,100,D,2,D,07,D,,A,,A,,A,2,D,,A,02,D
20234,05296103,53,0,1,110,D,1,D,08,D,24000,D,,A,,A,2,D,,A,03,D
20234,05296103,54,0,2,160,D,1,D,07,D,72500,T,,A,,A,2,D,,A,05,D
20234,05296263,44,0,1,110,D,2,D,09,D,,A,,A,,A,2,D,,A,02,D
20234,05296583,29,0,1,100,D,2,D,07,D,,A,,A,,A,2,D,,A,02,D
20234,05343963,33,0,1,100,D,1,D,08,D,1000,D,,A,,A,2,D,,A,03,D
20234,05344753,15,0,1,100,D,6,D,09,D,,A,,A,,A,2,D,,A,01,D
20234,05345533,25,0,1,110,D,2,D,09,D,,A,,A,,A,1,D,,A,02,D
20234,05345553,22,0,1,110,D,4,D,10,D,,A,,A,27000,D,1,D,,A,01,D
20234,05345624,20,0,1,110,D,1,D,09,D,1500,D,,A,,A,2,D,,A,02,D
20234,05347083,23,0,1,110,D,6,D,10,D,,A,,A,,A,2,D,,A,01,D
20234,05347303,33,0,1,110,D,3,D,08,D,,A,,A,,A,2,D,,A,01,D
20234,05347473,35,0,1,100,D,6,D,09,D,,A,,A,,A,2,D,,A,02,D
20234,05348323,32,0,1,100,D,2,D,09,D,,A,,A,,A,2,D,,A,01,D
20234,05348543,40,0,1,100,D,2,D,08,D,,A,,A,,A,2,D,,A,02,D
20234,05348833,38,0,1,100,D,1,D,09,D,15000,D,,A,,A,2,D,,A,04,D
20234,05349773,18,0,1,100,D,6,D,10,D,,A,,A,,A,2,D,,A,02,D
20234,05350263,27,0,1,110,D,2,D,08,D,,A,,A,,A,2,D,,A,02,D
20234,05351083,19,0,1,110,D,1,D,10,D,4000,D,,A,,A,2,D,,A,02,D
20234,05353073,15,0,1,100,D,6,D,09,D,,A,,A,,A,2,D,,A,02,D
20234,05354753,28,0,2,100,D,6,D,08,D,,A,,A,,A,2,D,,A,01,D
20234,05354753,29,0,2,100,D,6,D,08,D,,A,,A,,A,2,D,,A,02,D
20234,05355393,21,0,2,100,D,6,D,09,D,,A,,A,,A,2,D,,A,01,D
20234,05355593,24,0,1,110,D,6,D,09,D,,A,,A,,A,,C,,A,02,D
20234,05356913,31,0,1,100,D,3,D,11,D,,A,,A,,A,2,D,,A,01,D
20234,05358203,46,0,1,110,D,2,D,10,D,,A,,A,,A,2,D,,A,01,D
20234,05359593,38,0,1,100,D,2,D,11,D,,A,,A,,A,2,D,,A,02,D
20234,05360653,28,0,1,100,D,2,D,11,D,,A,,A,,A,2,D,,A,01,D
20234,05360873,27,0,1,110,D,,C,09,D,,A,,A,,A,2,D,,A,02,D
20234,05362073,21,0,1,100,D,3,D,11,D,,A,,A,,A,2,D,,A,03,D
20234,05362703,25,0,1,100,D,2,D,10,D,,A,,A,,A,2,D,,A,01,D
20234,05362943,28,0,1,110,D,4,D,11,D,,A,8000,D,,A,2,D,,A,01,D
20234,05362963,50,0,2,110,D,1,D,09,D,100,D,,A,,A,2,D,,A,04,D
20234,05364353,28,0,1,100,D,4,D,09,D,,A,,A,,A,2,D,,A,02,D
20234,05364533,41,0,1,100,D,3,D,11,D,,A,,A,,A,2,D,,A,05,D
20234,05364993,17,0,1,110,D,4,D,11,D,,A,11000,D,,A,1,D,,A,02,D
20234,05365133,30,0,1,110,D,4,D,09,D,,A,12700,D,,A,2,D,,A,01,D
20234,05365603,19,0,1,110,D,6,D,09,D,,A,,A,,A,1,D,,A,02,D
20234,05365863,37,0,1,110,D,1,D,11,D,8000,D,,A,,A,2,D,,A,01,D
20234,05412152,37,0,2,110,D,1,D,07,D,400,D,,A,,A,2,D,,A,03,D
20234,05412422,35,0,1,110,D,4,D,08,D,,A,22500,D,,A,2,D,,A,01,D
20234,05413162,26,0,1,150,D,4,D,09,D,,A,,A,5000,D,2,D,,A,04,D
20234,05413752,19,0,1,100,D,1,D,09,D,12000,D,,A,,A,1,D,2000,D,02,D
20234,05415632,32,0,1,150,D,1,D,09,D,3100,F,,A,,A,2,D,,A,06,D
20234,05415682,29,0,1,100,D,4,D,09,D,,A,,A,,A,2,D,,A,02,D
20234,05417612,39,0,1,100,D,4,D,07,D,,A,650,D,,A,2,D,,A,06,D
20234,05418312,19,0,1,150,D,1,D,07,D,500,D,,A,,A,2,D,,A,02,D
20234,05418862,13,0,1,100,D,1,D,08,D,1000,D,,A,,A,2,D,,A,02,D
20234,05420332,42,0,1,110,D,2,D,09,D,,A,,A,,A,2,D,,A,02,D
20234,05420702,18,0,1,100,D,4,D,07,D,,A,11000,D,,A,2,D,,A,01,D
20234,05422322,22,0,1,100,D,4,D,08,D,,A,17000,D,,A,2,D,,A,01,D
20234,05423122,46,0,1,110,D,2,D,09,D,,A,,A,,A,2,D,,A,02,D
20234,05423792,30,0,1,120,D,1,D,08,D,2000,D,,A,,A,2,D,,A,02,D
20234,05424952,32,0,1,110,D,2,D,10,D,,A,,A,,A,2,D,,A,03,D
20234,05426322,33,0,1,100,D,2,D,09,D,,A,,A,,A,2,D,,A,02,D
20234,05427782,12,0,1,110,D,1,D,08,D,500,D,,A,,A,2,D,,A,02,D
20234,05428322,9,0,1,100,D,3,D,08,D,,A,,A,,A,2,D,,A,01,D
20234,05428362,15,0,1,110,D,2,D,10,D,,A,,A,,A,2,D,,A,01,D
20234,05429432,24,0,1,100,D,2,D,08,D,,A,,A,,A,,C,,A,01,D
20234,05429432,25,0,1,100,D,2,D,09,D,,A,,A,,A,1,D,,A,02,D
20234,05430042,20,0,1,100,D,1,D,09,D,2500,D,,A,,A,2,D,,A,02,D
20234,05431212,35,0,1,110,D,1,D,10,D,5000,D,,A,,A,2,D,,A,01,D
20234,05433712,43,0,1,110,D,2,D,10,D,,A,,A,,A,2,D,,A,01,D
20234,05433712,44,0,2,100,D,1,D,08,D,7000,D,,A,,A,2,D,,A,08,D
20234,05434322,29,0,1,110,D,6,D,10,D,,A,,A,,A,2,D,,A,01,D
20234,05434672,7,0,1,110,D,1,D,10,D,2000,D,,A,,A,2,D,,A,01,D
20234,05434922,27,0,1,110,D,1,D,10,D,500,D,,A,,A,2,D,,A,02,D
20234,05434962,36,0,1,100,D,1,D,10,D,1200,D,,A,,A,2,D,,A,06,D
20234,05435262,40,0,1,110,D,2,D,11,D,,A,,A,,A,2,D,,A,02,D
20234,05435322,28,0,1,110,D,1,D,10,D,14500,D,,A,,A,2,D,,A,02,D
20234,05435332,27,0,1,110,D,2,D,11,D,,A,,A,,A,2,D,,A,01,D
20234,05435332,28,0,1,100,D,2,D,11,D,,A,,A,,A,2,D,,A,02,D
20234,05436782,16,0,1,100,D,3,D,09,D,,A,,A,,A,2,D,,A,01,D
20234,05436982,38,0,1,100,D,6,D,10,D,,A,,A,,A,2,D,,A,02,D
20234,05437232,42,0,1,180,D,6,D,10,D,,A,,A,,A,2,D,,A,06,D
20234,05437282,37,0,1,110,D,2,D,11,D,,A,,A,,A,2,D,,A,01,D
20234,05438172,29,0,1,100,D,1,D,11,D,2500,F,,A,,A,2,D,,A,06,D
20234,05440712,25,0,1,100,D,1,D,11,D,3000,D,,A,,A,2,D,,A,02,D
20234,05441322,24,0,1,100,D,1,D,10,D,2000,D,,A,,A,2,D,,A,01,D
20234,05441322,25,0,1,110,D,1,D,10,D,19800,D,,A,,A,2,D,,A,02,D
20234,05442242,28,0,1,100,D,3,D,10,D,,A,,A,,A,2,D,,A,03,D
20234,05442242,29,0,2,110,D,4,D,09,D,,A,8000,F,,A,2,D,,A,04,D
20234,05442782,34,0,1,110,D,2,D,09,D,,A,,A,,A,2,D,,A,03,D
20234,05443342,25,0,1,100,D,2,D,11,D,,A,,A,,A,2,D,,A,01,D
20234,05444732,40,0,1,110,D,1,D,11,D,500,D,,A,,A,2,D,,A,02,D
20234,05446452,44,0,1,110,D,2,D,11,D,,A,,A,,A,2,D,,A,01,D
20234,05446452,45,0,1,100,D,2,D,11,D,,A,,A,,A,1,D,,A,02,D
20234,05541261,23,0,1,110,D,3,D,07,D,,A,,A,,A,2,D,,A,02,D
20234,05542141,19,0,1,100,D,3,D,08,D,,A,,A,,A,2,D,,A,02,D
20234,05545541,76,0,1,100,D,1,D,08,D,1500,D,,A,,A,2,D,,A,12,D
20234,05545541,77,0,1,100,D,1,D,09,D,1800,D,,A,,A,2,D,,A,13,D
20234,05548511,17,0,1,100,D,6,D,08,D,,A,,A,,A,2,D,,A,02,D
20234,05548591,24,0,1,110,D,2,D,09,D,,A,,A,,A,1,D,16000,D,03,D
20234,05548811,16,0,1,110,D,1,D,08,D,3500,D,,A,,A,2,D,,A,02,D
20234,05549451,13,0,1,100,D,1,D,09,D,2023,D,,A,,A,1,D,13500,D,02,D
20234,05549941,11,0,1,100,D,4,D,08,D,,A,10000,F,,A,2,D,,A,02,D
20234,05552171,34,0,1,110,D,1,D,08,D,8100,D,,A,,A,2,D,,A,05,D
20234,05554521,10,0,1,110,D,1,D,09,D,450,D,,A,,A,2,D,,A,02,D
20234,05559581,27,0,1,110,D,4,D,10,D,,A,18110,D,,A,2,D,,A,04,D
20234,05561951,27,0,1,100,D,3,D,09,D,,A,,A,,A,2,D,,A,02,D
20234,05563581,20,0,1,110,D,4,D,09,D,,A,7000,D,,A,2,D,,A,03,D
20234,05568391,17,0,1,110,D,2,D,10,D,,A,,A,,A,2,D,,A,03,D
20234,05572841,29,0,1,100,D,1,D,09,D,5000,D,,A,,A,2,D,,A,04,D
20234,05572941,10,0,1,110,D,1,D,11,D,200,D,,A,,A,2,D,,A,02,D
20241,05286894,21,0,2,100,D,1,D,10,D,900,D,,A,,A,2,D,,A,03,D
20241,05287424,20,0,1,100,D,1,D,11,D,5000,D,,A,,A,2,D,,A,02,D
20241,05287554,28,0,1,100,D,1,D,10,D,2000,F,,A,,A,2,D,,A,01,D
20241,05287834,40,0,1,110,D,2,D,12,D,,A,,A,,A,1,D,33000,D,03,D
20241,05288694,29,0,1,110,D,2,D,11,D,,A,,A,,A,1,D,,A,03,D
20241,05289044,40,0,2,110,D,1,D,10,D,6000,D,,A,,A,2,D,,A,01,D
20241,05290514,37,0,1,110,D,3,D,11,D,,A,,A,,A,2,D,,A,02,D
20241,05290984,28,0,1,110,D,2,D,11,D,,A,,A,,A,1,D,,A,01,D
20241,05292544,72,0,1,100,D,1,D,11,D,8000,D,,A,,A,2,D,,A,01,D
20241,05293574,16,0,1,110,D,6,D,10,D,,A,,A,,A,2,D,,A,01,D
20241,05293594,12,0,1,100,D,6,D,10,D,,A,,A,,A,2,D,,A,02,D
20241,05293684,24,0,1,110,D,1,D,10,D,2250,D,,A,,A,2,D,,A,01,D
20241,05293954,56,0,1,100,D,3,D,12,D,,A,,A,,A,2,D,,A,02,D
20241,05294284,22,0,1,160,D,1,D,12,D,72500,T,,A,,A,2,D,,A,03,D
20241,05295474,38,0,1,110,D,1,D,12,D,34000,D,,A,,A,1,D,34800,D,01,D
20241,05295564,84,0,1,100,D,1,D,12,D,3500,D,,A,,A,2,D,,A,03,D
20241,05296414,21,0,2,100,D,1,D,10,D,16000,D,,A,,A,2,D,,A,03,D
20241,05344244,31,0,1,100,D,1,D,11,D,7000,D,,A,,A,1,D,6000,D,02,D
20241,05344664,17,0,1,100,D,4,D,11,D,,A,11000,D,,A,2,D,,A,01,D
20241,05344974,22,0,1,110,D,4,D,12,D,,A,6900,D,,A,2,D,,A,02,D
20241,05345634,39,0,1,110,D,,C,12,D,,A,,A,,A,,C,,A,01,D
20241,05345764,32,0,1,100,D,1,D,11,D,1500,D,,A,,A,2,D,,A,02,D
20241,05346984,9,0,1,100,D,4,D,01,D,,A,5200,F,,A,1,D,,A,01,D
20241,05347154,28,0,1,100,D,4,D,11,D,,A,9000,D,,A,2,D,,A,02,D
20241,05347534,29,0,1,110,D,2,D,12,D,,A,,A,,A,1,D,,A,02,D
20241,05347664,32,0,1,110,D,1,D,12,D,22000,D,,A,,A,2,D,,A,01,D
20241,05348244,37,0,2,100,D,1,D,11,D,1500,D,,A,,A,2,D,,A,03,D
20241,05348274,24,0,2,100,D,2,D,11,D,,A,,A,,A,2,D,,A,01,D
20241,05348444,17,0,1,100,D,2,D,12,D,,A,,A,,A,1,D,7700,D,01,D
20241,05349454,35,0,1,110,D,1,D,12,D,4000,D,,A,,A,2,D,,A,01,D
20241,05350944,32,0,1,100,D,1,D,11,D,3000,D,,A,,A,2,D,,A,02,D
20241,05351474,22,0,1,110,D,2,D,01,D,,A,,A,,A,2,D,,A,01,D
20241,05351814,11,0,1,100,D,2,D,11,D,,A,,A,,A,1,D,,A,01,D
20241,05352124,32,0,1,100,D,1,D,11,D,500,D,,A,,A,2,D,,A,01,D
20241,05353594,38,0,1,160,D,3,D,01,D,,A,,A,,A,2,D,,A,10,D
20241,05354034,24,0,1,110,D,3,D,11,D,,A,,A,,A,2,D,,A,03,D
20241,05354274,54,0,1,110,D,6,D,01,D,,A,,A,,A,2,D,,A,01,D
20241,05354274,55,0,1,100,D,5,D,11,D,,A,21000,D,,A,2,D,,A,02,D
20241,05354494,43,0,1,100,D,4,D,01,D,,A,,A,5200,D,2,D,,A,03,D
20241,05355114,27,0,1,110,D,1,D,12,D,900,D,,A,,A,2,D,,A,01,D
20241,05355154,21,0,1,100,D,4,D,12,D,,A,,A,5200,F,2,D,,A,01,D
20241,05356124,31,0,1,110,D,2,D,12,D,,A,,A,,A,2,D,,A,03,D
20241,05357864,23,0,1,110,D,6,D,02,D,,A,,A,,A,1,D,,A,02,D
20241,05358664,56,0,1,170,D,1,D,12,D,300,D,,A,,A,2,D,,A,04,D
20241,05359204,12,0,1,150,D,6,D,02,D,,A,,A,,A,,C,,A,02,D
20241,05360644,20,0,2,120,D,6,D,12,D,,A,,A,,A,2,D,,A,02,D
20241,05362624,29,0,2,110,D,3,D,12,D,,A,,A,,A,2,D,,A,03,D
20241,05362634,18,0,1,100,D,1,D,12,D,500,D,,A,,A,2,D,,A,01,D
20241,05363154,52,0,1,100,D,3,D,12,D,,A,,A,,A,2,D,,A,04,D
20241,05364354,33,0,1,110,D,6,D,02,D,,A,,A,,A,2,D,,A,03,D
20241,05364494,15,0,1,110,D,4,D,01,D,,A,,A,,A,2,D,,A,01,D
20241,05365054,29,0,1,110,D,2,D,01,D,,A,,A,,A,2,D,,A,01,D
20241,05365104,43,0,2,110,D,1,D,12,D,1200,D,,A,,A,2,D,,A,04,D
20241,05366094,14,0,1,100,D,6,D,01,D,,A,,A,,A,2,D,,A,01,D
20241,05412043,28,0,1,100,D,2,D,11,D,,A,,A,,A,1,D,,A,01,D
20241,05412383,21,0,1,100,D,4,D,10,D,,A,,A,,A,2,D,,A,02,D
20241,05412383,22,0,1,100,D,3,D,12,D,,A,,A,,A,2,D,,A,03,D
20241,05413243,56,0,1,110,D,3,D,12,D,,A,,A,,A,,C,,A,02,D
20241,05413433,30,0,1,110,D,6,D,12,D,,A,,A,,A,2,D,,A,01,D
20241,05413993,14,0,2,110,D,1,D,10,D,5000,D,,A,,A,2,D,,A,01,D
20241,05414643,40,0,1,100,D,1,D,12,D,500,D,,A,,A,2,D,,A,03,D
20241,05415173,20,0,1,170,D,1,D,12,D,300,F,,A,,A,2,D,,A,02,D
20241,05415523,29,0,2,110,D,1,D,10,D,22000,D,,A,,A,1,D,16000,D,03,D
20241,05415573,42,0,1,100,D,3,D,11,D,,A,,A,,A,2,D,,A,04,D
20241,05415573,43,0,1,110,D,3,D,11,D,,A,,A,,A,2,D,,A,05,D
20241,05415953,47,0,1,110,D,1,D,12,D,16760,D,,A,,A,2,D,,A,02,D
20241,05416113,52,0,1,100,D,4,D,11,D,,A,4200,D,,A,2,D,,A,01,D
20241,05416243,15,0,1,100,D,4,D,11,D,,A,8000,D,,A,2,D,,A,02,D
20241,05416483,29,0,1,110,D,1,D,12,D,300,D,,A,,A,2,D,,A,03,D
20241,05416813,35,0,1,160,D,1,D,12,D,72500,T,,A,,A,2,D,,A,04,D
20241,05417603,38,0,2,110,D,4,D,10,D,,A,,A,2750,D,1,D,1000,D,02,D
20241,05418013,23,0,1,100,D,1,D,12,D,500,D,,A,,A,2,D,,A,01,D
20241,05418863,17,0,1,110,D,2,D,10,D,,A,,A,,A,2,D,,A,01,D
20241,05421493,25,0,1,100,D,1,D,11,D,1000,F,,A,,A,1,D,,A,02,D
20241,05421643,18,0,1,100,D,4,D,12,D,,A,10000,D,,A,1,D,10000,D,01,D
20241,05422643,32,0,1,110,D,1,D,12,D,21000,D,,A,,A,2,D,,A,03,D
20241,05423923,22,0,1,150,D,3,D,01,D,,A,,A,,A,2,D,,A,02,D
20241,05424853,47,0,1,110,D,2,D,12,D,,A,,A,,A,1,D,10000,D,01,D
20241,05425083,17,0,2,110,D,1,D,11,D,38000,D,,A,,A,1,D,,A,01,D
20241,05425083,18,0,1,110,D,1,D,12,D,10000,D,,A,,A,1,D,35000,D,02,D
20241,05426003,41,0,1,110,D,2,D,12,D,,A,,A,,A,2,D,,A,02,D
20241,05426003,42,0,1,100,D,2,D,12,D,,A,,A,,A,2,D,,A,03,D
20241,05426053,40,0,1,100,D,2,D,11,D,,A,,A,,A,1,D,,A,01,D
20241,05426053,41,0,1,110,D,2,D,11,D,,A,,A,,A,1,D,,A,02,D
20241,05426113,29,0,1,110,D,4,D,01,D,,A,16500,D,,A,1,D,4000,D,01,D
20241,05426183,20,0,1,110,D,1,D,11,D,1600,F,,A,,A,2,D,,A,01,D
20241,05427883,7,0,1,100,D,4,D,01,D,,A,,A,,A,2,D,,A,01,D
20241,05428313,46,0,1,135,D,6,D,11,D,,A,,A,,A,2,D,,A,03,D
20241,05430123,37,0,1,110,D,2,D,01,D,,A,,A,,A,1,D,5000,D,01,D
20241,05430473,28,0,1,100,D,4,D,12,D,,A,5200,D,,A,1,D,190,D,02,D
20241,05432363,25,0,1,110,D,4,D,01,D,,A,8000,D,,A,2,D,,A,02,D
20241,05432493,21,0,1,100,D,4,D,01,D,,A,,A,,A,2,D,,A,03,D
20241,05432553,17,0,1,,B,6,D,11,D,,A,,A,,A,2,D,,A,02,D
20241,05432573,29,0,2,110,D,6,D,11,D,,A,,A,,A,2,D,,A,01,D
20241,05432783,37,0,1,100,D,1,D,01,D,6000,D,,A,,A,2,D,,A,01,D
20241,05433593,28,0,1,100,D,1,D,12,D,4000,F,,A,,A,2,D,,A,04,D
20241,05434383,23,0,1,100,D,3,D,12,D,,A,,A,,A,2,D,,A,02,D
20241,05434663,25,0,1,100,D,4,D,11,D,,A,,A,,A,2,D,,A,01,D
20241,05434843,11,0,1,100,D,6,D,11,D,,A,,A,,A,2,D,,A,01,D
20241,05438383,13,0,1,100,D,6,D,01,D,,A,,A,,A,2,D,,A,01,D
20241,05439393,40,0,1,110,D,6,D,01,D,,A,,A,,A,2,D,,A,02,D
20241,05439393,41,0,1,110,D,2,D,01,D,,A,,A,,A,2,D,,A,03,D
20241,05439393,42,0,1,100,D,1,D,12,D,12000,D,,A,,A,2,D,,A,05,D
20241,05440283,27,0,1,110,D,2,D,01,D,,A,,A,,A,2,D,,A,01,D
20241,05441253,23,0,2,100,D,1,D,12,D,1000,D,,A,,A,2,D,,A,02,D
20241,05443793,37,0,1,110,D,3,D,02,D,,A,,A,,A,2,D,,A,02,D
20241,05443823,37,0,2,100,D,2,D,12,D,,A,,A,,A,2,D,,A,03,D
20241,05443993,20,0,1,100,D,2,D,01,D,,A,,A,,A,2,D,,A,02,D
20241,05444733,44,0,1,110,D,1,D,12,D,4300,D,,A,,A,2,D,,A,01,D
20241,05445183,23,0,2,110,D,6,D,12,D,,A,,A,,A,2,D,,A,01,D
20241,05538512,13,0,1,110,D,6,D,10,D,,A,,A,,A,2,D,,A,01,D
20241,05540822,27,0,1,110,D,2,D,12,D,,A,,A,,A,2,D,,A,02,D
20241,05540874,17,0,1,110,D,4,D,12,D,,A,,A,5000,D,1,D,8500,D,02,D
20241,05542292,20,0,1,110,D,4,D,10,D,,A,2000,D,,A,1,D,,A,01,D
20241,05544142,22,0,1,100,D,1,D,12,D,1500,D,,A,,A,2,D,,A,02,D
20241,05545172,12,0,1,100,D,1,D,12,D,2500,D,,A,,A,2,D,,A,01,D
20241,05546382,24,0,1,110,D,6,D,12,D,,A,,A,,A,2,D,,A,02,D
20241,05546712,45,0,1,100,D,1,D,11,D,1100,D,,A,,A,2,D,,A,02,D
20241,05546712,46,0,2,100,D,1,D,10,D,1120,D,,A,,A,2,D,,A,03,D
20241,05547052,37,0,1,110,D,2,D,11,D,,A,,A,,A,2,D,,A,01,D
20241,05547602,15,0,1,110,D,3,D,11,D,,A,,A,,A,2,D,,A,01,D
20241,05549402,23,0,1,110,D,1,D,10,D,4600,D,,A,,A,2,D,,A,02,D
20241,05550212,13,0,1,200,D,6,D,01,D,,A,,A,,A,,C,,A,02,D
20241,05550252,33,0,1,150,D,1,D,12,D,2000,D,,A,,A,2,D,,A,02,D
20241,05552172,52,0,1,110,D,4,D,11,D,,A,1000,D,,A,2,D,,A,02,D
20241,05552342,37,0,1,110,D,3,D,01,D,,A,,A,,A,2,D,,A,02,D
20241,05554252,45,0,1,200,D,4,D,11,D,,A,7200,D,,A,2,D,,A,04,D
20241,05554522,9,0,1,110,D,6,D,12,D,,A,,A,,A,2,D,,A,01,D
20241,05557392,29,0,1,110,D,1,D,11,D,4900,D,,A,,A,1,D,,A,02,D
20241,05557542,34,0,1,110,D,1,D,12,D,4000,D,,A,,A,2,D,,A,01,D
20241,05557542,35,0,1,100,D,4,D,01,D,,A,,A,,A,2,D,,A,02,D
20241,05557702,25,0,1,110,D,1,D,11,D,7000,D,,A,,A,2,D,,A,02,D
20241,05557862,24,0,1,100,D,4,D,01,D,,A,9000,D,,A,2,D,,A,01,D
20241,05557872,71,0,1,110,D,2,D,12,D,,A,,A,,A,2,D,,A,02,D
20241,05559732,40,0,1,100,D,1,D,12,D,2000,D,,A,,A,2,D,,A,01,D
20241,05563992,43,0,1,100,D,1,D,02,D,4000,D,,A,,A,2,D,,A,03,D
20241,05564072,42,0,1,110,D,2,D,01,D,,A,,A,,A,2,D,,A,02,D
20241,05565182,24,0,1,100,D,4,D,12,D,,A,2000,D,,A,2,D,,A,03,D
20241,05566702,29,0,1,100,D,2,D,12,D,,A,,A,,A,2,D,,A,02,D
20241,05566852,28,0,1,110,D,3,D,01,D,,A,,A,,A,2,D,,A,01,D
20241,05567282,16,0,1,100,D,4,D,02,D,,A,,A,,A,2,D,,A,03,D
20241,05568722,35,0,1,100,D,1,D,12,D,400,D,,A,,A,2,D,,A,01,D
20241,05569372,18,0,1,110,D,2,D,01,D,,A,,A,,A,1,D,10000,D,01,D
20241,05570202,31,0,1,110,D,2,D,12,D,,A,,A,,A,2,D,,A,02,D
20241,05570342,32,0,1,100,D,3,D,12,D,,A,,A,,A,2,D,,A,02,D
20241,05570982,24,0,1,100,D,6,D,12,D,,A,,A,,A,2,D,,A,01,D
20241,05571042,15,0,1,100,D,2,D,01,D,,A,,A,,A,1,D,,A,01,D
20241,05571062,21,0,1,100,D,3,D,01,D,,A,,A,,A,2,D,,A,02,D
20241,05572482,26,0,1,110,D,2,D,12,D,,A,,A,,A,2,D,,A,01,D
20241,05575661,31,0,1,100,D,1,D,10,D,1000,D,,A,,A,2,D,,A,04,D
20241,05577484,14,0,1,110,D,4,D,10,D,,A,350,D,,A,2,D,,A,02,D
20241,05579881,16,0,1,100,D,6,D,10,D,,A,,A,,A,1,D,,A,02,D
20241,05581071,13,0,1,110,D,1,D,12,D,4500,D,,A,,A,2,D,,A,02,D
20241,05584051,23,0,1,120,D,1,D,11,D,70000,D,,A,,A,2,D,,A,02,D
20241,05587391,16,0,1,100,D,2,D,12,D,,A,,A,,A,2,D,,A,02,D
20241,05589031,21,0,1,110,D,1,D,12,D,1600,D,,A,,A,2,D,,A,03,D
20241,05589071,44,0,1,180,D,1,D,11,D,4000,D,,A,,A,2,D,,A,02,D
20241,05589882,15,0,1,110,D,4,D,11,D,,A,3000,D,,A,2,D,,A,03,D
20241,05589882,16,0,1,100,D,4,D,11,D,,A,7000,D,,A,1,D,6000,F,04,D
20241,05599921,28,0,1,110,D,2,D,02,D,,A,,A,,A,2,D,,A,02,D
20241,05604081,21,0,1,100,D,1,D,12,D,11000,D,,A,,A,2,D,,A,02,D
20241,05605021,18,0,1,110,D,3,D,02,D,,A,,A,,A,2,D,,A,03,D
