QYEAR,NEWID,MEMBNO,SEQNO,ALCNO,REC_ORIG,PBTPD,PBTPD_,PBTDAYX,PBTDAYX_,JPBTAMTX,JPBT_MTX
20232,05091034,1,9,0,1,3,D,,A,90,D
20232,05091454,1,11,0,1,3,D,,A,336,D
20232,05091584,1,19,0,1,3,D,,A,180,D
20232,05091814,1,16,0,1,7,D,,A,35,D
20232,05092704,1,5,0,1,3,D,,A,300,D
20232,05093494,1,15,0,1,3,D,,A,381,D
20232,05093494,2,16,0,1,3,D,,A,60,D
20232,05094234,1,25,0,1,4,D,,A,5,D
20232,05094544,3,19,0,1,2,D,,A,260,D
20232,05094684,2,9,0,1,3,D,,A,60,D
20232,05096464,1,18,0,1,3,D,,A,75,D
20232,05096464,2,19,0,1,3,D,,A,75,D
20232,05096684,1,30,0,1,3,D,,A,90,D
20232,05097334,1,35,0,1,7,D,,A,5,D
20232,05097334,2,36,0,1,7,D,,A,5,D
20232,05097374,1,8,0,1,3,D,,A,30,D
20232,05097944,1,8,0,1,3,D,,A,150,D
20232,05098094,1,11,0,1,7,D,,A,2,D
20232,05098464,1,21,0,1,2,D,,A,26,D
20232,05098464,5,22,0,1,1,D,5,D,260,D
20232,05098694,2,18,0,1,2,D,,A,910,D
20232,05098814,1,15,0,1,,A,,A,127,F
20232,05099144,1,28,0,1,3,D,,A,60,D
20232,05099944,1,36,0,1,7,D,,A,100,D
20232,05099944,2,37,0,1,7,D,,A,100,D
20232,05099944,3,38,0,1,7,D,,A,100,D
20232,05100174,1,11,0,1,2,D,,A,52,D
20232,05100944,1,10,0,1,3,D,,A,87,D
20232,05100994,1,43,0,1,4,D,,A,20,D
20232,05101594,1,10,0,1,5,D,,A,2,D
20232,05102584,2,49,0,1,3,D,,A,180,D
20232,05102584,3,50,0,1,3,D,,A,360,D
20232,05103134,1,32,0,1,,A,,A,317,F
20232,05103134,2,33,0,1,,A,,A,317,F
20232,05103134,3,34,0,1,,A,,A,317,F
20232,05103134,4,35,0,1,,A,,A,317,F
20232,05103384,1,33,0,1,3,D,,A,15,D
20232,05103394,2,41,0,1,7,D,,A,40,D
20232,05104044,1,20,0,1,2,D,,A,780,D
20232,05104144,31,21,0,1,3,D,,A,135,D
20232,05104254,1,10,0,1,2,D,,A,260,D
20232,05104484,1,13,0,1,6,D,,A,25,D
20232,05104574,1,25,0,1,4,D,,A,5,D
20232,05104644,1,39,0,1,7,D,,A,20,D
20232,05105174,1,17,0,1,3,D,,A,390,D
20232,05105174,2,18,0,1,3,D,,A,390,D
20232,05105344,1,28,0,1,3,D,,A,381,D
20232,05105344,2,29,0,1,3,D,,A,381,D
20232,05105344,3,30,0,1,3,D,,A,381,D
20232,05106234,2,14,0,1,2,D,,A,351,D
20232,05106554,1,6,0,1,4,D,,A,75,D
20232,05107644,1,26,0,1,4,D,,A,35,D
20232,05108314,1,6,0,1,2,D,,A,104,D
20232,05108584,1,15,0,1,2,D,,A,650,D
20232,05108584,2,16,0,1,2,D,,A,650,D
20232,05108584,3,17,0,1,3,D,,A,75,D
20232,05109064,1,58,0,1,3,D,,A,30,D
20232,05109064,2,59,0,1,3,D,,A,30,D
20232,05109634,1,53,0,1,4,D,,A,5,D
20232,05110244,2,16,0,1,7,D,,A,6,D
20232,05110244,3,17,0,1,2,D,,A,364,D
20232,05110754,2,37,0,1,3,D,,A,96,D
20232,05111124,1,11,0,1,3,D,,A,27,D
20232,05111124,2,12,0,1,3,D,,A,27,D
20232,05111804,1,11,0,1,4,D,,A,10,D
20232,05112794,1,5,0,1,2,D,,A,156,D
20232,05113134,1,11,0,1,7,D,,A,20,D
20232,05113504,1,10,0,1,3,D,,A,90,D
20232,05113864,1,23,0,1,3,D,,A,108,D
20232,05113874,1,31,0,1,3,D,,A,60,D
20232,05114194,1,8,0,1,7,D,,A,10,D
20232,05114684,1,26,0,1,7,D,,A,5,D
20232,05115234,1,32,0,1,3,D,,A,165,D
20232,05115704,1,32,0,1,4,D,,A,17,D
20232,05115714,1,26,0,1,3,D,,A,90,D
20232,05115714,2,27,0,1,3,D,,A,60,D
20232,05115864,2,18,0,1,3,D,,A,105,D
20232,05115914,2,17,0,1,2,D,,A,520,D
20232,05116624,1,24,0,1,3,D,,A,15,D
20232,05116654,2,32,0,1,3,D,,A,120,D
20232,05117394,1,14,0,1,7,D,,A,5,D
20232,05117744,1,16,0,1,4,D,,A,375,D
20232,05117744,2,17,0,1,4,D,,A,375,D
20232,05117744,3,18,0,1,,A,,A,191,F
20232,05117924,1,33,0,1,3,D,,A,180,D
20232,05117924,2,34,0,1,3,D,,A,60,D
20232,05117954,1,29,0,1,2,D,,A,65,D
20232,05118214,1,8,0,1,3,D,,A,15,D
20232,05118394,1,42,0,1,3,D,,A,30,D
20232,05118504,1,13,0,1,4,D,,A,25,D
20232,05118884,1,28,0,1,3,D,,A,66,D
20232,05118884,2,29,0,1,3,D,,A,69,D
20232,05119214,1,15,0,1,3,D,,A,363,D
20232,05119944,1,11,0,1,3,D,,A,411,D
20232,05119944,2,12,0,1,3,D,,A,411,D
20232,05119944,3,13,0,1,3,D,,A,411,D
20232,05119944,4,14,0,1,3,D,,A,411,D
20232,05119944,5,15,0,1,3,D,,A,411,D
20232,05121024,1,60,0,1,3,D,,A,1050,D
20232,05121024,2,61,0,1,3,D,,A,1050,D
20232,05121724,2,16,0,1,3,D,,A,60,D
20232,05121904,1,20,0,1,4,D,,A,200,D
20232,05122404,1,36,0,1,3,D,,A,108,D
20232,05122844,1,9,0,1,2,D,,A,78,D
20232,05124014,2,35,0,1,,A,,A,137,F
20232,05124384,31,31,0,1,7,D,,A,197,D
20232,05124404,1,32,0,1,7,D,,A,5,D
20232,05124404,2,33,0,1,7,D,,A,5,D
20232,05124404,3,34,0,1,7,D,,A,5,D
20232,05124404,4,35,0,1,7,D,,A,5,D
20232,05124464,2,31,0,1,4,D,,A,25,D
20232,05124464,3,32,0,1,4,D,,A,25,D
20232,05125214,1,29,0,1,7,D,,A,7,D
20232,05125214,2,30,0,1,7,D,,A,7,D
20232,05201603,1,16,0,1,7,D,,A,5,D
20232,05201813,1,33,0,1,7,D,,A,40,D
20232,05201953,1,13,0,1,3,D,,A,75,D
20232,05201953,2,14,0,1,3,D,,A,75,D
20232,05202003,1,25,0,1,,A,,A,202,F
20232,05203193,3,7,0,1,3,D,,A,135,D
20232,05203313,1,7,0,1,1,D,2,D,52,D
20232,05203863,2,12,0,1,3,D,,A,1200,D
20232,05204403,1,16,0,1,2,D,,A,130,D
20232,05204403,2,17,0,1,2,D,,A,130,D
20232,05205513,1,42,0,1,7,D,,A,130,D
20232,05205513,2,43,0,1,7,D,,A,130,D
20232,05205783,1,35,0,1,7,D,,A,10,D
20232,05205783,2,36,0,1,7,D,,A,10,D
20232,05206073,3,25,0,1,4,D,,A,20,D
20232,05206073,4,26,0,1,4,D,,A,20,D
20232,05206423,1,6,0,1,3,D,,A,9,D
20232,05206663,4,24,0,1,3,D,,A,600,D
20232,05206833,1,18,0,1,3,D,,A,240,D
20232,05206883,1,8,0,1,2,D,,A,78,D
20232,05206903,1,17,0,1,1,D,5,D,195,D
20232,05207133,1,23,0,1,4,D,,A,33,D
20232,05207183,1,43,0,1,7,D,,A,14,D
20232,05208173,1,50,0,1,7,D,,A,28,D
20232,05208173,31,51,0,1,,A,,A,137,F
20232,05208313,2,48,0,1,2,D,,A,260,D
20232,05208663,1,7,0,1,1,D,3,D,195,D
20232,05209453,1,28,0,1,7,D,,A,100,D
20232,05209823,1,16,0,1,3,D,,A,210,D
20232,05210813,1,6,0,1,2,D,,A,260,D
20232,05211213,1,12,0,1,3,D,,A,60,D
20232,05212453,1,46,0,1,7,D,,A,38,D
20232,05212593,1,10,0,1,2,D,,A,260,D
20232,05214073,1,15,0,1,2,D,,A,325,D
20232,05214223,1,25,0,1,3,D,,A,90,D
20232,05214513,1,27,0,1,4,D,,A,110,D
20232,05214513,2,28,0,1,4,D,,A,65,D
20232,05214913,1,11,0,1,3,D,,A,30,D
20232,05215023,1,22,0,1,6,D,,A,50,D
20232,05215363,1,10,0,1,4,D,,A,15,D
20232,05216423,1,9,0,1,3,D,,A,60,D
20232,05216473,1,30,0,1,3,D,,A,45,D
20232,05216713,1,25,0,1,7,D,,A,15,D
20232,05217483,1,63,0,1,7,D,,A,25,D
20232,05217713,1,25,0,1,3,D,,A,240,D
20232,05218063,1,52,0,1,1,D,2,D,390,D
20232,05218283,1,14,0,1,7,D,,A,30,D
20232,05218703,1,10,0,1,4,D,,A,10,D
20232,05218703,2,11,0,1,4,D,,A,10,D
20232,05218703,3,12,0,1,4,D,,A,10,D
20232,05218703,4,13,0,1,4,D,,A,10,D
20232,05218703,5,14,0,1,4,D,,A,10,D
20232,05218703,6,15,0,1,4,D,,A,10,D
20232,05218993,1,24,0,1,2,D,,A,520,D
20232,05218993,2,25,0,1,2,D,,A,1915,T
20232,05220243,2,28,0,1,3,D,,A,180,D
20232,05221003,1,6,0,1,2,D,,A,195,D
20232,05221003,2,7,0,1,2,D,,A,325,D
20232,05221523,1,20,0,1,3,D,,A,90,D
20232,05221613,1,27,0,1,7,D,,A,186,D
20232,05221873,1,6,0,1,3,D,,A,30,D
20232,05221973,1,32,0,1,7,D,,A,20,D
20232,05222163,1,13,0,1,1,D,5,D,910,D
20232,05222583,1,16,0,1,3,D,,A,60,D
20232,05222763,1,8,0,1,3,D,,A,300,D
20232,05222763,2,9,0,1,3,D,,A,300,D
20232,05222763,3,10,0,1,3,D,,A,300,D
20232,05224173,1,7,0,1,3,D,,A,66,D
20232,05224283,1,15,0,1,3,D,,A,60,D
20232,05224783,1,12,0,1,4,D,,A,150,D
20232,05224933,1,24,0,1,7,D,,A,14,D
20232,05225063,1,46,0,1,7,D,,A,100,D
20232,05225363,1,23,0,1,3,D,,A,6,D
20232,05225363,2,24,0,1,3,D,,A,24,D
20232,05225503,1,9,0,1,3,D,,A,168,D
20232,05225623,3,24,0,1,4,D,,A,20,D
20232,05226523,1,36,0,1,3,D,,A,198,D
20232,05226523,2,37,0,1,3,D,,A,198,D
20232,05226723,1,34,0,1,7,D,,A,20,D
20232,05226723,2,35,0,1,7,D,,A,20,D
20232,05226723,3,36,0,1,7,D,,A,20,D
20232,05227623,1,14,0,1,2,D,,A,65,D
20232,05227623,2,15,0,1,2,D,,A,65,D
20232,05227773,1,14,0,1,3,D,,A,75,D
20232,05228153,1,7,0,1,3,D,,A,240,D
20232,05228803,2,17,0,1,2,D,,A,195,D
20232,05229473,1,24,0,1,7,D,,A,5,D
20232,05229693,1,6,0,1,3,D,,A,6,D
20232,05229943,1,12,0,1,1,D,2,D,52,D
20232,05229963,1,30,0,1,3,D,,A,15,D
20232,05231023,1,11,0,1,3,D,,A,300,D
20232,05231153,1,18,0,1,3,D,,A,60,D
20232,05231153,2,19,0,1,3,D,,A,60,D
20232,05231213,1,16,0,1,3,D,,A,42,D
20232,05231233,2,8,0,1,2,D,,A,520,D
20232,05231273,1,53,0,1,3,D,,A,1020,D
20232,05231273,4,54,0,1,3,D,,A,1020,D
20232,05232263,1,18,0,1,3,D,,A,660,D
20232,05232293,1,16,0,1,7,D,,A,3,D
20232,05232373,1,12,0,1,3,D,,A,150,D
20232,05232853,1,13,0,1,2,D,,A,520,D
20232,05233463,1,34,0,1,7,D,,A,210,D
20232,05233783,3,9,0,1,3,D,,A,48,D
20232,05233783,4,10,0,1,3,D,,A,48,D
20232,05234493,1,20,0,1,3,D,,A,300,D
20232,05234493,2,21,0,1,3,D,,A,60,D
20232,05234903,1,55,0,1,3,D,,A,60,D
20232,05234903,2,56,0,1,3,D,,A,150,D
20232,05235013,1,17,0,1,4,D,,A,60,D
20232,05235043,1,15,0,1,2,D,,A,273,D
20232,05235723,1,21,0,1,7,D,,A,100,D
20232,05235723,2,22,0,1,7,D,,A,100,D
20232,05235843,3,9,0,1,2,D,,A,390,D
20232,05235843,5,10,0,1,2,D,,A,390,D
20232,05236023,3,22,0,1,3,D,,A,900,D
20232,05251852,1,24,0,1,7,D,,A,7,D
20232,05251982,1,50,0,1,3,D,,A,60,D
20232,05252713,1,28,0,1,3,D,,A,360,D
20232,05253582,1,27,0,1,2,D,,A,585,D
20232,05254442,2,28,0,1,7,D,,A,30,D
20232,05254472,1,16,0,1,3,D,,A,150,D
20232,05254702,1,40,0,1,7,D,,A,20,D
20232,05254802,1,14,0,1,3,D,,A,81,D
20232,05254862,1,16,0,1,7,D,,A,60,D
20232,05255222,2,37,0,1,3,D,,A,330,D
20232,05255222,3,38,0,1,3,D,,A,330,D
20232,05255222,4,39,0,1,3,D,,A,330,D
20232,05256042,1,19,0,1,3,D,,A,15,D
20232,05257012,1,8,0,1,4,D,,A,20,D
20232,05257352,1,35,0,1,4,D,,A,4,D
20232,05257592,1,5,0,1,3,D,,A,60,D
20232,05257642,1,6,0,1,3,D,,A,72,D
20232,05257882,1,5,0,1,3,D,,A,300,D
20232,05258062,1,15,0,1,3,D,,A,48,D
20232,05259562,1,13,0,1,3,D,,A,21,D
20232,05260002,1,23,0,1,7,D,,A,71,D
20232,05260462,1,7,0,1,2,D,,A,130,D
20232,05260792,1,34,0,1,7,D,,A,28,D
20232,05260792,2,35,0,1,7,D,,A,28,D
20232,05261102,1,42,0,1,7,D,,A,80,D
20232,05261102,2,43,0,1,7,D,,A,80,D
20232,05261102,3,44,0,1,7,D,,A,80,D
20232,05261102,4,45,0,1,7,D,,A,80,D
20232,05261102,5,46,0,1,7,D,,A,80,D
20232,05261102,6,47,0,1,7,D,,A,80,D
20232,05261102,7,48,0,1,7,D,,A,7,D
20232,05261562,2,51,0,1,3,D,,A,30,D
20232,05261562,3,52,0,1,3,D,,A,45,D
20232,05261942,4,17,0,1,7,D,,A,180,D
20232,05263162,1,5,0,1,3,D,,A,51,D
20232,05263332,1,22,0,1,1,D,1,D,13,D
20232,05263732,2,6,0,1,2,D,,A,429,D
20232,05263932,1,33,0,1,4,D,,A,150,D
20232,05263992,1,19,0,1,4,D,,A,200,D
20232,05263992,2,20,0,1,4,D,,A,200,D
20232,05264012,1,5,0,1,3,D,,A,240,D
20232,05264182,1,9,0,1,7,D,,A,5,D
20232,05264872,1,21,0,1,7,D,,A,3,D
20232,05264872,2,22,0,1,7,D,,A,3,D
20232,05265872,1,6,0,1,3,D,,A,60,D
20232,05265942,1,14,0,1,3,D,,A,45,D
20232,05266762,2,24,0,1,2,D,,A,156,D
20232,05267182,1,18,0,1,2,D,,A,390,D
20232,05267522,1,41,0,1,7,D,,A,40,D
20232,05267522,2,42,0,1,7,D,,A,40,D
20232,05267522,3,43,0,1,7,D,,A,40,D
20232,05267522,4,44,0,1,7,D,,A,40,D
20232,05268722,1,14,0,1,6,D,,A,50,D
20232,05269372,1,44,0,1,3,D,,A,30,D
20232,05269472,3,42,0,1,4,D,,A,50,D
20232,05270052,2,33,0,1,7,D,,A,20,D
20232,05270102,2,13,0,1,1,D,5,D,780,D
20232,05270372,1,7,0,1,2,D,,A,52,D
20232,05271062,1,30,0,1,4,D,,A,50,D
20232,05271062,2,31,0,1,4,D,,A,50,D
20232,05271182,1,8,0,1,3,D,,A,120,D
20232,05271382,1,33,0,1,7,D,,A,68,D
20232,05271642,1,17,0,1,7,D,,A,350,D
20232,05272772,1,30,0,1,7,D,,A,10,D
20232,05273352,1,12,0,1,7,D,,A,2,D
20232,05273882,1,22,0,1,3,D,,A,120,D
20232,05274462,1,25,0,1,2,D,,A,520,D
20232,05274462,3,26,0,1,2,D,,A,520,D
20232,05274912,1,19,0,1,1,D,3,D,585,D
20232,05274912,2,20,0,1,2,D,,A,195,D
20232,05274912,3,21,0,1,2,D,,A,195,D
20232,05275442,1,18,0,1,2,D,,A,364,D
20232,05275852,1,5,0,1,3,D,,A,75,D
20232,05275852,2,6,0,1,3,D,,A,75,D
20232,05276142,1,13,0,1,2,D,,A,260,D
20232,05276142,2,14,0,1,3,D,,A,30,D
20232,05276522,1,19,0,1,3,D,,A,90,D
20232,05277322,1,22,0,1,3,D,,A,6,D
20232,05278532,3,22,0,1,2,D,,A,91,D
20232,05278532,4,23,0,1,2,D,,A,91,D
20232,05279692,1,24,0,1,3,D,,A,90,D
20232,05280262,1,27,0,1,3,D,,A,300,D
20232,05280652,1,16,0,1,1,D,1,D,26,D
20232,05280652,2,17,0,1,1,D,5,D,325,D
20232,05280652,3,18,0,1,1,D,5,D,325,D
20232,05280652,4,19,0,1,1,D,5,D,325,D
20232,05280712,1,53,0,1,3,D,,A,60,D
20232,05280952,1,24,0,1,2,D,,A,520,D
20232,05281232,1,18,0,1,4,D,,A,5,D
20232,05282392,1,9,0,1,3,D,,A,300,D
20232,05283022,1,9,0,1,3,D,,A,120,D
20232,05283242,1,11,0,1,1,D,1,D,52,D
20232,05284092,1,18,0,1,3,D,,A,45,D
20232,05284092,2,19,0,1,3,D,,A,30,D
20232,05284462,1,26,0,1,7,D,,A,12,D
20232,05284502,1,12,0,1,3,D,,A,300,D
20232,05285012,1,51,0,1,3,D,,A,30,D
20232,05285622,1,47,0,1,3,D,,A,300,D
20232,05285942,1,42,0,1,3,D,,A,45,D
20232,05286421,1,29,0,1,4,D,,A,11,D
20232,05286421,2,30,0,1,4,D,,A,11,D
20232,05286671,1,20,0,1,1,D,4,D,104,D
20232,05287141,1,22,0,1,3,D,,A,60,D
20232,05287771,1,21,0,1,3,D,,A,30,D
20232,05288331,1,10,0,1,3,D,,A,285,D
20232,05288331,2,11,0,1,3,D,,A,285,D
20232,05288471,2,13,0,1,3,D,,A,150,D
20232,05288941,1,23,0,1,2,D,,A,429,D
20232,05289151,1,30,0,1,3,D,,A,60,D
20232,05289261,1,5,0,1,3,D,,A,240,D
20232,05289561,2,18,0,1,3,D,,A,300,D
20232,05289681,1,18,0,1,7,D,,A,3,D
20232,05290311,1,9,0,1,7,D,,A,8,D
20232,05290541,1,8,0,1,3,D,,A,72,D
20232,05290571,2,8,0,1,3,D,,A,30,D
20232,05290591,1,6,0,1,2,D,,A,429,D
20232,05290621,1,9,0,1,3,D,,A,255,D
20232,05290621,3,10,0,1,3,D,,A,105,D
20232,05290621,4,11,0,1,3,D,,A,105,D
20232,05291091,1,44,0,1,2,D,,A,351,D
20232,05291091,3,45,0,1,2,D,,A,351,D
20232,05291091,4,46,0,1,2,D,,A,351,D
20232,05291091,5,47,0,1,2,D,,A,351,D
20232,05291151,1,24,0,1,7,D,,A,277,D
20232,05291231,1,50,0,1,3,D,,A,150,D
20232,05291581,1,17,0,1,3,D,,A,600,D
20232,05292231,1,15,0,1,3,D,,A,540,D
20232,05292231,2,16,0,1,3,D,,A,480,D
20232,05292641,1,16,0,1,7,D,,A,60,D
20232,05292741,1,13,0,1,2,D,,A,260,D
20232,05293741,1,17,0,1,3,D,,A,30,D
20232,05294081,1,22,0,1,4,D,,A,20,D
20232,05294081,2,23,0,1,4,D,,A,20,D
20232,05294371,1,41,0,1,7,D,,A,430,D
20232,05294371,2,42,0,1,7,D,,A,430,D
20232,05294511,1,5,0,1,3,D,,A,420,D
20232,05294551,1,12,0,1,3,D,,A,45,D
20232,05294751,2,24,0,1,3,D,,A,240,D
20232,05294791,1,13,0,1,3,D,,A,60,D
20232,05294791,2,14,0,1,3,D,,A,270,D
20232,05294791,3,15,0,1,3,D,,A,270,D
20232,05294791,4,16,0,1,3,D,,A,90,D
20232,05294811,3,41,0,1,2,D,,A,39,D
20232,05296401,1,28,0,1,3,D,,A,108,D
20232,05296401,2,29,0,1,3,D,,A,108,D
20232,05296641,1,16,0,1,3,D,,A,30,D
20232,05296641,2,17,0,1,1,D,5,D,390,D
20232,05296681,1,7,0,1,3,D,,A,9,D
20232,05296771,1,25,0,1,3,D,,A,60,D
20232,05296771,3,26,0,1,3,D,,A,60,D
20232,05296881,1,8,0,1,2,D,,A,65,D
20232,05296941,1,41,0,1,3,D,,A,18,D
20232,05344961,2,17,0,1,3,D,,A,60,D
20232,05345201,1,5,0,1,2,D,,A,364,D
20232,05345481,2,24,0,1,2,D,,A,962,D
20232,05345521,1,17,0,1,2,D,,A,78,D
20232,05345961,1,19,0,1,3,D,,A,120,D
20232,05346261,2,7,0,1,,A,,A,202,F
20232,05346491,1,28,0,1,2,D,,A,351,D
20232,05346491,2,29,0,1,2,D,,A,351,D
20232,05346491,3,30,0,1,2,D,,A,351,D
20232,05346491,4,31,0,1,2,D,,A,351,D
20232,05346841,1,30,0,1,7,D,,A,30,D
20232,05346841,2,31,0,1,7,D,,A,30,D
20232,05346941,1,36,0,1,7,D,,A,15,D
20232,05347271,1,22,0,1,3,D,,A,3,D
20232,05347391,1,11,0,1,3,D,,A,180,D
20232,05347961,1,19,0,1,3,D,,A,354,D
20232,05347961,2,20,0,1,3,D,,A,354,D
20232,05348121,1,8,0,1,2,D,,A,494,D
20232,05348421,2,15,0,1,3,D,,A,225,D
20232,05349751,1,22,0,1,3,D,,A,300,D
20232,05349811,2,7,0,1,3,D,,A,36,D
20232,05349831,1,21,0,1,4,D,,A,150,D
20232,05349881,2,17,0,1,4,D,,A,20,D
20232,05350141,1,31,0,1,2,D,,A,325,D
20232,05350151,1,6,0,1,3,D,,A,33,D
20232,05350151,2,7,0,1,,A,,A,160,F
20232,05350731,1,21,0,1,3,D,,A,45,D
20232,05350751,1,25,0,1,3,D,,A,300,D
20232,05350751,2,26,0,1,3,D,,A,600,D
20232,05350841,1,26,0,1,3,D,,A,60,D
20232,05351301,1,14,0,1,1,D,5,D,1040,D
20232,05351471,1,18,0,1,3,D,,A,90,D
20232,05351471,4,19,0,1,3,D,,A,300,D
20232,05351681,1,19,0,1,3,D,,A,60,D
20232,05351681,2,20,0,1,3,D,,A,45,D
20232,05351914,1,33,0,1,5,D,,A,13,D
20232,05352901,1,8,0,1,7,D,,A,50,D
20232,05353331,3,31,0,1,3,D,,A,90,D
20232,05353621,1,7,0,1,7,D,,A,10,D
20232,05354084,1,8,0,1,7,D,,A,25,D
20232,05354151,1,8,0,1,3,D,,A,210,D
20232,05354671,1,22,0,1,3,D,,A,30,D
20232,05354981,1,28,0,1,3,D,,A,60,D
20232,05355191,1,13,0,1,2,D,,A,351,D
20232,05355191,2,14,0,1,2,D,,A,351,D
20232,05355371,1,8,0,1,2,D,,A,156,D
20232,05355631,1,30,0,1,7,D,,A,8,D
20232,05355631,2,31,0,1,7,D,,A,8,D
20232,05355694,1,19,0,1,4,D,,A,90,D
20232,05356031,1,16,0,1,4,D,,A,50,D
20232,05356251,1,18,0,1,2,D,,A,390,D
20232,05356251,2,19,0,1,3,D,,A,900,D
20232,05356251,3,20,0,1,2,D,,A,650,D
20232,05356291,1,19,0,1,7,D,,A,25,D
20232,05356291,2,20,0,1,7,D,,A,25,D
20232,05356361,1,9,0,1,3,D,,A,15,D
20232,05356411,1,19,0,1,7,D,,A,5,D
20232,05356551,1,24,0,1,7,D,,A,40,D
20232,05356591,1,7,0,1,4,D,,A,16,D
20232,05357481,1,37,0,1,7,D,,A,5,D
20232,05358001,1,18,0,1,7,D,,A,20,D
20232,05358441,1,54,0,1,7,D,,A,20,D
20232,05358951,31,17,0,1,4,D,,A,50,D
20232,05359081,1,18,0,1,4,D,,A,150,D
20232,05359201,1,13,0,1,3,D,,A,36,D
20232,05359201,2,14,0,1,3,D,,A,36,D
20232,05359201,3,15,0,1,3,D,,A,36,D
20232,05359201,4,16,0,1,3,D,,A,36,D
20232,05359541,1,25,0,1,7,D,,A,6,D
20232,05359562,1,5,0,1,,A,,A,160,F
20232,05359911,1,19,0,1,3,D,,A,195,D
20232,05360061,1,11,0,1,7,D,,A,20,D
20232,05360823,1,29,0,1,7,D,,A,11,D
20232,05360831,1,23,0,1,7,D,,A,20,D
20232,05361051,2,13,0,1,,A,,A,191,F
20232,05361491,3,21,0,1,3,D,,A,9,D
20232,05361941,1,12,0,1,2,D,,A,416,D
20232,05363181,1,26,0,1,4,D,,A,249,D
20232,05363701,1,21,0,1,3,D,,A,183,D
20232,05363851,2,8,0,1,2,D,,A,520,D
20232,05364181,2,15,0,1,3,D,,A,60,D
20232,05364281,1,9,0,1,2,D,,A,260,D
20232,05364351,1,10,0,1,7,D,,A,6,D
20232,05364531,1,30,0,1,7,D,,A,6,D
20232,05364571,1,5,0,1,,A,,A,317,F
20232,05364651,1,25,0,1,4,D,,A,8,D
20232,05364651,2,26,0,1,4,D,,A,8,D
20232,05365161,1,14,0,1,2,D,,A,65,D
20232,05365201,1,14,0,1,4,D,,A,50,D
20232,05365321,5,20,0,1,3,D,,A,30,D
20232,05365381,1,8,0,1,3,D,,A,150,D
20232,05365451,1,20,0,1,4,D,,A,15,D
20232,05365451,2,21,0,1,4,D,,A,15,D
20232,05365631,3,34,0,1,3,D,,A,120,D
20232,05365791,1,20,0,1,7,D,,A,35,D
20232,05365791,2,21,0,1,,A,,A,186,F
20232,05365931,1,19,0,1,7,D,,A,20,D
20232,05366071,1,26,0,1,2,D,,A,364,D
20232,05366334,1,18,0,1,3,D,,A,30,D
20233,05201914,1,5,0,1,3,D,,A,135,D
20233,05201954,1,8,0,1,3,D,,A,45,D
20233,05201954,2,9,0,1,3,D,,A,60,D
20233,05203314,1,26,0,1,3,D,,A,135,D
20233,05203664,1,35,0,1,7,D,,A,20,D
20233,05203664,2,36,0,1,7,D,,A,20,D
20233,05203664,3,37,0,1,7,D,,A,20,D
20233,05204614,1,38,0,1,7,D,,A,20,D
20233,05204614,2,39,0,1,7,D,,A,20,D
20233,05205004,1,27,0,1,7,D,,A,10,D
20233,05205184,1,32,0,1,3,D,,A,96,D
20233,05206424,1,7,0,1,3,D,,A,18,D
20233,05206664,2,19,0,1,4,D,,A,200,D
20233,05206694,1,5,0,1,3,D,,A,300,D
20233,05206884,1,14,0,1,3,D,,A,60,D
20233,05206884,2,15,0,1,3,D,,A,300,D
20233,05206894,1,11,0,1,3,D,,A,90,D
20233,05206904,1,16,0,1,2,D,,A,182,D
20233,05207134,1,24,0,1,7,D,,A,21,D
20233,05208174,3,58,0,1,3,D,,A,48,D
20233,05208254,2,10,0,1,2,D,,A,130,D
20233,05208694,1,15,0,1,2,D,,A,260,D
20233,05208724,1,22,0,1,7,D,,A,20,D
20233,05210264,1,16,0,1,2,D,,A,780,D
20233,05210744,1,50,0,1,7,D,,A,14,D
20233,05210744,2,51,0,1,7,D,,A,14,D
20233,05210744,3,52,0,1,7,D,,A,6,D
20233,05210744,4,53,0,1,7,D,,A,6,D
20233,05211054,1,49,0,1,7,D,,A,13,D
20233,05211054,2,50,0,1,7,D,,A,13,D
20233,05211154,1,45,0,1,7,D,,A,5,D
20233,05211214,1,11,0,1,3,D,,A,30,D
20233,05211344,1,23,0,1,7,D,,A,22,D
20233,05213754,3,26,0,1,3,D,,A,381,D
20233,05214104,1,28,0,1,7,D,,A,10,D
20233,05214214,1,13,0,1,2,D,,A,260,D
20233,05214224,1,26,0,1,3,D,,A,120,D
20233,05214394,1,33,0,1,7,D,,A,30,D
20233,05214514,1,24,0,1,2,D,,A,260,D
20233,05214804,1,9,0,1,1,D,3,D,156,D
20233,05214914,1,14,0,1,3,D,,A,30,D
20233,05215364,1,13,0,1,3,D,,A,30,D
20233,05215754,1,47,0,1,7,D,,A,5,D
20233,05216274,1,15,0,1,4,D,,A,90,D
20233,05216424,1,7,0,1,3,D,,A,60,D
20233,05216474,1,30,0,1,3,D,,A,60,D
20233,05216924,1,7,0,1,7,D,,A,12,D
20233,05216994,4,46,0,1,7,D,,A,186,D
20233,05216994,31,47,0,1,7,D,,A,31,D
20233,05217584,1,11,0,1,3,D,,A,150,D
20233,05217584,2,12,0,1,3,D,,A,150,D
20233,05217714,1,25,0,1,3,D,,A,150,D
20233,05218284,1,14,0,1,7,D,,A,52,D
20233,05218334,1,19,0,1,7,D,,A,92,D
20233,05218334,2,20,0,1,,A,,A,139,F
20233,05218554,4,12,0,1,1,D,5,D,325,D
20233,05218654,1,28,0,1,7,D,,A,80,D
20233,05218654,2,29,0,1,7,D,,A,80,D
20233,05218654,3,30,0,1,7,D,,A,80,D
20233,05218654,4,31,0,1,7,D,,A,80,D
20233,05218764,1,5,0,1,3,D,,A,96,D
20233,05218974,1,8,0,1,3,D,,A,231,D
20233,05218994,2,16,0,1,2,D,,A,780,D
20233,05219994,1,13,0,1,3,D,,A,780,D
20233,05220194,1,32,0,1,3,D,,A,360,D
20233,05220244,1,26,0,1,3,D,,A,210,D
20233,05221524,1,18,0,1,3,D,,A,120,D
20233,05222164,1,15,0,1,4,D,,A,810,D
20233,05222604,1,37,0,1,7,D,,A,5,D
20233,05223644,2,24,0,1,2,D,,A,390,D
20233,05224174,1,8,0,1,3,D,,A,66,D
20233,05224284,1,15,0,1,3,D,,A,150,D
20233,05224644,1,60,0,1,1,D,1,D,91,D
20233,05224644,4,61,0,1,1,D,1,D,91,D
20233,05224694,1,7,0,1,2,D,,A,325,D
20233,05224744,1,28,0,1,7,D,,A,6,D
20233,05224784,1,12,0,1,3,D,,A,225,D
20233,05225194,1,43,0,1,7,D,,A,3,D
20233,05225194,2,44,0,1,7,D,,A,3,D
20233,05225194,3,45,0,1,7,D,,A,3,D
20233,05225194,4,46,0,1,7,D,,A,3,D
20233,05225364,1,21,0,1,7,D,,A,39,D
20233,05225364,2,22,0,1,3,D,,A,75,D
20233,05225504,1,5,0,1,3,D,,A,168,D
20233,05225624,1,25,0,1,7,D,,A,10,D
20233,05225624,2,26,0,1,7,D,,A,10,D
20233,05225624,3,27,0,1,7,D,,A,10,D
20233,05226044,2,29,0,1,,A,,A,194,F
20233,05226944,1,10,0,1,3,D,,A,900,D
20233,05226944,2,11,0,1,3,D,,A,0,D
20233,05226944,3,12,0,1,3,D,,A,0,D
20233,05227564,3,20,0,1,4,D,,A,90,D
20233,05227624,1,14,0,1,3,D,,A,30,D
20233,05228154,1,10,0,1,3,D,,A,240,D
20233,05228554,1,41,0,1,3,D,,A,15,D
20233,05228654,1,18,0,1,1,D,3,D,0,D
20233,05228804,2,19,0,1,3,D,,A,135,D
20233,05229474,1,21,0,1,7,D,,A,10,D
20233,05229694,1,7,0,1,4,D,,A,90,D
20233,05229944,1,17,0,1,7,D,,A,2,D
20233,05230184,1,26,0,1,4,D,,A,15,D
20233,05230184,2,27,0,1,4,D,,A,15,D
20233,05230814,1,48,0,1,7,D,,A,52,D
20233,05230814,2,49,0,1,7,D,,A,26,D
20233,05230814,31,50,0,1,7,D,,A,26,D
20233,05231024,1,13,0,1,3,D,,A,300,D
20233,05231154,1,20,0,1,3,D,,A,180,D
20233,05231274,1,56,0,1,3,D,,A,1050,D
20233,05231274,4,57,0,1,3,D,,A,1050,D
20233,05231414,,31,0,1,3,D,,C,150,D
20233,05232264,1,25,0,1,3,D,,A,450,D
20233,05232304,1,20,0,1,4,D,,A,20,D
20233,05232374,1,11,0,1,3,D,,A,60,D
20233,05232854,1,10,0,1,3,D,,A,30,D
20233,05233784,1,10,0,1,7,D,,A,6,D
20233,05233844,1,33,0,1,7,D,,A,0,D
20233,05233844,2,34,0,1,7,D,,A,0,D
20233,05234584,1,29,0,1,3,D,,A,75,D
20233,05234904,1,48,0,1,2,D,,A,195,D
20233,05234904,2,49,0,1,3,D,,A,75,D
20233,05235014,1,16,0,1,3,D,,A,60,D
20233,05235724,1,26,0,1,7,D,,A,40,D
20233,05235724,2,27,0,1,7,D,,A,40,D
20233,05235844,5,11,0,1,,A,,A,166,F
20233,05235914,1,26,0,1,7,D,,A,3,D
20233,05235924,1,22,0,1,7,D,,A,44,D
20233,05251783,1,22,0,1,4,D,,A,5,D
20233,05251983,1,57,0,1,3,D,,A,66,D
20233,05252603,1,28,0,1,7,D,,A,0,D
20233,05252603,3,29,0,1,7,D,,A,0,D
20233,05252693,1,8,0,1,3,D,,A,120,D
20233,05252714,1,29,0,1,3,D,,A,300,D
20233,05253583,1,41,0,1,3,D,,A,75,D
20233,05253843,1,9,0,1,7,D,,A,10,D
20233,05254013,1,30,0,1,7,D,,A,20,D
20233,05254063,1,35,0,1,1,D,2,D,156,D
20233,05254063,2,36,0,1,1,D,2,D,0,D
20233,05254413,1,26,0,1,7,D,,A,3,D
20233,05254913,1,31,0,1,7,D,,A,4,D
20233,05254913,2,32,0,1,7,D,,A,4,D
20233,05255223,2,49,0,1,3,D,,A,240,D
20233,05255933,1,11,0,1,7,D,,A,0,D
20233,05255933,2,12,0,1,7,D,,A,0,D
20233,05256033,2,40,0,1,7,D,,A,28,D
20233,05256043,1,15,0,1,5,D,,A,30,D
20233,05257593,1,5,0,1,2,D,,A,429,D
20233,05257713,1,22,0,1,7,D,,A,75,D
20233,05257803,1,22,0,1,3,D,,A,30,D
20233,05257803,2,23,0,1,3,D,,A,120,D
20233,05257883,1,5,0,1,3,D,,A,270,D
20233,05258063,1,14,0,1,4,D,,A,18,D
20233,05259623,2,26,0,1,7,D,,A,6,D
20233,05259773,1,35,0,1,7,D,,A,20,D
20233,05260463,1,11,0,1,3,D,,A,60,D
20233,05260813,1,37,0,1,1,D,1,D,39,D
20233,05261103,1,45,0,1,7,D,,A,59,D
20233,05261103,2,46,0,1,7,D,,A,59,D
20233,05261103,3,47,0,1,7,D,,A,59,D
20233,05261103,4,48,0,1,7,D,,A,59,D
20233,05261103,5,49,0,1,7,D,,A,59,D
20233,05261103,6,50,0,1,7,D,,A,59,D
20233,05261453,1,20,0,1,3,D,,A,90,D
20233,05261563,2,51,0,1,4,D,,A,20,D
20233,05261563,3,52,0,1,3,D,,A,60,D
20233,05261943,4,14,0,1,3,D,,A,45,D
20233,05262013,1,11,0,1,2,D,,A,780,D
20233,05262013,2,12,0,1,2,D,,A,780,D
20233,05263203,1,26,0,1,7,D,,A,10,D
20233,05263203,31,27,0,1,7,D,,A,10,D
20233,05263573,1,52,0,1,7,D,,A,37,D
20233,05263573,2,53,0,1,,A,,A,194,F
20233,05263573,3,54,0,1,,A,,A,194,F
20233,05263573,4,55,0,1,,A,,A,194,F
20233,05263573,5,56,0,1,,A,,A,194,F
20233,05263933,1,40,0,1,7,D,,A,54,D
20233,05264013,1,5,0,1,3,D,,A,240,D
20233,05264023,1,19,0,1,3,D,,A,60,D
20233,05264343,2,37,0,1,3,D,,A,96,D
20233,05264533,1,22,0,1,4,D,,A,15,D
20233,05264533,2,23,0,1,4,D,,A,15,D
20233,05265493,1,21,0,1,7,D,,A,3,D
20233,05265493,2,22,0,1,7,D,,A,3,D
20233,05265633,2,18,0,1,4,D,,A,20,D
20233,05265863,1,17,0,1,3,D,,A,300,D
20233,05265873,1,13,0,1,3,D,,A,165,D
20233,05265943,1,19,0,1,3,D,,A,60,D
20233,05266083,2,18,0,1,2,D,,A,0,D
20233,05266083,3,19,0,1,2,D,,A,0,D
20233,05266083,4,20,0,1,2,D,,A,1915,T
20233,05266763,1,21,0,1,7,D,,A,2,D
20233,05266763,2,22,0,1,2,D,,A,156,D
20233,05267023,1,23,0,1,2,D,,A,390,D
20233,05267183,1,13,0,1,2,D,,A,429,D
20233,05268343,1,14,0,1,3,D,,A,36,D
20233,05268523,1,45,0,1,7,D,,A,8,D
20233,05268523,2,46,0,1,7,D,,A,8,D
20233,05268723,1,17,0,1,2,D,,A,130,D
20233,05269193,1,21,0,1,4,D,,A,20,D
20233,05269373,1,40,0,1,2,D,,A,650,D
20233,05269373,2,41,0,1,2,D,,A,975,D
20233,05269473,3,37,0,1,3,D,,A,90,D
20233,05270373,1,11,0,1,3,D,,A,30,D
20233,05271043,1,32,0,1,7,D,,A,12,D
20233,05271183,1,12,0,1,3,D,,A,180,D
20233,05271333,2,42,0,1,7,D,,A,100,D
20233,05271673,1,9,0,1,3,D,,A,15,D
20233,05272013,1,29,0,1,7,D,,A,12,D
20233,05272013,2,30,0,1,4,D,5,D,60,D
20233,05272013,3,31,0,1,7,D,,A,12,D
20233,05272143,1,29,0,1,4,D,,A,10,D
20233,05272143,2,30,0,1,4,D,,A,10,D
20233,05272643,1,13,0,1,3,D,,A,45,D
20233,05272903,1,37,0,1,7,D,,A,43,D
20233,05272903,2,38,0,1,7,D,,A,52,D
20233,05273363,1,6,0,1,2,D,,A,260,D
20233,05273363,5,7,0,1,,A,,A,159,F
20233,05273883,1,21,0,1,3,D,,A,150,D
20233,05274243,1,6,0,1,1,D,3,D,195,D
20233,05274463,1,22,0,1,2,D,,A,455,D
20233,05274463,3,23,0,1,2,D,,A,455,D
20233,05275013,12,11,0,1,3,D,,A,81,D
20233,05275443,2,19,0,1,3,D,,A,396,D
20233,05276163,1,35,0,1,7,D,,A,10,D
20233,05276163,2,36,0,1,7,D,,A,10,D
20233,05276163,3,37,0,1,7,D,,A,10,D
20233,05276523,1,19,0,1,3,D,,A,192,D
20233,05277323,1,17,0,1,3,D,,A,3,D
20233,05277643,2,22,0,1,7,D,,A,12,D
20233,05277893,1,75,0,1,7,D,,A,18,D
20233,05277993,1,53,0,1,7,D,,A,60,D
20233,05277993,3,54,0,1,,A,,A,180,F
20233,05277993,31,55,0,1,,A,,A,180,F
20233,05278533,3,20,0,1,2,D,,A,273,D
20233,05278533,4,21,0,1,2,D,,A,182,D
20233,05279663,1,29,0,1,7,D,,A,9,D
20233,05279663,2,30,0,1,7,D,,A,9,D
20233,05279693,1,24,0,1,2,D,,A,65,D
20233,05280263,1,56,0,1,3,D,,A,300,D
20233,05280263,2,57,0,1,3,D,,A,300,D
20233,05280653,1,16,0,1,3,D,,A,15,D
20233,05280713,1,58,0,1,3,D,,A,60,D
20233,05280953,1,22,0,1,3,D,,A,480,D
20233,05282293,1,9,0,1,7,D,,A,3,D
20233,05282293,1,16,0,1,7,D,,C,18,D
20233,05282613,1,10,0,1,3,D,,A,600,D
20233,05284093,1,26,0,1,3,D,,A,90,D
20233,05284503,1,9,0,1,3,D,,A,75,D
20233,05284663,1,5,0,1,3,D,,A,150,D
20233,05285623,1,46,0,1,3,D,,A,300,D
20233,05286064,1,20,0,1,7,D,,A,25,D
20233,05286292,,33,0,1,3,D,,C,27,D
20233,05287592,1,11,0,1,3,D,,A,150,D
20233,05287772,1,29,0,1,4,D,,A,14,D
20233,05288262,1,41,0,1,7,D,,A,4,D
20233,05288262,2,42,0,1,7,D,,A,2,D
20233,05288262,3,43,0,1,,A,,A,139,F
20233,05288262,4,44,0,1,,A,,A,139,F
20233,05288622,1,8,0,1,3,D,,A,90,D
20233,05288882,1,35,0,1,7,D,,A,36,D
20233,05288942,1,18,0,1,2,D,,A,416,D
20233,05289152,1,25,0,1,3,D,,A,18,D
20233,05289152,2,26,0,1,3,D,,A,18,D
20233,05289152,3,27,0,1,3,D,,A,18,D
20233,05289262,1,12,0,1,3,D,,A,120,D
20233,05289562,2,21,0,1,3,D,,A,270,D
20233,05289592,2,44,0,1,7,D,,A,15,D
20233,05289682,1,20,0,1,4,D,,A,3,D
20233,05290542,1,9,0,1,3,D,,A,39,D
20233,05291092,1,43,0,1,2,D,,A,130,D
20233,05291092,3,44,0,1,2,D,,A,455,D
20233,05291092,4,45,0,1,2,D,,A,455,D
20233,05291092,5,46,0,1,2,D,,A,455,D
20233,05291392,1,24,0,1,4,D,,A,5,D
20233,05291742,1,40,0,1,2,D,,A,260,D
20233,05291742,2,41,0,1,2,D,,A,260,D
20233,05291742,3,42,0,1,2,D,,A,260,D
20233,05291742,5,43,0,1,2,D,,A,260,D
20233,05291742,7,44,0,1,2,D,,A,260,D
20233,05291742,31,45,0,1,2,D,,A,520,D
20233,05291752,1,21,0,1,4,D,,A,320,D
20233,05291882,1,8,0,1,2,D,,A,260,D
20233,05292052,3,11,0,1,3,D,,A,60,D
20233,05292542,1,70,0,1,7,D,,A,14,D
20233,05292542,2,71,0,1,7,D,,A,14,D
20233,05294082,1,31,0,1,2,D,,A,65,D
20233,05294452,1,12,0,1,3,D,,A,150,D
20233,05294452,2,13,0,1,3,D,,A,150,D
20233,05294792,2,17,0,1,3,D,,A,270,D
20233,05294792,3,18,0,1,3,D,,A,270,D
20233,05294792,4,19,0,1,3,D,,A,270,D
20233,05294922,1,53,0,1,3,D,,A,75,D
20233,05294922,2,54,0,1,3,D,,A,75,D
20233,05295002,1,19,0,1,7,D,,A,3,D
20233,05296262,1,43,0,1,7,D,,A,120,D
20233,05296642,1,31,0,1,3,D,,A,90,D
20233,05296642,2,32,0,1,3,D,,A,90,D
20233,05296682,1,11,0,1,3,D,,A,30,D
20233,05296772,1,28,0,1,3,D,,A,15,D
20233,05296772,2,29,0,1,3,D,,A,15,D
20233,05296772,3,30,0,1,3,D,,A,105,D
20233,05296772,4,31,0,1,3,D,,A,15,D
20233,05296882,1,7,0,1,2,D,,A,260,D
20233,05296882,3,8,0,1,2,D,,A,260,D
20233,05296882,4,9,0,1,2,D,,A,260,D
20233,05344632,1,23,0,1,4,D,,A,700,D
20233,05344912,3,33,0,1,3,D,,A,60,D
20233,05345032,1,10,0,1,2,D,,A,260,D
20233,05345062,1,22,0,1,7,D,,A,40,D
20233,05345062,2,23,0,1,7,D,,A,60,D
20233,05345412,1,9,0,1,1,D,5,D,520,D
20233,05346242,1,25,0,1,7,D,,A,100,D
20233,05346242,2,26,0,1,7,D,,A,100,D
20233,05346242,3,27,0,1,7,D,,A,100,D
20233,05346262,1,6,0,1,2,D,,A,390,D
20233,05346362,1,40,0,1,7,D,,A,22,D
20233,05346842,1,33,0,1,7,D,,A,4,D
20233,05346842,2,34,0,1,7,D,,A,4,D
20233,05346942,1,52,0,1,7,D,,A,45,D
20233,05347422,1,39,0,1,7,D,,A,5,D
20233,05347962,1,17,0,1,3,D,,A,255,D
20233,05347962,2,18,0,1,3,D,,A,255,D
20233,05349052,1,10,0,1,3,D,,A,60,D
20233,05349262,1,8,0,1,2,D,,A,468,D
20233,05349452,1,35,0,1,7,D,,A,20,D
20233,05349452,2,36,0,1,7,D,,A,20,D
20233,05349712,1,36,0,1,7,D,,A,10,D
20233,05349712,2,37,0,1,7,D,,A,10,D
20233,05350052,1,17,0,1,,A,,A,141,F
20233,05350232,1,29,0,1,3,D,,A,60,D
20233,05350232,2,30,0,1,3,D,,A,60,D
20233,05350232,3,31,0,1,3,D,,A,60,D
20233,05350262,1,43,0,1,7,D,,A,20,D
20233,05350732,1,15,0,1,4,D,,A,50,D
20233,05350752,1,32,0,1,3,D,,A,60,D
20233,05350752,2,33,0,1,3,D,,A,120,D
20233,05350842,1,32,0,1,3,D,,A,120,D
20233,05351472,1,15,0,1,3,D,,A,150,D
20233,05351472,4,16,0,1,3,D,,A,150,D
20233,05351682,2,20,0,1,3,D,,A,36,D
20233,05352592,1,32,0,1,1,D,2,D,1915,T
20233,05352592,2,33,0,1,7,D,,A,91,D
20233,05352682,1,17,0,1,7,D,,A,36,D
20233,05352802,1,14,0,1,7,D,,A,1,D
20233,05353012,1,12,0,1,2,D,,A,429,D
20233,05354152,1,9,0,1,3,D,,A,210,D
20233,05355032,1,42,0,1,7,D,,A,7,D
20233,05355192,1,9,0,1,2,D,,A,351,D
20233,05355192,2,10,0,1,2,D,,A,351,D
20233,05356032,1,19,0,1,4,D,,A,30,D
20233,05356252,1,25,0,1,2,D,,A,130,D
20233,05356592,1,10,0,1,3,D,,A,75,D
20233,05357112,1,36,0,1,7,D,,A,50,D
20233,05357112,2,37,0,1,7,D,,A,50,D
20233,05357112,3,38,0,1,7,D,,A,50,D
20233,05357112,4,39,0,1,7,D,,A,50,D
20233,05357152,1,21,0,1,7,D,,A,40,D
20233,05357152,2,22,0,1,,A,,A,166,F
20233,05357672,2,24,0,1,7,D,,A,8,D
20233,05358002,1,24,0,1,3,D,,A,300,D
20233,05358272,1,20,0,1,3,D,,A,375,D
20233,05358272,2,21,0,1,3,D,,A,375,D
20233,05358372,1,24,0,1,7,D,,A,14,D
20233,05358562,2,9,0,1,,A,,A,159,F
20233,05358852,1,17,0,1,3,D,,A,210,D
20233,05358952,3,24,0,1,3,D,,A,330,D
20233,05358952,4,25,0,1,3,D,,A,330,D
20233,05358952,5,26,0,1,,A,,A,180,F
20233,05358952,6,27,0,1,,A,,A,180,F
20233,05359062,1,40,0,1,3,D,,A,150,D
20233,05359082,1,30,0,1,3,D,,A,69,D
20233,05359092,1,61,0,1,4,D,,A,125,D
20233,05359092,2,62,0,1,4,D,,A,125,D
20233,05359212,1,45,0,1,7,D,,A,20,D
20233,05359542,1,41,0,1,3,D,,A,15,D
20233,05359712,1,10,0,1,3,D,,A,300,D
20233,05359712,2,11,0,1,3,D,,A,30,D
20233,05359912,1,26,0,1,7,D,,A,40,D
20233,05361162,2,14,0,1,3,D,,A,300,D
20233,05361472,1,24,0,1,1,D,1,D,104,D
20233,05361942,1,18,0,1,2,D,,A,260,D
20233,05362052,1,24,0,1,3,D,,A,330,D
20233,05363702,1,20,0,1,1,D,2,D,130,D
20233,05363782,2,16,0,1,3,D,,A,90,D
20233,05364282,1,9,0,1,3,D,,A,96,D
20233,05364352,1,15,0,1,7,D,,A,3,D
20233,05364652,1,32,0,1,4,D,,A,20,D
20233,05364652,2,33,0,1,4,D,,A,20,D
20233,05365162,1,18,0,1,3,D,,A,150,D
20233,05365632,3,33,0,1,3,D,,A,240,D
20233,05365982,1,7,0,1,3,D,,A,66,D
20233,05365982,2,8,0,1,3,D,,A,66,D
20233,05365982,3,9,0,1,,A,,A,159,F
20233,05366162,1,7,0,1,4,D,,A,20,D
20233,05366502,1,16,0,1,7,D,,A,5,D
20233,05412021,1,5,0,1,2,D,,A,260,D
20233,05412301,2,23,0,1,3,D,,A,381,D
20233,05412341,1,8,0,1,3,D,,A,60,D
20233,05412341,2,9,0,1,3,D,,A,60,D
20233,05412581,2,22,0,1,3,D,,A,171,D
20233,05412781,1,25,0,1,7,D,,A,15,D
20233,05412781,2,26,0,1,,A,,A,194,F
20233,05412781,3,27,0,1,,A,,A,194,F
20233,05412781,4,28,0,1,,A,,A,194,F
20233,05413211,1,14,0,1,3,D,,A,360,D
20233,05414761,1,15,0,1,2,D,,A,221,D
20233,05415341,1,21,0,1,3,D,,A,24,D
20233,05415341,2,22,0,1,3,D,,A,24,D
20233,05415341,3,23,0,1,3,D,,A,24,D
20233,05415341,4,24,0,1,3,D,,A,24,D
20233,05415441,1,24,0,1,7,D,,A,175,D
20233,05415951,2,26,0,1,7,D,,A,0,D
20233,05416351,1,13,0,1,3,D,,A,81,D
20233,05416351,3,14,0,1,3,D,,A,81,D
20233,05417321,2,38,0,1,7,D,,A,20,D
20233,05417551,1,16,0,1,3,D,,A,12,D
20233,05417961,2,13,0,1,2,D,,A,195,D
20233,05417961,5,14,0,1,2,D,,A,195,D
20233,05418101,1,22,0,1,7,D,,A,72,D
20233,05418101,2,23,0,1,,A,,A,139,F
20233,05418131,1,17,0,1,7,D,,A,16,D
20233,05418381,1,19,0,1,2,D,,A,130,D
20233,05418381,2,20,0,1,2,D,,A,130,D
20233,05418571,1,8,0,1,2,D,,A,910,D
20233,05418621,1,24,0,1,3,D,,A,210,D
20233,05418831,1,20,0,1,3,D,,A,180,D
20233,05418831,2,21,0,1,3,D,,A,75,D
20233,05418891,3,29,0,1,4,D,,A,141,F
20233,05418911,2,40,0,1,3,D,,A,300,D
20233,05419691,1,27,0,1,7,D,,A,0,D
20233,05419781,3,21,0,1,7,D,,A,6,D
20233,05420021,1,9,0,1,7,D,,A,55,D
20233,05420391,1,12,0,1,2,D,,A,429,D
20233,05421131,1,20,0,1,2,D,,A,130,D
20233,05421451,1,8,0,1,7,D,,A,75,D
20233,05421451,31,9,0,1,,A,,A,159,F
20233,05421891,1,22,0,1,2,D,,A,520,D
20233,05421891,2,23,0,1,2,D,,A,325,D
20233,05421901,1,20,0,1,7,D,,A,20,D
20233,05422231,1,7,0,1,2,D,,A,117,D
20233,05422231,2,8,0,1,2,D,,A,117,D
20233,05422341,1,14,0,1,7,D,,A,30,D
20233,05422341,31,15,0,1,7,D,,A,24,D
20233,05422431,1,23,0,1,7,D,,A,12,D
20233,05423191,1,29,0,1,7,D,,A,10,D
20233,05423191,2,30,0,1,7,D,,A,10,D
20233,05423861,1,25,0,1,3,D,,A,30,D
20233,05423991,1,16,0,1,3,D,,A,330,D
20233,05424031,1,57,0,1,3,D,,A,30,D
20233,05424031,2,58,0,1,3,D,,A,60,D
20233,05424051,3,13,0,1,1,D,5,D,325,D
20233,05424171,1,11,0,1,2,D,,A,130,D
20233,05424341,1,15,0,1,7,D,,A,25,D
20233,05424401,1,25,0,1,7,D,,A,30,D
20233,05424531,1,27,0,1,7,D,,A,5,D
20233,05424531,2,28,0,1,7,D,,A,5,D
20233,05424661,1,16,0,1,3,D,,A,45,D
20233,05424901,1,19,0,1,2,D,,A,130,D
20233,05425531,4,16,0,1,,A,,A,180,F
20233,05425751,1,10,0,1,2,D,,A,195,D
20233,05426471,2,17,0,1,6,D,,A,15,D
20233,05427011,1,14,0,1,3,D,,A,75,D
20233,05427181,1,21,0,1,7,D,,A,11,D
20233,05427181,2,22,0,1,7,D,,A,11,D
20233,05428011,2,22,0,1,3,D,,A,30,D
20233,05428011,3,23,0,1,3,D,,A,30,D
20233,05428131,1,14,0,1,1,D,3,D,312,D
20233,05428753,1,6,0,1,3,D,,A,30,D
20233,05428801,1,35,0,1,,C,,A,139,F
20233,05428801,3,36,0,1,,C,,A,139,F
20233,05428811,2,13,0,1,2,D,,A,130,D
20233,05428844,1,6,0,1,3,D,,A,150,D
20233,05428851,1,34,0,1,3,D,,A,36,D
20233,05428971,1,17,0,1,2,D,,A,208,D
20233,05429241,4,7,0,1,3,D,,A,30,D
20233,05429241,5,8,0,1,3,D,,A,30,D
20233,05429321,2,23,0,1,4,D,,A,10,D
20233,05429351,1,25,0,1,7,D,,A,20,D
20233,05429491,1,38,0,1,3,D,,A,300,D
20233,05429491,3,39,0,1,3,D,,A,300,D
20233,05429991,1,15,0,1,3,D,,A,60,D
20233,05430191,2,19,0,1,1,D,5,D,390,D
20233,05430431,1,8,0,1,4,D,,A,200,D
20233,05430621,1,17,0,1,3,D,,A,300,D
20233,05430751,1,8,0,1,3,D,,A,120,D
20233,05430751,2,9,0,1,3,D,,A,60,D
20233,05430901,1,22,0,1,7,D,,A,2,D
20233,05430901,2,23,0,1,7,D,,A,2,D
20233,05432101,1,25,0,1,7,D,,A,5,D
20233,05432361,1,20,0,1,3,D,,A,75,D
20233,05432361,2,21,0,1,3,D,,A,75,D
20233,05432361,3,22,0,1,3,D,,A,75,D
20233,05432361,4,23,0,1,3,D,,A,75,D
20233,05432861,1,5,0,1,3,D,,A,360,D
20233,05432931,1,48,0,1,3,D,,A,33,D
20233,05432931,2,49,0,1,3,D,,A,321,D
20233,05432931,3,50,0,1,3,D,,A,60,D
20233,05433083,1,18,0,1,7,D,,A,5,D
20233,05433231,1,8,0,1,3,D,,A,33,D
20233,05433441,2,18,0,1,7,D,,A,20,D
20233,05433561,1,27,0,1,7,D,,A,15,D
20233,05433581,2,14,0,1,3,D,,A,270,D
20233,05433661,1,44,0,1,3,D,,A,24,D
20233,05433701,1,17,0,1,3,D,,A,75,D
20233,05434031,1,15,0,1,7,D,,A,6,D
20233,05434361,2,7,0,1,3,D,,A,396,D
20233,05434511,1,12,0,1,3,D,,A,225,D
20233,05434671,1,7,0,1,3,D,,A,15,D
20233,05434681,1,10,0,1,3,D,,A,120,D
20233,05434691,1,10,0,1,5,D,,A,35,D
20233,05436121,1,17,0,1,3,D,,A,150,D
20233,05436791,1,19,0,1,7,D,,A,207,D
20233,05436901,1,35,0,1,3,D,,A,60,D
20233,05436901,2,36,0,1,3,D,,A,60,D
20233,05437171,3,27,0,1,7,D,,A,35,D
20233,05437351,1,7,0,1,3,D,,A,396,D
20233,05437481,1,23,0,1,3,D,,A,390,D
20233,05437481,2,24,0,1,3,D,,A,390,D
20233,05437921,1,15,0,1,7,D,,A,5,D
20233,05438001,1,22,0,1,4,D,,A,20,D
20233,05438441,1,29,0,1,7,D,,A,5,D
20233,05438441,2,30,0,1,7,D,,A,5,D
20233,05438521,1,11,0,1,2,D,,A,429,D
20233,05439271,1,18,0,1,7,D,,A,80,D
20233,05439271,31,19,0,1,,A,,A,139,F
20233,05439731,1,18,0,1,7,D,,A,22,D
20233,05439741,2,21,0,1,2,D,,A,260,D
20233,05439941,1,32,0,1,7,D,,A,15,D
20233,05439941,2,33,0,1,7,D,,A,15,D
20233,05440361,1,29,0,1,7,D,,A,25,D
20233,05440791,1,20,0,1,2,D,,A,260,D
20233,05440921,1,6,0,1,1,D,3,D,195,D
20233,05441291,1,16,0,1,3,D,,A,30,D
20233,05441471,1,39,0,1,7,D,,A,8,D
20233,05441751,3,9,0,1,2,D,,A,195,D
20233,05441771,2,17,0,1,3,D,,A,75,D
20233,05441871,1,23,0,1,3,D,,A,0,D
20233,05441911,1,27,0,1,7,D,,A,11,D
20233,05441911,31,28,0,1,7,D,,A,11,D
20233,05442011,1,17,0,1,,A,,A,166,F
20233,05443391,1,9,0,1,4,D,,A,420,D
20233,05444041,1,42,0,1,7,D,,A,30,D
20233,05444041,2,43,0,1,7,D,,A,30,D
20233,05444821,1,7,0,1,,A,,A,166,F
20233,05445931,1,26,0,1,3,D,,A,36,D
20233,05445981,2,23,0,1,2,D,,A,130,D
20233,05446571,3,14,0,1,2,D,,A,650,D
20233,05446571,4,15,0,1,2,D,,A,650,D
20233,05446571,5,16,0,1,2,D,,A,650,D
20233,05446571,6,17,0,1,2,D,,A,650,D
20234,05251784,1,27,0,1,3,D,,A,15,D
20234,05251984,1,60,0,1,3,D,,A,6,D
20234,05254414,5,26,0,1,,A,,A,175,F
20234,05254804,1,15,0,1,4,D,,A,120,D
20234,05256044,1,19,0,1,3,D,,A,60,D
20234,05256224,1,29,0,1,7,D,,A,25,D
20234,05256224,2,30,0,1,7,D,,A,25,D
20234,05256814,1,8,0,1,3,D,,A,9,D
20234,05257044,1,14,0,1,3,D,,A,60,D
20234,05257884,1,5,0,1,3,D,,A,240,D
20234,05258064,1,13,0,1,7,D,,A,18,D
20234,05258394,1,26,0,1,7,D,,A,30,D
20234,05258664,1,45,0,1,7,D,,A,20,D
20234,05259564,1,10,0,1,3,D,,A,21,D
20234,05259794,2,45,0,1,7,D,,A,54,D
20234,05260794,1,31,0,1,7,D,,A,90,D
20234,05260794,2,32,0,1,7,D,,A,90,D
20234,05261564,3,59,0,1,2,D,,A,312,D
20234,05261874,1,5,0,1,1,D,1,D,975,D
20234,05262764,1,25,0,1,7,D,,A,10,D
20234,05262764,2,26,0,1,7,D,,A,10,D
20234,05262764,3,27,0,1,7,D,,A,30,D
20234,05262764,5,28,0,1,7,D,,A,10,D
20234,05263044,1,6,0,1,3,D,,A,120,D
20234,05263164,1,5,0,1,3,D,,A,51,D
20234,05263934,1,36,0,1,4,D,,A,100,D
20234,05263994,1,23,0,1,4,D,,A,100,D
20234,05263994,2,24,0,1,4,D,,A,100,D
20234,05264014,1,5,0,1,3,D,,A,60,D
20234,05264014,2,6,0,1,3,D,,A,60,D
20234,05264014,3,7,0,1,3,D,,A,60,D
20234,05264014,5,8,0,1,3,D,,A,60,D
20234,05264024,1,20,0,1,2,D,,A,195,D
20234,05264184,1,9,0,1,3,D,,A,45,D
20234,05264344,1,29,0,1,7,D,,A,9,D
20234,05264874,2,20,0,1,7,D,,A,5,D
20234,05265494,1,25,0,1,7,D,,A,10,D
20234,05265494,2,26,0,1,7,D,,A,10,D
20234,05265494,3,27,0,1,7,D,,A,10,D
20234,05265634,2,22,0,1,4,D,,A,100,D
20234,05265864,1,22,0,1,3,D,,A,600,D
20234,05265874,1,10,0,1,3,D,,A,60,D
20234,05265944,1,14,0,1,2,D,,A,338,D
20234,05266084,1,24,0,1,3,D,,A,360,D
20234,05266084,2,25,0,1,3,D,,A,360,D
20234,05266084,3,26,0,1,3,D,,A,360,D
20234,05266084,4,27,0,1,3,D,,A,360,D
20234,05266084,5,28,0,1,3,D,,A,360,D
20234,05266764,2,36,0,1,2,D,,A,195,D
20234,05267114,1,9,0,1,3,D,,A,60,D
20234,05267164,7,35,0,1,3,D,,A,120,D
20234,05267184,1,7,0,1,2,D,,A,455,D
20234,05268344,1,14,0,1,3,D,,A,60,D
20234,05268524,1,47,0,1,7,D,,A,15,D
20234,05268724,1,22,0,1,3,D,,A,60,D
20234,05269194,1,15,0,1,4,D,,A,10,D
20234,05269674,1,18,0,1,7,D,,A,40,D
20234,05270374,1,13,0,1,7,D,,A,20,D
20234,05270944,1,26,0,1,7,D,,A,50,D
20234,05271064,1,28,0,1,7,D,,A,30,D
20234,05271334,2,49,0,1,7,D,,A,100,D
20234,05272074,1,45,0,1,7,D,,A,12,D
20234,05272074,2,46,0,1,7,D,,A,13,D
20234,05272144,1,30,0,1,4,D,,A,10,D
20234,05272144,2,31,0,1,4,D,,A,10,D
20234,05272904,1,57,0,1,7,D,,A,42,D
20234,05272904,2,58,0,1,7,D,,A,46,D
20234,05273364,1,8,0,1,2,D,,A,260,D
20234,05273364,5,9,0,1,3,D,,A,60,D
20234,05273884,1,16,0,1,4,D,,A,80,D
20234,05274194,2,45,0,1,7,D,,A,60,D
20234,05274244,1,6,0,1,2,D,,A,91,D
20234,05274464,1,20,0,1,2,D,,A,481,D
20234,05274464,3,21,0,1,2,D,,A,481,D
20234,05274914,1,13,0,1,3,D,,A,360,D
20234,05274914,2,14,0,1,3,D,,A,120,D
20234,05274914,3,15,0,1,3,D,,A,240,D
20234,05275444,1,19,0,1,2,D,,A,364,D
20234,05275444,2,20,0,1,3,D,,A,396,D
20234,05275634,1,12,0,1,3,D,,A,990,D
20234,05276524,1,14,0,1,3,D,,A,150,D
20234,05277034,1,10,0,1,3,D,,A,30,D
20234,05277034,3,11,0,1,3,D,,A,30,D
20234,05277324,1,20,0,1,3,D,,A,3,D
20234,05278254,1,11,0,1,4,D,,A,20,D
20234,05278464,1,41,0,1,7,D,,A,15,D
20234,05278464,2,42,0,1,7,D,,A,15,D
20234,05278674,1,20,0,1,7,D,,A,25,D
20234,05278674,2,21,0,1,7,D,,A,25,D
20234,05279384,1,34,0,1,7,D,,A,4,D
20234,05279694,1,23,0,1,3,D,,A,15,D
20234,05279694,3,24,0,1,3,D,,A,15,D
20234,05279694,4,25,0,1,3,D,,A,15,D
20234,05279694,5,26,0,1,3,D,,A,15,D
20234,05280234,1,42,0,1,,A,,A,138,F
20234,05280234,2,43,0,1,,A,,A,138,F
20234,05280264,1,39,0,1,7,D,,A,60,D
20234,05280654,1,15,0,1,1,D,4,D,104,D
20234,05280714,1,46,0,1,7,D,,A,20,D
20234,05280714,2,47,0,1,7,D,,A,20,D
20234,05280744,1,13,0,1,4,D,,A,8,D
20234,05280954,1,26,0,1,3,D,,A,480,D
20234,05282294,1,14,0,1,3,D,,A,63,D
20234,05282534,1,35,0,1,7,D,,A,30,D
20234,05282534,2,36,0,1,7,D,,A,30,D
20234,05282534,3,37,0,1,7,D,,A,30,D
20234,05282534,4,38,0,1,7,D,,A,30,D
20234,05284344,1,34,0,1,7,D,,A,620,D
20234,05284344,2,35,0,1,,A,,A,166,F
20234,05284504,1,11,0,1,3,D,,A,75,D
20234,05285624,1,43,0,1,3,D,,A,300,D
20234,05285684,1,7,0,1,3,D,,A,60,D
20234,05285724,1,40,0,1,3,D,,A,18,D
20234,05286194,1,35,0,1,7,D,,A,20,D
20234,05286194,2,36,0,1,7,D,,A,20,D
20234,05286194,3,37,0,1,7,D,,A,20,D
20234,05287023,1,25,0,1,7,D,,A,300,D
20234,05287143,1,13,0,1,3,D,,A,90,D
20234,05287313,1,30,0,1,7,D,,A,4,D
20234,05287483,2,16,0,1,,A,,A,208,F
20234,05287773,1,29,0,1,4,D,,A,36,D
20234,05288363,1,34,0,1,3,D,,A,360,D
20234,05288623,1,6,0,1,3,D,,A,90,D
20234,05288943,1,18,0,1,3,D,,A,330,D
20234,05289153,1,29,0,1,7,D,,A,10,D
20234,05289153,3,30,0,1,7,D,,A,10,D
20234,05289263,1,7,0,1,3,D,,A,210,D
20234,05289563,2,25,0,1,3,D,,A,270,D
20234,05289593,2,49,0,1,3,D,,A,30,D
20234,05290173,1,21,0,1,3,D,,A,42,D
20234,05290243,1,37,0,1,7,D,,A,15,D
20234,05290243,2,38,0,1,7,D,,A,15,D
20234,05290543,1,13,0,1,3,D,,A,75,D
20234,05290623,1,8,0,1,3,D,,A,105,D
20234,05290963,1,17,0,1,7,D,,A,20,D
20234,05291093,1,32,0,1,2,D,,A,442,D
20234,05291093,3,33,0,1,2,D,,A,442,D
20234,05291093,4,34,0,1,2,D,,A,442,D
20234,05291093,5,35,0,1,2,D,,A,442,D
20234,05291273,1,45,0,1,7,D,,A,20,D
20234,05291273,3,46,0,1,7,D,,A,10,D
20234,05291883,1,11,0,1,3,D,,A,90,D
20234,05293313,1,17,0,1,3,D,,A,30,D
20234,05294083,1,33,0,1,2,D,,A,130,D
20234,05294423,2,11,0,1,3,D,,A,417,D
20234,05294923,1,46,0,1,3,D,,A,60,D
20234,05294923,2,47,0,1,3,D,,A,60,D
20234,05294923,3,48,0,1,3,D,,A,60,D
20234,05294923,4,49,0,1,3,D,,A,60,D
20234,05295553,1,32,0,1,7,D,,A,10,D
20234,05295833,1,37,0,1,3,D,,A,750,D
20234,05296023,1,20,0,1,3,D,,A,210,D
20234,05296253,1,33,0,1,7,D,,A,24,D
20234,05296253,2,34,0,1,7,D,,A,24,D
20234,05296263,1,45,0,1,7,D,,A,300,D
20234,05296423,1,13,0,1,2,D,,A,429,D
20234,05296423,2,14,0,1,2,D,,A,429,D
20234,05296423,4,15,0,1,2,D,,A,429,D
20234,05296683,1,11,0,1,4,D,,A,60,D
20234,05296773,1,28,0,1,3,D,,A,60,D
20234,05296773,2,29,0,1,3,D,,A,60,D
20234,05296773,3,30,0,1,3,D,,A,60,D
20234,05296773,4,31,0,1,3,D,,A,60,D
20234,05296843,1,31,0,1,7,D,,A,12,D
20234,05296843,2,32,0,1,7,D,,A,12,D
20234,05344163,1,35,0,1,7,D,,A,200,D
20234,05344963,2,29,0,1,3,D,,A,90,D
20234,05345033,1,8,0,1,3,D,,A,180,D
20234,05345483,2,32,0,1,1,D,2,D,1066,D
20234,05345583,1,37,0,1,7,D,,A,20,D
20234,05345703,1,20,0,1,7,D,,A,20,D
20234,05347083,1,24,0,1,7,D,,A,34,D
20234,05347963,1,17,0,1,3,D,,A,384,D
20234,05347963,2,18,0,1,,A,,A,148,F
20234,05348073,1,17,0,1,7,D,,A,6,D
20234,05348384,1,22,0,1,7,D,,A,6,D
20234,05348384,2,23,0,1,7,D,,A,6,D
20234,05349053,1,17,0,1,3,D,,A,90,D
20234,05349263,1,7,0,1,1,D,5,D,390,D
20234,05349753,1,9,0,1,4,D,,A,200,D
20234,05350733,1,12,0,1,3,D,,A,30,D
20234,05350753,1,41,0,1,2,D,,A,130,D
20234,05350753,2,42,0,1,2,D,,A,260,D
20234,05351303,1,17,0,1,3,D,,A,450,D
20234,05352593,2,30,0,1,7,D,,A,31,D
20234,05352803,1,16,0,1,7,D,,A,1,D
20234,05353013,1,11,0,1,3,D,,A,150,D
20234,05353013,31,12,0,1,7,D,,A,40,D
20234,05353333,3,38,0,1,3,D,,A,90,D
20234,05353573,1,14,0,1,3,D,,A,120,D
20234,05354793,1,28,0,1,4,D,,A,30,D
20234,05355033,1,37,0,1,7,D,,A,14,D
20234,05355193,1,10,0,1,2,D,,A,377,D
20234,05355193,2,11,0,1,2,D,,A,377,D
20234,05356253,1,29,0,1,2,D,,A,520,D
20234,05356253,2,30,0,1,3,D,,A,390,D
20234,05356363,1,12,0,1,3,D,,A,105,D
20234,05356403,1,8,0,1,3,D,,A,300,D
20234,05356593,1,10,0,1,4,D,,A,20,D
20234,05358133,3,45,0,1,4,D,,A,20,D
20234,05358953,1,22,0,1,7,D,,A,60,D
20234,05359063,1,46,0,1,3,D,,A,375,D
20234,05359283,1,7,0,1,3,D,,A,12,D
20234,05359283,2,8,0,1,3,D,,A,12,D
20234,05359283,3,9,0,1,3,D,,A,12,D
20234,05359283,4,10,0,1,3,D,,A,12,D
20234,05359283,5,11,0,1,3,D,,A,12,D
20234,05359913,1,19,0,1,,C,,A,138,F
20234,05360143,1,15,0,1,3,D,,A,450,D
20234,05360323,1,5,0,1,2,D,,A,260,D
20234,05361053,2,23,0,1,3,D,,A,240,D
20234,05361163,2,21,0,1,7,D,,A,8,D
20234,05361473,1,36,0,1,7,D,,A,8,D
20234,05361753,1,10,0,1,3,D,,A,30,D
20234,05363183,1,63,0,1,7,D,,A,563,D
20234,05363483,1,5,0,1,3,D,,A,450,D
20234,05363703,1,19,0,1,3,D,,A,60,D
20234,05363763,1,16,0,1,7,D,,A,20,D
20234,05364183,1,11,0,1,3,D,,A,30,D
20234,05364183,2,12,0,1,3,D,,A,30,D
20234,05364353,3,29,0,1,7,D,,A,6,D
20234,05365163,1,19,0,1,2,D,,A,195,D
20234,05365203,1,16,0,1,2,D,,A,312,D
20234,05365633,3,40,0,1,3,D,,A,240,D
20234,05365933,1,21,0,1,7,D,,A,120,D
20234,05365983,1,8,0,1,3,D,,A,72,D
20234,05365983,2,9,0,1,3,D,,A,72,D
20234,05365983,3,10,0,1,,A,,A,175,F
20234,05366143,1,23,0,1,1,D,3,D,585,D
20234,05366163,1,7,0,1,3,D,,A,150,D
20234,05366343,1,23,0,1,7,D,,A,20,D
20234,05366743,2,39,0,1,7,D,,A,7,D
20234,05411712,1,21,0,1,7,D,,A,7,D
20234,05411962,2,29,0,1,1,D,5,D,975,D
20234,05412022,1,11,0,1,2,D,,A,156,D
20234,05412302,2,28,0,1,3,D,,A,381,D
20234,05412682,2,30,0,1,4,D,,A,20,D
20234,05413212,1,15,0,1,3,D,,A,396,D
20234,05413302,2,20,0,1,7,D,,A,8,D
20234,05413532,2,8,0,1,3,D,,A,120,D
20234,05413752,2,20,0,1,5,D,,A,50,D
20234,05414102,1,8,0,1,3,D,,A,96,D
20234,05414172,1,7,0,1,2,D,,A,78,D
20234,05415692,1,19,0,1,4,D,,A,80,D
20234,05416352,1,12,0,1,2,D,,A,130,D
20234,05416352,3,13,0,1,2,D,,A,130,D
20234,05416542,1,26,0,1,3,D,,A,75,D
20234,05416692,2,49,0,1,4,D,,A,125,D
20234,05417612,4,40,0,1,3,D,,A,30,D
20234,05417742,1,32,0,1,7,D,,A,23,D
20234,05417742,2,33,0,1,7,D,,A,23,D
20234,05418572,1,7,0,1,2,D,,A,741,D
20234,05418702,1,37,0,1,4,D,,A,600,D
20234,05418712,1,11,0,1,3,D,,A,120,D
20234,05418912,2,59,0,1,4,D,,A,50,D
20234,05419282,1,6,0,1,3,D,,A,60,D
20234,05419282,2,7,0,1,3,D,,A,60,D
20234,05419482,1,43,0,1,7,D,,A,7,D
20234,05419602,1,11,0,1,7,D,,A,40,D
20234,05419762,2,28,0,1,4,D,,A,20,D
20234,05420172,1,24,0,1,4,D,,A,31,D
20234,05420392,1,14,0,1,2,D,,A,442,D
20234,05420622,1,22,0,1,2,D,,A,1586,T
20234,05420622,2,23,0,1,3,D,,A,27,D
20234,05420832,1,22,0,1,7,D,,A,5,D
20234,05420832,31,23,0,1,7,D,,A,5,D
20234,05421132,1,19,0,1,4,D,,A,120,D
20234,05421252,1,5,0,1,2,D,,A,91,D
20234,05421722,1,57,0,1,3,D,,A,18,D
20234,05421722,2,58,0,1,3,D,,A,18,D
20234,05421772,1,52,0,1,7,D,,A,60,D
20234,05421772,2,53,0,1,7,D,,A,60,D
20234,05421892,1,22,0,1,2,D,,A,390,D
20234,05422232,1,8,0,1,3,D,,A,90,D
20234,05422232,2,9,0,1,3,D,,A,90,D
20234,05422282,2,11,0,1,2,D,,A,260,D
20234,05422432,1,28,0,1,7,D,,A,11,D
20234,05422432,2,29,0,1,7,D,,A,11,D
20234,05422702,1,7,0,1,3,D,,A,30,D
20234,05422832,1,6,0,1,2,D,,A,78,D
20234,05423022,1,7,0,1,2,D,,A,195,D
20234,05423022,2,8,0,1,2,D,,A,195,D
20234,05423862,1,38,0,1,3,D,,A,30,D
20234,05423862,2,39,0,1,3,D,,A,15,D
20234,05424002,1,24,0,1,2,D,,A,1586,T
20234,05424032,1,62,0,1,3,D,,A,45,D
20234,05424032,2,63,0,1,3,D,,A,45,D
20234,05424052,3,21,0,1,3,D,,A,300,D
20234,05424662,1,19,0,1,4,D,,A,13,D
20234,05424902,1,20,0,1,3,D,,A,60,D
20234,05425402,1,35,0,1,7,D,,A,50,D
20234,05425752,1,13,0,1,3,D,,A,90,D
20234,05425962,2,18,0,1,1,D,5,D,520,D
20234,05426112,1,28,0,1,7,D,,A,20,D
20234,05426322,1,34,0,1,7,D,,A,5,D
20234,05426322,2,35,0,1,7,D,,A,5,D
20234,05426582,1,14,0,1,3,D,,A,45,D
20234,05426642,1,14,0,1,7,D,,A,40,D
20234,05426984,1,12,0,1,4,D,,A,25,D
20234,05427012,1,18,0,1,3,D,,A,12,D
20234,05427282,1,9,0,1,3,D,,A,18,D
20234,05427282,2,10,0,1,3,D,,A,60,D
20234,05427842,1,49,0,1,7,D,,A,30,D
20234,05428142,1,27,0,1,7,D,,A,15,D
20234,05428802,1,47,0,1,4,D,,A,33,D
20234,05428802,2,48,0,1,4,D,,A,33,D
20234,05428802,3,49,0,1,4,D,,A,33,D
20234,05428812,2,18,0,1,3,D,,A,75,D
20234,05428962,1,26,0,1,7,D,,A,228,D
20234,05428972,1,27,0,1,2,D,,A,208,D
20234,05429192,1,19,0,1,7,D,,A,10,D
20234,05429192,2,20,0,1,7,D,,A,10,D
20234,05429242,3,10,0,1,3,D,,A,90,D
20234,05429322,1,30,0,1,7,D,,A,30,D
20234,05429322,2,31,0,1,4,D,,A,25,D
20234,05429492,1,52,0,1,3,D,,A,90,D
20234,05429492,3,53,0,1,3,D,,A,270,D
20234,05429992,1,10,0,1,3,D,,A,90,D
20234,05430182,2,41,0,1,3,D,,A,525,D
20234,05430192,1,34,0,1,3,D,,A,90,D
20234,05430192,2,35,0,1,2,D,,A,195,D
20234,05430732,1,14,0,1,7,D,,A,10,D
20234,05431212,2,36,0,1,7,D,,A,130,D
20234,05432932,1,48,0,1,3,D,,A,51,D
20234,05432932,2,49,0,1,3,D,,A,159,D
20234,05432932,3,50,0,1,3,D,,A,132,D
20234,05433232,1,8,0,1,3,D,,A,33,D
20234,05433392,1,9,0,1,3,D,,A,240,D
20234,05433392,3,10,0,1,3,D,,A,120,D
20234,05433652,1,12,0,1,3,D,,A,45,D
20234,05434072,1,23,0,1,3,D,,A,150,D
20234,05434132,1,26,0,1,1,D,5,D,130,D
20234,05434132,4,27,0,1,1,D,5,D,65,D
20234,05434152,1,8,0,1,2,D,,A,13,D
20234,05434362,2,10,0,1,2,D,,A,377,D
20234,05434412,1,29,0,1,7,D,,A,10,D
20234,05434672,1,8,0,1,3,D,,A,15,D
20234,05434692,1,36,0,1,7,D,,A,12,D
20234,05434802,1,7,0,1,1,D,2,D,52,D
20234,05435462,2,17,0,1,7,D,,A,3,D
20234,05436122,1,17,0,1,1,D,4,D,208,D
20234,05436442,1,23,0,1,3,D,,A,120,D
20234,05436442,2,24,0,1,3,D,,A,150,D
20234,05436762,1,28,0,1,7,D,,A,5,D
20234,05436902,1,37,0,1,7,D,,A,50,D
20234,05436902,2,38,0,1,7,D,,A,50,D
20234,05436982,1,39,0,1,7,D,,A,12,D
20234,05436982,3,40,0,1,7,D,,A,12,D
20234,05437062,1,8,0,1,1,D,7,D,455,D
20234,05437062,2,9,0,1,,A,,A,166,F
20234,05437062,3,10,0,1,2,D,,A,377,D
20234,05437352,1,7,0,1,3,D,,A,198,D
20234,05437482,1,23,0,1,3,D,,A,381,D
20234,05437482,2,24,0,1,3,D,,A,381,D
20234,05437602,1,10,0,1,3,D,,A,12,D
20234,05437602,2,11,0,1,3,D,,A,12,D
20234,05437742,1,10,0,1,3,D,,A,210,D
20234,05437762,1,14,0,1,2,D,,A,390,D
20234,05438002,1,11,0,1,4,D,,A,10,D
20234,05438252,2,15,0,1,,A,,A,138,F
20234,05438442,1,47,0,1,7,D,,A,23,D
20234,05438442,2,48,0,1,,A,,A,138,F
20234,05439452,1,20,0,1,3,D,,A,480,D
20234,05439452,2,21,0,1,,A,,A,212,F
20234,05439732,1,21,0,1,7,D,,A,14,D
20234,05439742,2,20,0,1,3,D,,A,168,D
20234,05439942,1,31,0,1,3,D,,A,45,D
20234,05439942,2,32,0,1,3,D,,A,45,D
20234,05440222,1,10,0,1,3,D,,A,135,D
20234,05440362,1,36,0,1,4,D,,A,50,D
20234,05440382,31,18,0,1,7,D,,A,100,D
20234,05440622,1,27,0,1,3,D,,A,150,D
20234,05440674,2,25,0,1,3,D,,A,450,D
20234,05440792,1,15,0,1,3,D,,A,240,D
20234,05441502,1,24,0,1,4,D,,A,220,D
20234,05442582,1,20,0,1,4,D,,A,30,D
20234,05443542,1,13,0,1,3,D,,A,180,D
20234,05443542,2,14,0,1,3,D,,A,180,D
20234,05443542,3,15,0,1,3,D,,A,180,D
20234,05444682,1,28,0,1,7,D,,A,50,D
20234,05444682,2,29,0,1,7,D,,A,50,D
20234,05444682,3,30,0,1,7,D,,A,50,D
20234,05444682,5,31,0,1,7,D,,A,50,D
20234,05445632,1,8,0,1,2,D,,A,260,D
20234,05445932,1,17,0,1,4,D,,A,10,D
20234,05445982,2,29,0,1,3,D,,A,300,D
20234,05446442,1,19,0,1,3,D,,A,30,D
20234,05538111,1,20,0,1,3,D,,A,60,D
20234,05538111,2,21,0,1,3,D,,A,60,D
20234,05538791,1,13,0,1,7,D,,A,25,D
20234,05538921,1,46,0,1,7,D,,A,13,D
20234,05538981,1,25,0,1,3,D,,A,45,D
20234,05538981,2,26,0,1,3,D,,A,45,D
20234,05539051,1,18,0,1,3,D,,A,42,D
20234,05539051,2,19,0,1,3,D,,A,42,D
20234,05539161,2,25,0,1,3,D,,A,120,D
20234,05539161,3,26,0,1,3,D,,A,120,D
20234,05539621,1,14,0,1,3,D,,A,360,D
20234,05539621,2,15,0,1,3,D,,A,360,D
20234,05540851,1,8,0,1,2,D,,A,130,D
20234,05541691,1,36,0,1,7,D,,A,28,D
20234,05541691,2,37,0,1,7,D,,A,28,D
20234,05541771,1,6,0,1,4,D,,A,100,D
20234,05541981,1,22,0,1,7,D,,A,200,D
20234,05541981,2,23,0,1,7,D,,A,200,D
20234,05542071,1,36,0,1,7,D,,A,12,D
20234,05542071,2,37,0,1,7,D,,A,12,D
20234,05542281,1,16,0,1,2,D,,A,78,D
20234,05542291,1,30,0,1,3,D,,A,750,D
20234,05543221,1,10,0,1,2,D,,A,273,D
20234,05543221,2,11,0,1,2,D,,A,130,D
20234,05543221,3,12,0,1,2,D,,A,273,D
20234,05543531,1,20,0,1,3,D,,A,45,D
20234,05544471,5,20,0,1,3,D,,A,54,D
20234,05544651,1,51,0,1,4,D,,A,195,D
20234,05544651,2,52,0,1,4,D,,A,475,D
20234,05544721,1,21,0,1,7,D,,A,1,D
20234,05545001,1,6,0,1,2,D,,A,260,D
20234,05545734,1,9,0,1,3,D,,A,60,D
20234,05546391,1,17,0,1,3,D,,A,60,D
20234,05546391,2,18,0,1,3,D,,A,60,D
20234,05546461,1,21,0,1,7,D,,A,30,D
20234,05546461,2,22,0,1,7,D,,A,30,D
20234,05546511,1,14,0,1,4,D,,A,25,D
20234,05546511,2,15,0,1,4,D,,A,25,D
20234,05546781,1,9,0,1,1,D,7,D,273,D
20234,05546821,1,33,0,1,7,D,,A,60,D
20234,05546821,2,34,0,1,7,D,,A,60,D
20234,05547691,2,14,0,1,,A,,A,166,F
20234,05548021,7,17,0,1,1,D,5,D,975,D
20234,05548071,1,12,0,1,3,D,,A,300,D
20234,05548431,1,7,0,1,1,D,6,D,546,D
20234,05548861,1,8,0,1,3,D,,A,174,D
20234,05548861,2,9,0,1,3,D,,A,105,D
20234,05548881,1,9,0,1,3,D,,A,300,D
20234,05548981,1,51,0,1,3,D,,A,45,D
20234,05548981,2,52,0,1,3,D,,A,45,D
20234,05548981,3,53,0,1,3,D,,A,30,D
20234,05548981,4,54,0,1,3,D,,A,30,D
20234,05548981,5,55,0,1,3,D,,A,30,D
20234,05549291,1,8,0,1,3,D,,A,255,D
20234,05549301,1,7,0,1,3,D,,A,240,D
20234,05549321,1,30,0,1,7,D,,A,29,D
20234,05549321,2,31,0,1,7,D,,A,29,D
20234,05549361,1,20,0,1,3,D,,A,15,D
20234,05549361,2,21,0,1,3,D,,A,15,D
20234,05549811,1,22,0,1,,A,,A,175,F
20234,05550031,2,23,0,1,2,D,,A,936,D
20234,05550101,1,11,0,1,3,D,,A,30,D
20234,05550231,1,24,0,1,1,D,1,D,65,D
20234,05550611,1,29,0,1,7,D,,A,20,D
20234,05550611,2,30,0,1,7,D,,A,20,D
20234,05550871,1,17,0,1,3,D,,A,90,D
20234,05552291,1,18,0,1,3,D,,A,360,D
20234,05552961,6,15,0,1,3,D,,A,450,D
20234,05553001,1,8,0,1,3,D,,A,348,D
20234,05553121,1,19,0,1,3,D,,A,420,D
20234,05553271,1,12,0,1,4,D,,A,10,D
20234,05555101,1,14,0,1,1,D,5,D,130,D
20234,05555101,2,15,0,1,1,D,4,D,208,D
20234,05555101,3,16,0,1,1,D,4,D,208,D
20234,05555101,4,17,0,1,1,D,5,D,325,D
20234,05555381,1,6,0,1,3,D,,A,600,D
20234,05555381,2,7,0,1,3,D,,A,600,D
20234,05555881,1,21,0,1,7,D,,A,2,D
20234,05556034,1,7,0,1,3,D,,A,90,D
20234,05556281,1,27,0,1,4,D,,A,75,D
20234,05556361,1,16,0,1,7,D,,A,5,D
20234,05556521,1,32,0,1,6,D,,A,31,D
20234,05556521,2,33,0,1,6,D,,A,31,D
20234,05556521,3,34,0,1,3,D,,A,300,D
20234,05556781,1,12,0,1,2,D,,A,442,D
20234,05556781,2,13,0,1,2,D,,A,91,D
20234,05557171,1,10,0,1,1,D,4,D,1586,T
20234,05557171,2,11,0,1,3,D,,A,300,D
20234,05557171,3,12,0,1,3,D,,A,300,D
20234,05557231,1,10,0,1,3,D,,A,45,D
20234,05557561,1,13,0,1,3,D,,A,75,D
20234,05557561,2,14,0,1,3,D,,A,75,D
20234,05558733,2,7,0,1,3,D,,A,120,D
20234,05559011,1,16,0,1,3,D,,A,402,D
20234,05559021,1,6,0,1,3,D,,A,300,D
20234,05560111,1,9,0,1,2,D,,A,260,D
20234,05560251,1,28,0,1,3,D,,A,294,D
20234,05560341,1,4,0,1,7,D,,A,66,D
20234,05560994,1,26,0,1,3,D,,A,45,D
20234,05561631,1,15,0,1,3,D,,A,360,D
20234,05561631,2,16,0,1,3,D,,A,90,D
20234,05561651,2,12,0,1,3,D,,A,1586,T
20234,05561651,3,13,0,1,3,D,,A,1586,T
20234,05561831,1,32,0,1,7,D,,A,60,D
20234,05561891,1,19,0,1,1,D,2,D,208,D
20234,05561891,2,20,0,1,1,D,2,D,208,D
20234,05562421,1,12,0,1,2,D,,A,195,D
20234,05562481,1,9,0,1,3,D,,A,210,D
20234,05562491,1,19,0,1,3,D,,A,90,D
20234,05562881,1,13,0,1,3,D,,A,15,D
20234,05562881,2,14,0,1,3,D,,A,15,D
20234,05563171,1,14,0,1,3,D,,A,105,D
20234,05563211,1,16,0,1,3,D,,A,102,D
20234,05563941,2,18,0,1,7,D,,A,3,D
20234,05564221,1,11,0,1,4,D,,A,20,D
20234,05565071,1,12,0,1,7,D,,A,4,D
20234,05565211,1,19,0,1,4,D,,A,200,D
20234,05565211,2,20,0,1,4,D,,A,200,D
20234,05565291,1,6,0,1,3,D,,A,90,D
20234,05565481,1,8,0,1,2,D,,A,442,D
20234,05565481,2,9,0,1,2,D,,A,442,D
20234,05565521,1,24,0,1,3,D,,A,15,D
20234,05565521,2,25,0,1,3,D,,A,15,D
20234,05565641,1,26,0,1,7,D,,A,34,D
20234,05565641,2,27,0,1,7,D,,A,34,D
20234,05565641,31,28,0,1,7,D,,A,58,D
20234,05566451,1,34,0,1,3,D,,A,477,D
20234,05566451,2,35,0,1,3,D,,A,90,D
20234,05566451,3,36,0,1,3,D,,A,30,D
20234,05566721,2,23,0,1,7,D,,A,20,D
20234,05567291,1,7,0,1,7,D,,A,7,D
20234,05567341,4,19,0,1,3,D,,A,450,D
20234,05567341,5,20,0,1,3,D,,A,450,D
20234,05567811,1,28,0,1,7,D,,A,20,D
20234,05567811,2,29,0,1,7,D,,A,20,D
20234,05568571,4,30,0,1,7,D,,A,4,D
20234,05569271,1,18,0,1,1,D,5,D,195,D
20234,05569271,2,19,0,1,3,D,,A,405,D
20234,05569381,1,5,0,1,1,D,2,D,156,D
20234,05570341,1,21,0,1,4,D,,A,18,D
20234,05570341,2,22,0,1,7,D,,A,6,D
20234,05570671,1,10,0,1,4,D,,A,100,D
20234,05570671,2,11,0,1,4,D,,A,100,D
20234,05570701,1,15,0,1,3,D,,A,450,D
20234,05570701,3,16,0,1,3,D,,A,225,D
20234,05571071,1,34,0,1,4,D,,A,17,D
20234,05571081,1,9,0,1,2,D,,A,52,D
20234,05571281,1,8,0,1,2,D,,A,65,D
20234,05571801,1,17,0,1,3,D,,A,180,D
20234,05572221,1,10,0,1,3,D,,A,60,D
20234,05572761,2,25,0,1,2,D,,A,156,D
20234,05573191,1,12,0,1,2,D,,A,104,D
20234,05573471,2,36,0,1,3,D,,A,135,D
20241,05286344,2,28,0,1,2,D,,A,390,D
20241,05286344,3,29,0,1,2,D,,A,390,D
20241,05287664,1,9,0,1,3,D,,A,450,D
20241,05287774,1,28,0,1,3,D,,A,45,D
20241,05288334,1,12,0,1,3,D,,A,150,D
20241,05288624,1,7,0,1,2,D,,A,520,D
20241,05288944,1,13,0,1,3,D,,A,399,D
20241,05289264,1,7,0,1,3,D,,A,210,D
20241,05289764,1,32,0,1,7,D,,A,20,D
20241,05289764,2,33,0,1,7,D,,A,20,D
20241,05290244,1,39,0,1,7,D,,A,20,D
20241,05290424,2,31,0,1,2,D,,A,91,D
20241,05290544,1,10,0,1,3,D,,A,90,D
20241,05290624,1,14,0,1,3,D,,A,105,D
20241,05290964,1,13,0,1,4,D,,A,200,D
20241,05291094,1,30,0,1,,A,,A,208,F
20241,05291094,3,31,0,1,2,D,,A,221,D
20241,05291094,4,32,0,1,2,D,,A,221,D
20241,05291094,5,33,0,1,2,D,,A,299,D
20241,05291754,1,23,0,1,3,D,,A,855,D
20241,05291884,1,10,0,1,3,D,,A,90,D
20241,05292544,1,73,0,1,4,D,,A,80,D
20241,05293604,1,32,0,1,7,D,,A,45,D
20241,05293604,2,33,0,1,7,D,,A,45,D
20241,05294084,1,34,0,1,2,D,,A,78,D
20241,05294084,3,35,0,1,2,D,,A,364,D
20241,05294924,1,47,0,1,3,D,,A,30,D
20241,05294924,2,48,0,1,3,D,,A,30,D
20241,05294924,3,49,0,1,3,D,,A,30,D
20241,05294924,4,50,0,1,3,D,,A,30,D
20241,05296424,1,11,0,1,2,D,,A,442,D
20241,05296424,2,12,0,1,2,D,,A,442,D
20241,05296424,4,13,0,1,2,D,,A,442,D
20241,05296644,1,36,0,1,3,D,,A,150,D
20241,05296644,2,37,0,1,3,D,,A,300,D
20241,05296684,1,8,0,1,3,D,,A,75,D
20241,05296774,1,23,0,1,3,D,,A,60,D
20241,05296774,3,24,0,1,3,D,,A,60,D
20241,05297124,1,5,0,1,2,D,,A,78,D
20241,05297544,1,25,0,1,7,D,,A,300,D
20241,05297544,2,26,0,1,7,D,,A,300,D
20241,05297544,5,27,0,1,7,D,,A,300,D
20241,05297544,6,28,0,1,7,D,,A,300,D
20241,05344084,1,38,0,1,4,D,,A,100,D
20241,05345034,1,5,0,1,2,D,,A,260,D
20241,05345414,1,8,0,1,1,D,3,D,234,D
20241,05345484,2,41,0,1,2,D,,A,1040,D
20241,05345594,1,6,0,1,3,D,,A,60,D
20241,05346864,1,29,0,1,3,D,,A,600,D
20241,05346864,2,30,0,1,3,D,,A,300,D
20241,05347964,1,18,0,1,3,D,,A,393,D
20241,05347964,2,19,0,1,3,D,,A,393,D
20241,05348074,1,29,0,1,4,D,,A,100,D
20241,05348424,2,21,0,1,7,D,,A,135,D
20241,05349054,1,10,0,1,3,D,,A,60,D
20241,05349264,1,7,0,1,3,D,,A,540,D
20241,05349814,1,9,0,1,2,D,,A,806,D
20241,05349884,1,38,0,1,4,D,,A,25,D
20241,05350734,1,12,0,1,3,D,,A,30,D
20241,05351304,1,21,0,1,2,D,,A,1586,T
20241,05351474,1,23,0,1,3,D,,A,90,D
20241,05351474,3,24,0,1,3,D,,A,180,D
20241,05351474,4,25,0,1,3,D,,A,180,D
20241,05351684,2,17,0,1,3,D,,A,45,D
20241,05351964,3,51,0,1,4,D,,A,200,D
20241,05352224,3,34,0,1,3,D,,A,60,D
20241,05353014,1,14,0,1,2,D,,A,364,D
20241,05353334,3,43,0,1,3,D,,A,90,D
20241,05354194,1,30,0,1,7,D,,A,30,D
20241,05354194,2,31,0,1,7,D,,A,30,D
20241,05354494,3,44,0,1,4,D,,A,144,D
20241,05354674,1,25,0,1,3,D,,A,30,D
20241,05354984,1,21,0,1,3,D,,A,18,D
20241,05355034,1,35,0,1,7,D,,A,12,D
20241,05355194,1,10,0,1,3,D,,A,30,D
20241,05355194,2,11,0,1,3,D,,A,30,D
20241,05355604,1,43,0,1,7,D,,A,10,D
20241,05356254,1,33,0,1,1,D,3,D,585,D
20241,05356594,1,12,0,1,4,D,,A,20,D
20241,05358004,1,28,0,1,7,D,,A,9,D
20241,05358244,1,12,0,1,3,D,,A,285,D
20241,05359064,1,47,0,1,4,D,,A,10,D
20241,05359214,1,38,0,1,7,D,,A,60,D
20241,05360604,1,25,0,1,3,D,,A,450,D
20241,05360844,1,39,0,1,7,D,,A,700,D
20241,05361474,1,25,0,1,7,D,,A,7,D
20241,05361754,1,13,0,1,3,D,,A,75,D
20241,05361994,1,21,0,1,6,D,,A,208,D
20241,05362054,1,35,0,1,3,D,,A,300,D
20241,05363764,1,20,0,1,3,D,,A,45,D
20241,05364354,3,34,0,1,3,D,,A,90,D
20241,05364494,1,16,0,1,3,D,,A,60,D
20241,05364804,1,12,0,1,3,D,,A,270,D
20241,05365464,1,5,0,1,2,D,,A,429,D
20241,05365464,3,6,0,1,2,D,,A,429,D
20241,05365634,3,30,0,1,3,D,,A,240,D
20241,05366344,1,30,0,1,7,D,,A,40,D
20241,05366504,1,20,0,1,7,D,,A,3,D
20241,05366814,1,26,0,1,4,D,,A,5,D
20241,05366814,2,27,0,1,4,D,,A,5,D
20241,05411963,2,33,0,1,1,D,5,D,650,D
20241,05412023,1,6,0,1,2,D,,A,390,D
20241,05412053,1,18,0,1,7,D,,A,15,D
20241,05412303,2,24,0,1,3,D,,A,396,D
20241,05412343,1,18,0,1,3,D,,A,15,D
20241,05412343,2,19,0,1,3,D,,A,6,D
20241,05412683,1,26,0,1,3,D,,A,21,D
20241,05412683,2,27,0,1,,A,,A,240,F
20241,05413213,1,14,0,1,3,D,,A,660,D
20241,05413533,2,9,0,1,3,D,,A,120,D
20241,05414103,1,9,0,1,3,D,,A,96,D
20241,05414763,1,20,0,1,3,D,,A,90,D
20241,05415293,1,22,0,1,7,D,,A,90,D
20241,05416353,1,14,0,1,3,D,,A,120,D
20241,05416353,3,15,0,1,3,D,,A,120,D
20241,05416533,1,18,0,1,3,D,,A,45,D
20241,05417733,1,37,0,1,7,D,,A,100,D
20241,05417963,2,13,0,1,2,D,,A,234,D
20241,05417963,5,14,0,1,2,D,,A,455,D
20241,05420153,1,35,0,1,7,D,,A,2,D
20241,05420173,1,32,0,1,4,D,,A,23,D
20241,05420393,1,13,0,1,3,D,,A,408,D
20241,05421253,1,7,0,1,2,D,,A,520,D
20241,05421463,1,28,0,1,7,D,,A,4,D
20241,05421463,2,29,0,1,7,D,,A,4,D
20241,05421723,1,58,0,1,3,D,,A,48,D
20241,05421723,2,59,0,1,3,D,,A,48,D
20241,05422043,1,13,0,1,3,D,,A,390,D
20241,05422233,1,7,0,1,2,D,,A,221,D
20241,05422233,2,8,0,1,2,D,,A,221,D
20241,05422433,2,37,0,1,7,D,,A,18,D
20241,05422833,1,5,0,1,2,D,,A,325,D
20241,05423503,2,43,0,1,7,D,,A,23,D
20241,05423863,1,32,0,1,7,D,,A,31,D
20241,05423863,2,33,0,1,7,D,,A,31,D
20241,05424003,1,24,0,1,3,D,,A,30,D
20241,05424033,1,65,0,1,4,D,,A,30,D
20241,05424033,2,66,0,1,4,D,,A,30,D
20241,05424053,3,21,0,1,1,D,5,D,325,D
20241,05424353,1,11,0,1,2,D,,A,390,D
20241,05424573,2,60,0,1,4,D,,A,15,D
20241,05424613,1,7,0,1,3,D,,A,600,D
20241,05424613,2,8,0,1,3,D,,A,600,D
20241,05424613,3,9,0,1,3,D,,A,600,D
20241,05424613,4,10,0,1,3,D,,A,600,D
20241,05424903,1,22,0,1,4,D,,A,40,D
20241,05425753,1,12,0,1,2,D,,A,104,D
20241,05425963,2,28,0,1,1,D,5,D,715,D
20241,05426583,1,15,0,1,7,D,,A,15,D
20241,05427013,1,20,0,1,2,D,,A,117,D
20241,05427283,1,9,0,1,3,D,,A,210,D
20241,05427283,2,10,0,1,3,D,,A,141,D
20241,05427433,1,31,0,1,3,D,,A,60,D
20241,05427433,2,32,0,1,3,D,,A,30,D
20241,05428173,1,32,0,1,3,D,,A,300,D
20241,05428543,1,28,0,1,7,D,,A,10,D
20241,05428543,2,29,0,1,7,D,,A,10,D
20241,05428803,1,48,0,1,7,D,,A,20,D
20241,05428813,2,21,0,1,3,D,,A,90,D
20241,05428853,1,50,0,1,3,D,,A,30,D
20241,05428973,1,30,0,1,3,D,,A,507,D
20241,05429153,2,22,0,1,3,D,,A,90,D
20241,05429243,2,19,0,1,2,D,,A,156,D
20241,05429243,5,20,0,1,2,D,,A,156,D
20241,05429493,1,46,0,1,3,D,,A,150,D
20241,05429493,2,47,0,1,7,D,,A,6,D
20241,05429493,3,48,0,1,3,D,,A,150,D
20241,05429673,1,35,0,1,7,D,,A,80,D
20241,05429673,3,36,0,1,7,D,,A,80,D
20241,05429743,1,13,0,1,7,D,,A,8,D
20241,05429793,1,21,0,1,7,D,,A,3,D
20241,05429993,1,9,0,1,3,D,,A,162,D
20241,05430183,2,43,0,1,3,D,,A,459,D
20241,05430193,1,22,0,1,2,D,,A,130,D
20241,05430193,2,23,0,1,2,D,,A,65,D
20241,05430243,1,44,0,1,4,D,,A,10,D
20241,05430243,2,45,0,1,4,D,,A,10,D
20241,05430353,1,22,0,1,3,D,,A,30,D
20241,05430353,2,23,0,1,3,D,,A,30,D
20241,05430623,1,18,0,1,3,D,,A,300,D
20241,05430733,1,13,0,1,7,D,,A,10,D
20241,05432493,1,22,0,1,1,D,2,D,104,D
20241,05432653,1,51,0,1,7,D,,A,5,D
20241,05432863,1,7,0,1,2,D,,A,390,D
20241,05432933,1,49,0,1,3,D,,A,174,D
20241,05432933,2,50,0,1,3,D,,A,300,D
20241,05432933,3,51,0,1,3,D,,A,30,D
20241,05432973,1,6,0,1,3,D,,A,300,D
20241,05432973,2,7,0,1,3,D,,A,300,D
20241,05432973,3,8,0,1,3,D,,A,300,D
20241,05432973,4,9,0,1,3,D,,A,300,D
20241,05433663,4,62,0,1,2,D,,A,182,D
20241,05434363,1,10,0,1,3,D,,A,90,D
20241,05434363,2,11,0,1,3,D,,A,240,D
20241,05434533,1,69,0,1,4,D,,A,7,D
20241,05434693,1,27,0,1,7,D,,A,2,D
20241,05434803,1,7,0,1,3,D,,A,60,D
20241,05434863,1,21,0,1,2,D,,A,195,D
20241,05434863,2,22,0,1,2,D,,A,195,D
20241,05436043,2,27,0,1,7,D,,A,90,D
20241,05436123,1,17,0,1,3,D,,A,150,D
20241,05436443,1,27,0,1,7,D,,A,100,D
20241,05436443,2,28,0,1,7,D,,A,100,D
20241,05436733,1,8,0,1,3,D,,A,174,D
20241,05436983,1,39,0,1,,A,,A,164,F
20241,05436983,2,40,0,1,,A,,A,164,F
20241,05436983,3,41,0,1,,A,,A,164,F
20241,05437063,1,10,0,1,2,D,,A,455,D
20241,05438443,1,47,0,1,1,D,1,D,78,D
20241,05438953,1,31,0,1,1,D,5,D,910,D
20241,05439233,1,7,0,1,3,D,,A,330,D
20241,05439453,1,23,0,1,2,D,,A,325,D
20241,05439453,2,24,0,1,1,D,5,D,390,D
20241,05439593,1,12,0,1,7,D,,A,78,D
20241,05439743,2,26,0,1,3,D,,A,108,D
20241,05439943,1,29,0,1,4,D,,A,17,D
20241,05439943,2,30,0,1,4,D,,A,17,D
20241,05440203,1,6,0,1,,A,,A,164,F
20241,05440923,1,6,0,1,4,D,,A,40,D
20241,05442583,1,15,0,1,4,D,,A,10,D
20241,05443393,1,12,0,1,3,D,,A,96,D
20241,05443543,1,8,0,1,3,D,,A,240,D
20241,05443543,2,9,0,1,3,D,,A,210,D
20241,05443543,3,10,0,1,3,D,,A,210,D
20241,05444693,1,4,0,1,3,D,,A,300,D
20241,05445663,1,23,0,1,3,D,,A,255,D
20241,05445803,4,21,0,1,2,D,,A,624,D
20241,05445983,2,28,0,1,3,D,,A,300,D
20241,05446203,1,14,0,1,2,D,,A,260,D
20241,05538182,1,19,0,1,3,D,,A,225,D
20241,05538982,1,22,0,1,7,D,,A,10,D
20241,05538982,2,23,0,1,7,D,,A,10,D
20241,05539052,1,15,0,1,2,D,,A,65,D
20241,05539052,2,16,0,1,2,D,,A,65,D
20241,05539792,1,21,0,1,4,D,,A,30,D
20241,05539792,2,22,0,1,4,D,,A,30,D
20241,05539792,3,23,0,1,4,D,,A,30,D
20241,05540302,1,12,0,1,1,D,5,D,390,D
20241,05540592,1,6,0,1,1,D,5,D,195,D
20241,05541622,1,40,0,1,7,D,,A,36,D
20241,05541622,2,41,0,1,7,D,,A,36,D
20241,05541692,1,43,0,1,3,D,,A,48,D
20241,05542072,31,47,0,1,4,D,,A,48,D
20241,05542452,1,30,0,1,7,D,,A,6,D
20241,05542622,1,26,0,1,3,D,,A,300,D
20241,05542662,1,10,0,1,3,D,,A,150,D
20241,05542782,1,42,0,1,7,D,,A,15,D
20241,05543222,1,8,0,1,3,D,,A,45,D
20241,05544462,1,42,0,1,,A,,A,164,F
20241,05544652,1,70,0,1,4,D,,A,50,D
20241,05545652,1,18,0,1,3,D,,A,36,D
20241,05546092,1,12,0,1,3,D,,A,150,D
20241,05546162,1,17,0,1,3,D,,A,120,D
20241,05546162,2,18,0,1,3,D,,A,120,D
20241,05546362,1,6,0,1,7,D,,A,10,D
20241,05546512,1,23,0,1,3,D,,A,90,D
20241,05546512,2,24,0,1,3,D,,A,60,D
20241,05546782,1,20,0,1,1,D,6,D,390,D
20241,05546822,1,47,0,1,7,D,,A,60,D
20241,05546822,2,48,0,1,7,D,,A,60,D
20241,05546822,31,49,0,1,7,D,,A,60,D
20241,05547382,1,53,0,1,7,D,,A,50,D
20241,05547382,2,54,0,1,,A,,A,154,F
20241,05547382,3,55,0,1,,A,,A,154,F
20241,05547552,1,6,0,1,3,D,,A,240,D
20241,05547692,1,10,0,1,3,D,,A,60,D
20241,05547692,4,11,0,1,3,D,,A,60,D
20241,05548022,7,25,0,1,1,D,5,D,975,D
20241,05548432,1,4,0,1,2,D,,A,325,D
20241,05548432,2,5,0,1,2,D,,A,325,D
20241,05548432,3,6,0,1,2,D,,A,325,D
20241,05548902,31,51,0,1,7,D,,A,35,D
20241,05549292,1,9,0,1,2,D,,A,130,D
20241,05549302,1,7,0,1,3,D,,A,240,D
20241,05549362,2,40,0,1,7,D,,A,25,D
20241,05549362,3,41,0,1,7,D,,A,25,D
20241,05549822,1,39,0,1,3,D,,A,90,D
20241,05549822,2,40,0,1,3,D,,A,90,D
20241,05550102,1,27,0,1,4,D,,A,210,D
20241,05550612,2,45,0,1,3,D,,A,120,D
20241,05550872,1,14,0,1,3,D,,A,210,D
20241,05551602,1,24,0,1,7,D,,A,170,D
20241,05551982,1,40,0,1,7,D,,A,40,D
20241,05552292,1,23,0,1,4,D,,A,30,D
20241,05552902,1,12,0,1,3,D,,A,9,D
20241,05552942,1,22,0,1,7,D,,A,30,D
20241,05552962,5,26,0,1,3,D,,A,1050,D
20241,05553432,1,9,0,1,4,D,,A,56,D
20241,05553683,1,15,0,1,2,D,,A,26,D
20241,05555082,1,27,0,1,3,D,,A,24,D
20241,05555382,1,6,0,1,3,D,,A,12,D
20241,05555382,2,7,0,1,3,D,,A,12,D
20241,05556412,1,18,0,1,2,D,,A,260,D
20241,05556782,1,11,0,1,2,D,,A,442,D
20241,05556924,1,25,0,1,3,D,,A,300,D
20241,05556924,2,26,0,1,3,D,,A,450,D
20241,05556924,3,27,0,1,3,D,,A,45,D
20241,05556924,4,28,0,1,3,D,,A,150,D
20241,05557232,1,11,0,1,3,D,,A,90,D
20241,05557562,1,15,0,1,3,D,,A,150,D
20241,05557562,2,16,0,1,3,D,,A,150,D
20241,05557872,1,72,0,1,7,D,,A,5,D
20241,05557872,2,73,0,1,7,D,,A,5,D
20241,05557872,3,74,0,1,7,D,,A,5,D
20241,05557872,4,75,0,1,7,D,,A,5,D
20241,05557872,5,76,0,1,7,D,,A,5,D
20241,05558232,1,7,0,1,2,D,,A,104,D
20241,05558922,1,28,0,1,3,D,,A,120,D
20241,05559012,1,16,0,1,3,D,,A,402,D
20241,05560112,1,5,0,1,2,D,,A,195,D
20241,05560342,1,5,0,1,4,D,,A,120,D
20241,05560542,1,6,0,1,2,D,,A,390,D
20241,05561462,1,27,0,1,5,D,,A,30,D
20241,05561632,1,13,0,1,3,D,,A,204,D
20241,05561632,2,14,0,1,3,D,,A,30,D
20241,05561832,1,38,0,1,4,D,,A,250,D
20241,05561872,1,5,0,1,,A,,A,182,F
20241,05561872,2,6,0,1,,A,,A,182,F
20241,05561892,1,32,0,1,3,D,,A,15,D
20241,05561892,2,33,0,1,3,D,,A,15,D
20241,05562422,1,18,0,1,2,D,,A,195,D
20241,05562422,3,19,0,1,2,D,,A,195,D
20241,05562482,1,12,0,1,3,D,,A,219,D
20241,05562882,1,17,0,1,7,D,,A,3,D
20241,05563172,1,23,0,1,,A,,A,164,F
20241,05563992,2,44,0,1,2,D,,A,312,D
20241,05564222,1,13,0,1,4,D,,A,20,D
20241,05565072,1,15,0,1,4,D,,A,10,D
20241,05565292,1,6,0,1,3,D,,A,90,D
20241,05565732,1,12,0,1,2,D,,A,325,D
20241,05565732,2,13,0,1,2,D,,A,195,D
20241,05565732,3,14,0,1,2,D,,A,195,D
20241,05565772,1,14,0,1,4,D,,A,400,D
20241,05565942,1,38,0,1,7,D,,A,20,D
20241,05567392,1,24,0,1,3,D,,A,90,D
20241,05567392,2,25,0,1,3,D,,A,30,D
20241,05567612,1,6,0,1,2,D,,A,416,D
20241,05568572,4,38,0,1,7,D,,A,5,D
20241,05568662,1,13,0,1,3,D,,A,36,D
20241,05569212,1,7,0,1,,A,,A,182,F
20241,05569272,1,21,0,1,3,D,,A,93,D
20241,05569382,1,6,0,1,1,D,2,D,156,D
20241,05569612,1,14,0,1,2,D,,A,247,D
20241,05569612,2,15,0,1,2,D,,A,195,D
20241,05570042,1,7,0,1,2,D,,A,65,D
20241,05570152,2,33,0,1,7,D,,A,300,D
20241,05570414,1,33,0,1,7,D,,A,600,D
20241,05570702,1,18,0,1,3,D,,A,300,D
20241,05570702,3,19,0,1,3,D,,A,150,D
20241,05570922,1,6,0,1,6,D,,A,200,D
20241,05571082,1,10,0,1,4,D,,A,100,D
20241,05571542,1,77,0,1,7,D,,A,26,D
20241,05572722,1,36,0,1,7,D,,A,200,D
20241,05572762,2,24,0,1,2,D,,A,52,D
20241,05573472,2,43,0,1,,A,,A,154,F
20241,05573891,3,6,0,1,3,D,,A,42,D
20241,05573891,4,7,0,1,3,D,,A,42,D
20241,05574321,2,31,0,1,2,D,,A,221,D
20241,05574471,2,24,0,1,7,D,,A,90,D
20241,05574641,1,45,0,1,3,D,,A,174,D
20241,05575091,2,19,0,1,,A,,A,208,F
20241,05575521,1,5,0,1,1,D,3,D,39,D
20241,05575521,2,6,0,1,1,D,3,D,39,D
20241,05576021,1,13,0,1,2,D,,A,338,D
20241,05576271,1,30,0,1,4,D,,A,240,D
20241,05576774,1,5,0,1,2,D,,A,130,D
20241,05577151,1,14,0,1,4,D,,A,50,D
20241,05577251,1,13,0,1,3,D,,A,300,D
20241,05577811,2,12,0,1,3,D,,A,150,D
20241,05578651,1,15,0,1,2,D,,A,546,D
20241,05578651,2,16,0,1,2,D,,A,546,D
20241,05579031,1,35,0,1,1,D,2,D,156,D
20241,05579031,2,36,0,1,1,D,2,D,156,D
20241,05579031,3,37,0,1,1,D,2,D,104,D
20241,05579031,4,38,0,1,1,D,2,D,104,D
20241,05579031,5,39,0,1,,A,,A,208,F
20241,05579721,2,14,0,1,7,D,,A,130,D
20241,05580281,1,7,0,1,7,D,,A,38,D
20241,05580501,1,24,0,1,7,D,,A,32,D
20241,05580651,1,9,0,1,3,D,,A,150,D
20241,05580771,1,50,0,1,3,D,,A,111,D
20241,05580991,2,31,0,1,3,D,,A,900,D
20241,05581441,1,21,0,1,7,D,,A,100,D
20241,05581441,2,22,0,1,7,D,,A,100,D
20241,05581681,1,29,0,1,7,D,,A,5,D
20241,05581711,2,21,0,1,3,D,,A,180,D
20241,05582711,1,27,0,1,2,D,,A,65,D
20241,05582711,2,28,0,1,2,D,,A,65,D
20241,05583331,1,20,0,1,2,D,,A,312,D
20241,05583511,1,30,0,1,4,D,,A,6,D
20241,05583511,4,31,0,1,4,D,,A,20,D
20241,05583531,1,8,0,1,4,D,,A,40,D
20241,05583601,1,16,0,1,7,D,,A,10,D
20241,05583601,2,17,0,1,7,D,,A,10,D
20241,05583611,1,31,0,1,,C,,A,154,F
20241,05583971,1,8,0,1,4,D,,A,10,D
20241,05584241,2,38,0,1,4,D,,A,100,D
20241,05584274,1,8,0,1,3,D,,A,168,D
20241,05584401,2,33,0,1,7,D,,A,5,D
20241,05584661,1,37,0,1,3,D,,A,360,D
20241,05584661,2,38,0,1,3,D,,A,360,D
20241,05584911,1,9,0,1,3,D,,A,168,D
20241,05584931,4,15,0,1,3,D,,A,105,D
20241,05585041,1,38,0,1,3,D,,A,120,D
20241,05585291,1,33,0,1,7,D,,A,10,D
20241,05585401,1,29,0,1,2,D,,A,455,D
20241,05585581,1,7,0,1,3,D,,A,75,D
20241,05585611,1,6,0,1,3,D,,A,60,D
20241,05585641,1,23,0,1,3,D,,A,30,D
20241,05586051,1,24,0,1,7,D,,A,70,D
20241,05586521,1,15,0,1,7,D,,A,5,D
20241,05586851,1,24,0,1,6,D,,A,25,D
20241,05587161,1,7,0,1,3,D,,A,396,D
20241,05587161,2,8,0,1,3,D,,A,396,D
20241,05587372,1,11,0,1,3,D,,A,150,D
20241,05587881,3,29,0,1,7,D,,A,13,D
20241,05587881,4,30,0,1,7,D,,A,13,D
20241,05588271,1,7,0,1,,A,,A,182,F
20241,05588401,2,14,0,1,3,D,,A,30,D
20241,05588841,1,28,0,1,4,D,,A,12,D
20241,05589261,1,22,0,1,7,D,,A,5,D
20241,05589261,2,23,0,1,7,D,,A,5,D
20241,05589331,1,10,0,1,3,D,,A,210,D
20241,05589431,1,20,0,1,3,D,,A,30,D
20241,05590891,1,23,0,1,7,D,,A,90,D
20241,05590891,2,24,0,1,7,D,,A,90,D
20241,05591051,1,21,0,1,3,D,,A,300,D
20241,05591311,1,31,0,1,3,D,,A,90,D
20241,05592281,1,16,0,1,2,D,,A,65,D
20241,05592301,31,26,0,1,4,D,,A,100,D
20241,05592411,1,11,0,1,2,D,,A,182,D
20241,05592471,2,25,0,1,3,D,,A,30,D
20241,05592831,1,12,0,1,3,D,,A,180,D
20241,05593061,2,12,0,1,6,D,,A,11,D
20241,05593061,3,13,0,1,6,D,,A,11,D
20241,05593171,1,9,0,1,3,D,,A,90,D
20241,05593791,1,10,0,1,3,D,,A,48,D
20241,05593831,1,14,0,1,3,D,,A,180,D
20241,05594901,1,23,0,1,3,D,,A,300,D
20241,05594901,2,24,0,1,3,D,,A,150,D
20241,05595711,1,7,0,1,2,D,,A,455,D
20241,05595711,2,8,0,1,2,D,,A,455,D
20241,05595791,1,30,0,1,1,D,2,D,78,D
20241,05596151,1,40,0,1,3,D,,A,15,D
20241,05596221,1,18,0,1,2,D,,A,260,D
20241,05596221,2,19,0,1,2,D,,A,260,D
20241,05596281,1,21,0,1,3,D,,A,300,D
20241,05596301,1,19,0,1,7,D,,A,30,D
20241,05596421,1,11,0,1,3,D,,A,15,D
20241,05596781,1,13,0,1,2,D,,A,390,D
20241,05597091,1,11,0,1,2,D,,A,442,D
20241,05597091,2,12,0,1,2,D,,A,442,D
20241,05597121,1,6,0,1,3,D,,A,108,D
20241,05597341,1,9,0,1,3,D,,A,210,D
20241,05597501,1,28,0,1,7,D,,A,60,D
20241,05597782,1,5,0,1,,A,,A,221,F
20241,05598201,1,27,0,1,7,D,,A,120,D
20241,05598201,2,28,0,1,7,D,,A,120,D
20241,05598381,1,42,0,1,7,D,,A,40,D
20241,05598381,31,43,0,1,7,D,,A,20,D
20241,05598743,1,8,0,1,2,D,,A,364,D
20241,05599561,1,20,0,1,4,D,,A,10,D
20241,05599651,1,6,0,1,3,D,,A,240,D
20241,05599881,3,45,0,1,3,D,,A,72,D
20241,05600441,5,14,0,1,2,D,,A,104,D
20241,05600611,1,7,0,1,2,D,,A,260,D
20241,05600901,2,9,0,1,1,D,1,D,52,D
20241,05601331,1,18,0,1,7,D,,A,40,D
20241,05601331,2,19,0,1,7,D,,A,40,D
20241,05601531,1,27,0,1,3,D,,A,30,D
20241,05601531,2,28,0,1,,A,,A,182,F
20241,05602921,1,9,0,1,3,D,,A,60,D
20241,05602991,1,8,0,1,3,D,,A,150,D
20241,05603351,1,22,0,1,4,D,,A,40,D
20241,05603351,2,23,0,1,,A,,A,221,F
20241,05603351,3,24,0,1,,A,,A,221,F
20241,05603351,4,25,0,1,,A,,A,221,F
20241,05603563,1,11,0,1,2,D,,A,286,D
20241,05604201,4,23,0,1,7,D,,A,3,D
20241,05604591,2,22,0,1,4,D,,A,15,D
20241,05604711,3,52,0,1,3,D,,A,60,D
20241,05604711,4,53,0,1,3,D,,A,270,D
20241,05604901,1,19,0,1,3,D,,A,90,D
20241,05605161,1,36,0,1,3,D,,A,150,D
20241,05605191,1,20,0,1,3,D,,A,150,D
20241,05605191,2,21,0,1,3,D,,A,192,D
20241,05605493,1,7,0,1,4,D,,A,120,D
20241,05605881,1,9,0,1,7,D,,A,250,D
20241,05606101,31,18,0,1,7,D,,A,52,D
20241,05606271,1,16,0,1,3,D,,A,300,D
20241,05606921,2,8,0,1,2,D,,A,910,D
