QYEAR,NEWID,SEQNO,ALCNO,REC_ORIG,TRNONCUX,TRNO_CUX,TRNONCUY,TRNO_CUY
20232,05093794,20,0,1,,H,,A
20232,05093794,20,1,1,100,E,120,D
20232,05093794,20,2,1,13,E,140,D
20232,05093794,20,3,1,791,E,150,D
20232,05093794,20,4,1,92,E,160,D
20232,05093794,20,5,1,55,E,170,D
20232,05093794,20,6,1,49,E,180,D
20232,05093794,20,7,1,100,E,190,D
20232,05094104,59,0,1,,H,,A
20232,05094104,59,1,1,86,E,120,D
20232,05094104,59,2,1,11,E,140,D
20232,05094104,59,3,1,906,E,150,D
20232,05094104,59,4,1,72,E,160,D
20232,05094104,59,5,1,35,E,170,D
20232,05094104,59,6,1,54,E,180,D
20232,05094104,59,7,1,136,E,190,D
20232,05095084,18,0,1,,H,,A
20232,05095084,18,1,1,496,E,100,D
20232,05095084,18,2,1,113,E,110,D
20232,05095084,18,3,1,791,E,130,D
20232,05095224,37,0,1,,H,,A
20232,05095224,37,1,1,99,E,120,D
20232,05095224,37,2,1,12,E,140,D
20232,05095224,37,3,1,1043,E,150,D
20232,05095224,37,4,1,83,E,160,D
20232,05095224,37,5,1,40,E,170,D
20232,05095224,37,6,1,62,E,180,D
20232,05095224,37,7,1,161,E,190,D
20232,05097934,50,0,1,,H,,A
20232,05097934,50,1,1,709,E,100,D
20232,05097934,50,2,1,136,E,110,D
20232,05097934,50,3,1,1255,E,130,D
20232,05099314,19,0,1,,H,,A
20232,05099314,19,1,1,41,E,120,D
20232,05099314,19,2,1,5,E,140,D
20232,05099314,19,3,1,348,E,150,D
20232,05099314,19,4,1,31,E,160,D
20232,05099314,19,5,1,12,E,170,D
20232,05099314,19,6,1,85,E,180,D
20232,05099314,19,7,1,78,E,190,D
20232,05103564,28,0,1,,H,,A
20232,05103564,28,1,1,34,E,120,D
20232,05103564,28,2,1,5,E,140,D
20232,05103564,28,3,1,317,E,150,D
20232,05103564,28,4,1,23,E,160,D
20232,05103564,28,5,1,9,E,170,D
20232,05103564,28,6,1,34,E,190,D
20232,05103564,28,7,1,46,E,210,D
20232,05103564,28,8,1,32,E,220,D
20232,05105894,37,0,1,,H,,A
20232,05105894,37,1,1,90,E,120,D
20232,05105894,37,2,1,11,E,140,D
20232,05105894,37,3,1,678,E,150,D
20232,05105894,37,4,1,79,E,160,D
20232,05105894,37,5,1,47,E,170,D
20232,05105894,37,6,1,42,E,180,D
20232,05105894,37,7,1,82,E,190,D
20232,05106254,31,0,1,,H,,A
20232,05106254,31,1,1,237,E,100,D
20232,05106254,31,2,1,63,E,110,D
20232,05107414,46,0,1,,H,,A
20232,05107414,46,1,1,107,E,120,D
20232,05107414,46,2,1,14,E,140,D
20232,05107414,46,3,1,824,E,150,D
20232,05107414,46,4,1,96,E,160,D
20232,05107414,46,5,1,58,E,170,D
20232,05107414,46,6,1,51,E,180,D
20232,05107414,46,7,1,100,E,190,D
20232,05108014,78,0,1,,H,,A
20232,05108014,78,1,1,178,E,100,D
20232,05108014,78,2,1,74,E,110,D
20232,05108014,78,3,1,93,E,120,D
20232,05108014,78,4,1,14,E,140,D
20232,05108014,78,5,1,369,E,150,D
20232,05108014,78,6,1,176,E,160,D
20232,05108014,78,7,1,87,E,170,D
20232,05108014,78,8,1,458,E,180,D
20232,05108014,78,9,1,51,E,190,D
20232,05108264,59,0,1,,H,,A
20232,05108264,59,1,1,114,E,120,D
20232,05108264,59,2,1,632,E,130,D
20232,05108264,59,3,1,15,E,140,D
20232,05108264,59,4,1,904,E,150,D
20232,05108264,59,5,1,106,E,160,D
20232,05108264,59,6,1,63,E,170,D
20232,05108264,59,7,1,56,E,180,D
20232,05108264,59,8,1,110,E,190,D
20232,05112834,15,0,1,,H,,A
20232,05112834,15,1,1,115,E,100,D
20232,05112834,15,2,1,25,E,110,D
20232,05112834,15,3,1,58,E,120,D
20232,05112834,15,4,1,233,E,130,D
20232,05112834,15,5,1,5,E,140,D
20232,05112834,15,6,1,466,E,150,D
20232,05112834,15,7,1,25,E,160,D
20232,05112834,15,8,1,130,E,180,D
20232,05112834,15,9,1,43,E,190,D
20232,05115144,24,0,1,,H,,A
20232,05115144,24,1,1,39,E,120,D
20232,05115144,24,2,1,6,E,140,D
20232,05115144,24,3,1,376,E,150,D
20232,05115144,24,4,1,28,E,160,D
20232,05115144,24,5,1,10,E,170,D
20232,05115144,24,6,1,41,E,190,D
20232,05117854,25,0,1,,H,,A
20232,05117854,25,1,1,57,E,100,D
20232,05117854,25,2,1,12,E,110,D
20232,05117854,25,3,1,18,E,120,D
20232,05117854,25,4,1,85,E,130,D
20232,05117854,25,5,1,3,E,140,D
20232,05117854,25,6,1,187,E,150,D
20232,05117854,25,7,1,13,E,160,D
20232,05117854,25,8,1,5,E,170,D
20232,05117854,25,9,1,20,E,190,D
20232,05118884,35,0,1,,H,,A
20232,05118884,35,1,1,2249,E,100,D
20232,05118884,35,2,1,429,E,110,D
20232,05118884,35,3,1,640,E,120,D
20232,05118884,35,4,1,3973,E,130,D
20232,05118884,35,5,1,82,E,140,D
20232,05118884,35,6,1,6701,E,150,D
20232,05118884,35,7,1,534,E,160,D
20232,05118884,35,8,1,259,E,170,D
20232,05118884,35,9,1,403,E,180,D
20232,05118884,35,10,1,1012,E,190,D
20232,05118884,35,11,1,996,E,210,D
20232,05118884,35,12,1,1222,E,220,D
20232,05121434,34,0,1,,H,,A
20232,05121434,34,1,1,988,E,120,D
20232,05121434,34,2,1,4994,U,130,D
20232,05121434,34,3,1,127,E,140,D
20232,05121434,34,4,1,10344,E,150,D
20232,05121434,34,5,1,824,E,160,D
20232,05121434,34,6,1,400,E,170,D
20232,05121434,34,7,1,622,E,180,D
20232,05121434,34,8,1,1563,E,190,D
20232,05122674,37,0,1,,H,,A
20232,05122674,37,1,1,60,E,100,D
20232,05122674,37,2,1,11,E,110,D
20232,05122674,37,3,1,22,E,120,D
20232,05122674,37,4,1,107,E,130,D
20232,05122674,37,5,1,2,E,140,D
20232,05122674,37,6,1,181,E,150,D
20232,05122674,37,7,1,14,E,160,D
20232,05122674,37,8,1,7,E,170,D
20232,05122674,37,9,1,10,E,180,D
20232,05122674,37,10,1,27,E,190,D
20232,05122674,37,11,1,26,E,210,D
20232,05122674,37,12,1,33,E,220,D
20232,05124794,54,0,1,,H,,A
20232,05124794,54,1,1,62,E,120,D
20232,05124794,54,2,1,8,E,140,D
20232,05124794,54,3,1,498,E,150,D
20232,05124794,54,4,1,58,E,160,D
20232,05124794,54,5,1,34,E,170,D
20232,05124794,54,6,1,30,E,180,D
20232,05124794,54,7,1,60,E,190,D
20232,05201693,49,0,1,,H,,A
20232,05201693,49,1,1,700,E,130,D
20232,05202703,27,0,1,,H,,A
20232,05202703,27,1,1,329,E,120,D
20232,05202703,27,2,1,1531,E,130,D
20232,05202703,27,3,1,55,E,140,D
20232,05202703,27,4,1,3366,E,150,D
20232,05202703,27,5,1,251,E,160,D
20232,05202703,27,6,1,97,E,170,D
20232,05202703,27,7,1,371,E,190,D
20232,05203383,39,0,1,,H,,A
20232,05203383,39,1,1,178,E,100,D
20232,05203383,39,2,1,54,E,110,D
20232,05203383,39,3,1,81,E,120,D
20232,05203383,39,4,1,18,E,140,D
20232,05203383,39,5,1,509,E,150,D
20232,05203383,39,6,1,76,E,160,D
20232,05203383,39,7,1,62,E,170,D
20232,05203383,39,8,1,35,E,180,D
20232,05203383,39,9,1,87,E,190,D
20232,05205783,44,0,1,,H,,A
20232,05205783,44,1,1,112,E,130,D
20232,05206383,32,0,1,,H,,A
20232,05206383,32,1,1,41,E,100,D
20232,05206383,32,2,1,7,E,110,D
20232,05206383,32,3,1,17,E,120,D
20232,05206383,32,4,1,73,E,130,D
20232,05206383,32,5,1,1,E,140,D
20232,05206383,32,6,1,123,E,150,D
20232,05206383,32,7,1,9,E,160,D
20232,05206383,32,8,1,4,E,170,D
20232,05206383,32,9,1,7,E,180,D
20232,05206383,32,10,1,18,E,190,D
20232,05206673,15,0,1,,H,,A
20232,05206673,15,1,1,17,E,100,D
20232,05206673,15,2,1,4,E,110,D
20232,05206673,15,3,1,6,E,120,D
20232,05206673,15,4,1,24,E,150,D
20232,05206673,15,5,1,11,E,160,D
20232,05206673,15,6,1,5,E,170,D
20232,05206673,15,7,1,30,E,180,D
20232,05206673,15,8,1,3,E,190,D
20232,05208573,30,0,1,,H,,A
20232,05208573,30,1,1,158,E,100,D
20232,05208573,30,2,1,42,E,110,D
20232,05212453,50,0,1,,H,,A
20232,05212453,50,1,1,237,E,100,D
20232,05212453,50,2,1,45,E,110,D
20232,05212453,50,3,1,418,E,130,D
20232,05214303,22,0,1,,H,,A
20232,05214303,22,1,1,218,E,100,D
20232,05214303,22,2,1,41,E,110,D
20232,05214303,22,3,1,62,E,120,D
20232,05214303,22,4,1,8,E,140,D
20232,05214303,22,5,1,653,E,150,D
20232,05214303,22,6,1,52,E,160,D
20232,05214303,22,7,1,25,E,170,D
20232,05214303,22,8,1,39,E,180,D
20232,05214303,22,9,1,102,E,190,D
20232,05214543,56,0,1,,H,,A
20232,05214543,56,1,1,403,E,120,D
20232,05214543,56,2,1,55,E,140,D
20232,05214543,56,3,1,3165,E,150,D
20232,05214543,56,4,1,371,E,160,D
20232,05214543,56,5,1,222,E,170,D
20232,05214543,56,6,1,198,E,180,D
20232,05214543,56,7,1,386,E,190,D
20232,05215963,48,0,1,,H,,A
20232,05215963,48,1,1,474,E,210,D
20232,05215963,48,2,1,276,E,220,D
20232,05216243,28,0,1,,H,,A
20232,05216243,28,1,1,329,E,100,D
20232,05216243,28,2,1,75,E,110,D
20232,05216243,28,3,1,696,E,130,D
20232,05217003,34,0,1,,H,,A
20232,05217003,34,1,1,46,E,100,D
20232,05217003,34,2,1,12,E,110,D
20232,05217003,34,3,1,21,E,120,D
20232,05217003,34,4,1,101,E,130,D
20232,05217003,34,5,1,2,E,140,D
20232,05217003,34,6,1,145,E,150,D
20232,05217003,34,7,1,17,E,160,D
20232,05217003,34,8,1,10,E,170,D
20232,05217003,34,9,1,9,E,180,D
20232,05217003,34,10,1,17,E,190,D
20232,05218993,31,0,1,,H,,A
20232,05218993,31,1,1,55,E,100,D
20232,05218993,31,2,1,11,E,110,D
20232,05218993,31,3,1,27,E,120,D
20232,05218993,31,4,1,2,E,140,D
20232,05218993,31,5,1,215,E,150,D
20232,05218993,31,6,1,11,E,160,D
20232,05218993,31,7,1,60,E,180,D
20232,05218993,31,8,1,19,E,190,D
20232,05225063,59,0,1,,H,,A
20232,05225063,59,1,1,197,E,100,D
20232,05225063,59,2,1,36,E,110,D
20232,05225063,59,3,1,55,E,120,D
20232,05225063,59,4,1,341,E,130,D
20232,05225063,59,5,1,7,E,140,D
20232,05225063,59,6,1,576,E,150,D
20232,05225063,59,7,1,45,E,160,D
20232,05225063,59,8,1,22,E,170,D
20232,05225063,59,9,1,34,E,180,D
20232,05225063,59,10,1,87,E,190,D
20232,05225673,23,0,1,,H,,A
20232,05225673,23,1,1,24,E,100,D
20232,05225673,23,2,1,6,E,110,D
20232,05225673,23,3,1,9,E,120,D
20232,05225673,23,4,1,53,E,130,D
20232,05225673,23,5,1,6,E,140,D
20232,05225673,23,6,1,76,E,150,D
20232,05225673,23,7,1,8,E,160,D
20232,05225673,23,8,1,5,E,170,D
20232,05225673,23,9,1,4,E,180,D
20232,05225673,23,10,1,9,E,190,D
20232,05226823,63,0,1,,H,,A
20232,05226823,63,1,1,133,E,100,D
20232,05226823,63,2,1,25,E,110,D
20232,05226823,63,3,1,38,E,120,D
20232,05226823,63,4,1,236,E,130,D
20232,05226823,63,5,1,10,E,140,D
20232,05226823,63,6,1,398,E,150,D
20232,05226823,63,7,1,31,E,160,D
20232,05226823,63,8,1,15,E,170,D
20232,05226823,63,9,1,23,E,180,D
20232,05226823,63,10,1,60,E,190,D
20232,05226823,63,11,1,59,E,210,D
20232,05226823,63,12,1,72,E,220,D
20232,05228783,31,0,1,,H,,A
20232,05228783,31,1,1,4994,U,130,D
20232,05228873,32,0,1,,H,,A
20232,05228873,32,1,1,121,E,100,D
20232,05228873,32,2,1,23,E,110,D
20232,05228873,32,3,1,34,E,120,D
20232,05228873,32,4,1,220,E,130,D
20232,05228873,32,5,1,4,E,140,D
20232,05228873,32,6,1,362,E,150,D
20232,05228873,32,7,1,28,E,160,D
20232,05228873,32,8,1,14,E,170,D
20232,05228873,32,9,1,21,E,180,D
20232,05228873,32,10,1,54,E,190,D
20232,05228873,32,11,1,53,E,210,D
20232,05228873,32,12,1,66,E,220,D
20232,05229763,25,0,1,,H,,A
20232,05229763,25,1,1,32,E,120,D
20232,05229763,25,2,1,4,E,140,D
20232,05229763,25,3,1,301,E,150,D
20232,05229763,25,4,1,22,E,160,D
20232,05229763,25,5,1,8,E,170,D
20232,05229763,25,6,1,33,E,190,D
20232,05231043,18,0,1,,H,,A
20232,05231043,18,1,1,91,E,100,D
20232,05231043,18,2,1,20,E,110,D
20232,05231043,18,3,1,30,E,120,D
20232,05231043,18,4,1,5,E,140,D
20232,05231043,18,5,1,309,E,150,D
20232,05231043,18,6,1,23,E,160,D
20232,05231043,18,7,1,8,E,170,D
20232,05231043,18,8,1,34,E,190,D
20232,05232243,37,0,1,,H,,A
20232,05232243,37,1,1,13,E,120,D
20232,05232243,37,2,1,1,E,140,D
20232,05232243,37,3,1,141,E,150,D
20232,05232243,37,4,1,11,E,160,D
20232,05232243,37,5,1,5,E,170,D
20232,05232243,37,6,1,8,E,180,D
20232,05232243,37,7,1,21,E,190,D
20232,05232793,52,0,1,,H,,A
20232,05232793,52,1,1,212,E,130,D
20232,05233383,31,0,1,,H,,A
20232,05233383,31,1,1,165,E,100,D
20232,05233383,31,2,1,48,E,110,D
20232,05233383,31,3,1,65,E,120,D
20232,05233383,31,4,1,9,E,140,D
20232,05233383,31,5,1,521,E,150,D
20232,05233383,31,6,1,61,E,160,D
20232,05233383,31,7,1,36,E,170,D
20232,05233383,31,8,1,32,E,180,D
20232,05233383,31,9,1,63,E,190,D
20232,05235623,21,0,1,,H,,A
20232,05235623,21,1,1,57,E,100,D
20232,05235623,21,2,1,17,E,110,D
20232,05235623,21,3,1,29,E,120,D
20232,05235623,21,4,1,97,E,130,D
20232,05235623,21,5,1,4,E,140,D
20232,05235623,21,6,1,163,E,150,D
20232,05235623,21,7,1,24,E,160,D
20232,05235623,21,8,1,20,E,170,D
20232,05235623,21,9,1,11,E,180,D
20232,05235623,21,10,1,28,E,190,D
20232,05236593,69,0,1,,H,,A
20232,05236593,69,1,1,960,E,130,D
20232,05236593,69,2,1,273,E,210,D
20232,05236593,69,3,1,267,E,220,D
20232,05252392,55,0,1,,H,,A
20232,05252392,55,1,1,413,E,100,D
20232,05252392,55,2,1,83,E,110,D
20232,05252392,55,3,1,118,E,120,D
20232,05252392,55,4,1,732,E,130,D
20232,05252392,55,5,1,15,E,140,D
20232,05252392,55,6,1,1234,E,150,D
20232,05252392,55,7,1,98,E,160,D
20232,05252392,55,8,1,47,E,170,D
20232,05252392,55,9,1,74,E,180,D
20232,05252392,55,10,1,186,E,190,D
20232,05252662,56,0,1,,H,,A
20232,05252662,56,1,1,54,E,120,D
20232,05252662,56,2,1,5,E,140,D
20232,05252662,56,3,1,434,E,150,D
20232,05252662,56,4,1,23,E,160,D
20232,05252662,56,5,1,121,E,180,D
20232,05252662,56,6,1,40,E,190,D
20232,05253662,42,0,1,,H,,A
20232,05253662,42,1,1,109,E,120,D
20232,05253662,42,2,1,13,E,140,D
20232,05253662,42,3,1,1112,E,150,D
20232,05253662,42,4,1,88,E,160,D
20232,05253662,42,5,1,43,E,170,D
20232,05253662,42,6,1,67,E,180,D
20232,05253662,42,7,1,168,E,190,D
20232,05254202,56,0,1,,H,,A
20232,05254202,56,1,1,67,E,120,D
20232,05254202,56,2,1,317,E,130,D
20232,05254202,56,3,1,11,E,140,D
20232,05254202,56,4,1,689,E,150,D
20232,05254202,56,5,1,51,E,160,D
20232,05254202,56,6,1,19,E,170,D
20232,05254202,56,7,1,76,E,190,D
20232,05254202,56,8,1,101,E,210,D
20232,05254202,56,9,1,69,E,220,D
20232,05259012,62,0,1,,H,,A
20232,05259012,62,1,1,81,E,100,D
20232,05259012,62,2,1,15,E,110,D
20232,05259012,62,3,1,23,E,120,D
20232,05259012,62,4,1,143,E,130,D
20232,05259012,62,5,1,6,E,140,D
20232,05259012,62,6,1,242,E,150,D
20232,05259012,62,7,1,19,E,160,D
20232,05259012,62,8,1,9,E,170,D
20232,05259012,62,9,1,14,E,180,D
20232,05259012,62,10,1,36,E,190,D
20232,05264962,25,0,1,,H,,A
20232,05264962,25,1,1,120,E,100,D
20232,05264962,25,2,1,27,E,110,D
20232,05264962,25,3,1,41,E,120,D
20232,05264962,25,4,1,191,E,130,D
20232,05264962,25,5,1,7,E,140,D
20232,05264962,25,6,1,425,E,150,D
20232,05264962,25,7,1,31,E,160,D
20232,05264962,25,8,1,12,E,170,D
20232,05264962,25,9,1,46,E,190,D
20232,05265262,24,0,1,,H,,A
20232,05265262,24,1,1,86,E,120,D
20232,05265262,24,2,1,11,E,140,D
20232,05265262,24,3,1,659,E,150,D
20232,05265262,24,4,1,77,E,160,D
20232,05265262,24,5,1,46,E,170,D
20232,05265262,24,6,1,41,E,180,D
20232,05265262,24,7,1,80,E,190,D
20232,05265492,24,0,1,,H,,A
20232,05265492,24,1,1,48,E,120,D
20232,05265492,24,2,1,8,E,140,D
20232,05265492,24,3,1,500,E,150,D
20232,05265492,24,4,1,37,E,160,D
20232,05265492,24,5,1,14,E,170,D
20232,05265492,24,6,1,54,E,190,D
20232,05267132,40,0,1,,H,,A
20232,05267132,40,1,1,120,E,100,D
20232,05267132,40,2,1,31,E,110,D
20232,05267132,40,3,1,51,E,120,D
20232,05267132,40,4,1,359,E,130,D
20232,05267132,40,5,1,8,E,140,D
20232,05267132,40,6,1,488,E,150,D
20232,05267132,40,7,1,44,E,160,D
20232,05267132,40,8,1,17,E,170,D
20232,05267132,40,9,1,117,E,180,D
20232,05267132,40,10,1,109,E,190,D
20232,05267132,40,11,1,59,E,210,D
20232,05267132,40,12,1,43,E,220,D
20232,05267932,25,0,1,,H,,A
20232,05267932,25,1,1,738,E,130,D
20232,05268422,27,0,1,,H,,A
20232,05268422,27,1,1,25,E,100,D
20232,05268422,27,2,1,7,E,110,D
20232,05268422,27,3,1,11,E,120,D
20232,05268422,27,4,1,43,E,130,D
20232,05268422,27,5,1,1,E,140,D
20232,05268422,27,6,1,78,E,150,D
20232,05268422,27,7,1,10,E,160,D
20232,05268422,27,8,1,8,E,170,D
20232,05268422,27,9,1,5,E,180,D
20232,05268422,27,10,1,12,E,190,D
20232,05269472,47,0,1,,H,,A
20232,05269472,47,1,1,15,E,120,D
20232,05269472,47,2,1,1,E,140,D
20232,05269472,47,3,1,163,E,150,D
20232,05269472,47,4,1,12,E,160,D
20232,05269472,47,5,1,6,E,170,D
20232,05269472,47,6,1,9,E,180,D
20232,05269472,47,7,1,24,E,190,D
20232,05269532,56,0,1,,H,,A
20232,05269532,56,1,1,10,E,100,D
20232,05269532,56,2,1,8,E,110,D
20232,05269532,56,3,1,3,E,120,D
20232,05269532,56,4,1,18,E,130,D
20232,05269532,56,5,1,31,E,150,D
20232,05269532,56,6,1,2,E,160,D
20232,05269532,56,7,1,1,E,170,D
20232,05269532,56,8,1,1,E,180,D
20232,05269532,56,9,1,4,E,190,D
20232,05269532,56,10,1,4,E,210,D
20232,05269532,56,11,1,5,E,220,D
20232,05269702,46,0,1,,H,,A
20232,05269702,46,1,1,11,E,120,D
20232,05269702,46,2,1,1,E,140,D
20232,05269702,46,3,1,73,E,150,D
20232,05269702,46,4,1,10,E,160,D
20232,05269702,46,5,1,8,E,170,D
20232,05269702,46,6,1,4,E,180,D
20232,05269702,46,7,1,11,E,190,D
20232,05270082,22,0,1,,H,,A
20232,05270082,22,1,1,157,E,100,D
20232,05270082,22,2,1,42,E,110,D
20232,05270082,22,3,1,62,E,120,D
20232,05270082,22,4,1,350,E,130,D
20232,05270082,22,5,1,8,E,140,D
20232,05270082,22,6,1,497,E,150,D
20232,05270082,22,7,1,58,E,160,D
20232,05270082,22,8,1,35,E,170,D
20232,05270082,22,9,1,31,E,180,D
20232,05270082,22,10,1,60,E,190,D
20232,05278452,24,0,1,,H,,A
20232,05278452,24,1,1,321,E,100,D
20232,05278452,24,2,1,84,E,110,D
20232,05279562,21,0,1,,H,,A
20232,05279562,21,1,1,253,E,100,D
20232,05279562,21,2,1,67,E,110,D
20232,05281032,55,0,1,,H,,A
20232,05281032,55,1,1,242,E,100,D
20232,05281032,55,2,1,46,E,110,D
20232,05281032,55,3,1,69,E,120,D
20232,05281032,55,4,1,435,E,130,D
20232,05281032,55,5,1,8,E,140,D
20232,05281032,55,6,1,724,E,150,D
20232,05281032,55,7,1,57,E,160,D
20232,05281032,55,8,1,28,E,170,D
20232,05281032,55,9,1,43,E,180,D
20232,05281032,55,10,1,109,E,190,D
20232,05281032,55,11,1,107,E,210,D
20232,05281032,55,12,1,132,E,220,D
20232,05284342,43,0,1,,H,,A
20232,05284342,43,1,1,240,E,130,D
20232,05286351,32,0,1,,H,,A
20232,05286351,32,1,1,223,E,100,D
20232,05286351,32,2,1,58,E,110,D
20232,05286351,32,3,1,87,E,120,D
20232,05286351,32,4,1,478,E,130,D
20232,05286351,32,5,1,12,E,140,D
20232,05286351,32,6,1,688,E,150,D
20232,05286351,32,7,1,80,E,160,D
20232,05286351,32,8,1,48,E,170,D
20232,05286351,32,9,1,43,E,180,D
20232,05286351,32,10,1,83,E,190,D
20232,05287701,18,0,1,,H,,A
20232,05287701,18,1,1,22,E,100,D
20232,05287701,18,2,1,5,E,110,D
20232,05287701,18,3,1,15,E,120,D
20232,05287701,18,4,1,66,E,130,D
20232,05287701,18,5,1,1,E,140,D
20232,05287701,18,6,1,89,E,150,D
20232,05287701,18,7,1,8,E,160,D
20232,05287701,18,8,1,3,E,170,D
20232,05287701,18,9,1,21,E,180,D
20232,05287701,18,10,1,20,E,190,D
20232,05287904,36,0,1,,H,,A
20232,05287904,36,1,1,41,E,120,D
20232,05287904,36,2,1,5,E,140,D
20232,05287904,36,3,1,329,E,150,D
20232,05287904,36,4,1,38,E,160,D
20232,05287904,36,5,1,27,E,170,D
20232,05287904,36,6,1,20,E,180,D
20232,05287904,36,7,1,40,E,190,D
20232,05291581,24,0,1,,H,,A
20232,05291581,24,1,1,106,E,100,D
20232,05291581,24,2,1,23,E,110,D
20232,05291581,24,3,1,34,E,120,D
20232,05291581,24,4,1,5,E,140,D
20232,05291581,24,5,1,357,E,150,D
20232,05291581,24,6,1,26,E,160,D
20232,05291581,24,7,1,10,E,170,D
20232,05291581,24,8,1,39,E,190,D
20232,05292821,27,0,1,,H,,A
20232,05292821,27,1,1,40,E,120,D
20232,05292821,27,2,1,6,E,140,D
20232,05292821,27,3,1,235,E,150,D
20232,05292821,27,4,1,35,E,160,D
20232,05292821,27,5,1,28,E,170,D
20232,05292821,27,6,1,16,E,180,D
20232,05292821,27,7,1,40,E,190,D
20232,05293141,28,0,1,,H,,A
20232,05293141,28,1,1,23,E,120,D
20232,05293141,28,2,1,2,E,140,D
20232,05293141,28,3,1,208,E,150,D
20232,05293141,28,4,1,16,E,160,D
20232,05293141,28,5,1,8,E,170,D
20232,05293141,28,6,1,12,E,180,D
20232,05293141,28,7,1,31,E,190,D
20232,05295551,23,0,1,,H,,A
20232,05295551,23,1,1,20,E,120,D
20232,05295551,23,2,1,2,E,140,D
20232,05295551,23,3,1,156,E,150,D
20232,05295551,23,4,1,14,E,160,D
20232,05295551,23,5,1,5,E,170,D
20232,05295551,23,6,1,38,E,180,D
20232,05295551,23,7,1,35,E,190,D
20232,05295561,55,0,1,,H,,A
20232,05295561,55,1,1,23,E,120,D
20232,05295561,55,2,1,2,E,140,D
20232,05295561,55,3,1,208,E,150,D
20232,05295561,55,4,1,16,E,160,D
20232,05295561,55,5,1,8,E,170,D
20232,05295561,55,6,1,12,E,180,D
20232,05295561,55,7,1,31,E,190,D
20232,05297021,37,0,1,,H,,A
20232,05297021,37,1,1,33,E,120,D
20232,05297021,37,2,1,4,E,140,D
20232,05297021,37,3,1,351,E,150,D
20232,05297021,37,4,1,27,E,160,D
20232,05297021,37,5,1,13,E,170,D
20232,05297021,37,6,1,20,E,180,D
20232,05297021,37,7,1,52,E,190,D
20232,05346361,31,0,1,,H,,A
20232,05346361,31,1,1,129,E,100,D
20232,05346361,31,2,1,23,E,110,D
20232,05346361,31,3,1,35,E,120,D
20232,05346361,31,4,1,219,E,130,D
20232,05346361,31,5,1,4,E,140,D
20232,05346361,31,6,1,370,E,150,D
20232,05346361,31,7,1,29,E,160,D
20232,05346361,31,8,1,14,E,170,D
20232,05346361,31,9,1,22,E,180,D
20232,05346361,31,10,1,55,E,190,D
20232,05348141,30,0,1,,H,,A
20232,05348141,30,1,1,37,E,120,D
20232,05348141,30,2,1,4,E,140,D
20232,05348141,30,3,1,347,E,150,D
20232,05348141,30,4,1,27,E,160,D
20232,05348141,30,5,1,13,E,170,D
20232,05348141,30,6,1,20,E,180,D
20232,05348141,30,7,1,52,E,190,D
20232,05349291,45,0,1,,H,,A
20232,05349291,45,1,1,2519,E,100,D
20232,05349291,45,2,1,481,E,110,D
20232,05351071,76,0,1,,H,,A
20232,05351071,76,1,1,82,E,120,D
20232,05351071,76,2,1,10,E,140,D
20232,05351071,76,3,1,626,E,150,D
20232,05351071,76,4,1,73,E,160,D
20232,05351071,76,5,1,44,E,170,D
20232,05351071,76,6,1,39,E,180,D
20232,05351071,76,7,1,76,E,190,D
20232,05351961,39,0,1,,H,,A
20232,05351961,39,1,1,689,E,100,D
20232,05351961,39,2,1,131,E,110,D
20232,05351961,39,3,1,196,E,120,D
20232,05351961,39,4,1,1220,E,130,D
20232,05351961,39,5,1,25,E,140,D
20232,05351961,39,6,1,2057,E,150,D
20232,05351961,39,7,1,164,E,160,D
20232,05351961,39,8,1,84,E,170,D
20232,05351961,39,9,1,123,E,180,D
20232,05351961,39,10,1,311,E,190,D
20232,05354181,19,0,1,,H,,A
20232,05354181,19,1,1,579,E,100,D
20232,05354181,19,2,1,221,E,110,D
20232,05358931,38,0,1,,H,,A
20232,05358931,38,1,1,11,E,120,D
20232,05358931,38,2,1,1,E,140,D
20232,05358931,38,3,1,65,E,150,D
20232,05358931,38,4,1,7,E,160,D
20232,05358931,38,5,1,4,E,170,D
20232,05358931,38,6,1,4,E,180,D
20232,05358931,38,7,1,8,E,190,D
20232,05360823,45,0,1,,H,,A
20232,05360823,45,1,1,1114,E,100,D
20232,05360823,45,2,1,214,E,110,D
20232,05360823,45,3,1,1972,E,130,D
20232,05363201,18,0,1,,H,,A
20232,05363201,18,1,1,143,E,100,D
20232,05363201,18,2,1,32,E,110,D
20232,05363201,18,3,1,225,E,130,D
20232,05364211,18,0,1,,H,,A
20232,05364211,18,1,1,120,E,130,D
20232,05365971,28,0,1,,H,,A
20232,05365971,28,1,1,244,E,120,D
20232,05365971,28,2,1,23,E,140,D
20232,05365971,28,3,1,1916,E,150,D
20232,05365971,28,4,1,104,E,160,D
20232,05365971,28,5,1,536,E,180,D
20232,05365971,28,6,1,177,E,190,D
20233,05203384,73,0,1,,H,,A
20233,05203384,73,1,1,80,E,100,D
20233,05203384,73,2,1,20,E,110,D
20233,05205784,52,0,1,,H,,A
20233,05205784,52,1,1,9,E,100,D
20233,05205784,52,2,1,1,E,110,D
20233,05205784,52,3,1,3,E,120,D
20233,05205784,52,4,1,16,E,130,D
20233,05205784,52,5,1,32,E,150,D
20233,05205784,52,6,1,4,E,160,D
20233,05205784,52,7,1,1,E,170,D
20233,05205784,52,8,1,23,E,180,D
20233,05205784,52,9,1,3,E,190,D
20233,05205784,52,10,1,4,E,210,D
20233,05205784,52,11,1,4,E,220,D
20233,05208024,43,0,1,,H,,A
20233,05208024,43,1,1,67,E,130,D
20233,05209894,32,0,1,,H,,A
20233,05209894,32,1,1,200,E,130,D
20233,05214544,65,0,1,,H,,A
20233,05214544,65,1,1,509,E,100,D
20233,05214544,65,2,1,94,E,110,D
20233,05214544,65,3,1,166,E,120,D
20233,05214544,65,4,1,904,E,130,D
20233,05214544,65,5,1,26,E,140,D
20233,05214544,65,6,1,1549,E,150,D
20233,05214544,65,7,1,218,E,160,D
20233,05214544,65,8,1,98,E,170,D
20233,05214544,65,9,1,1263,E,180,D
20233,05214544,65,10,1,173,E,190,D
20233,05216614,57,0,1,,H,,A
20233,05216614,57,1,1,80,E,120,D
20233,05216614,57,2,1,440,E,130,D
20233,05216614,57,3,1,18,E,140,D
20233,05216614,57,4,1,754,E,150,D
20233,05216614,57,5,1,106,E,160,D
20233,05216614,57,6,1,47,E,170,D
20233,05216614,57,7,1,614,E,180,D
20233,05216614,57,8,1,84,E,190,D
20233,05216614,57,9,1,108,E,210,D
20233,05216614,57,10,1,111,E,220,D
20233,05217484,55,0,1,,H,,A
20233,05217484,55,1,1,68,E,100,D
20233,05217484,55,2,1,14,E,110,D
20233,05217484,55,3,1,28,E,120,D
20233,05217484,55,4,1,3,E,140,D
20233,05217484,55,5,1,217,E,150,D
20233,05217484,55,6,1,25,E,160,D
20233,05217484,55,7,1,12,E,170,D
20233,05217484,55,8,1,109,E,180,D
20233,05217484,55,9,1,24,E,190,D
20233,05219024,65,0,1,,H,,A
20233,05219024,65,1,1,21,E,120,D
20233,05219024,65,2,1,3,E,140,D
20233,05219024,65,3,1,177,E,150,D
20233,05219024,65,4,1,25,E,160,D
20233,05219024,65,5,1,11,E,170,D
20233,05219024,65,6,1,144,E,180,D
20233,05219024,65,7,1,19,E,190,D
20233,05220864,35,0,1,,H,,A
20233,05220864,35,1,1,76,E,100,D
20233,05220864,35,2,1,17,E,110,D
20233,05220864,35,3,1,33,E,120,D
20233,05220864,35,4,1,4,E,140,D
20233,05220864,35,5,1,266,E,150,D
20233,05220864,35,6,1,30,E,160,D
20233,05220864,35,7,1,14,E,170,D
20233,05220864,35,8,1,131,E,180,D
20233,05220864,35,9,1,29,E,190,D
20233,05224084,21,0,1,,H,,A
20233,05224084,21,1,1,184,E,100,D
20233,05224084,21,2,1,34,E,110,D
20233,05224084,21,3,1,61,E,120,D
20233,05224084,21,4,1,331,E,130,D
20233,05224084,21,5,1,15,E,140,D
20233,05224084,21,6,1,568,E,150,D
20233,05224084,21,7,1,80,E,160,D
20233,05224084,21,8,1,36,E,170,D
20233,05224084,21,9,1,463,E,180,D
20233,05224084,21,10,1,63,E,190,D
20233,05224084,21,11,1,81,E,210,D
20233,05224084,21,12,1,84,E,220,D
20233,05224644,81,0,1,,H,,A
20233,05224644,81,1,1,31,E,120,D
20233,05224644,81,2,1,4,E,140,D
20233,05224644,81,3,1,229,E,150,D
20233,05224644,81,4,1,7,E,160,D
20233,05224644,81,5,1,25,E,170,D
20233,05224644,81,6,1,476,E,180,D
20233,05224644,81,7,1,28,E,190,D
20233,05227324,65,0,1,,H,,A
20233,05227324,65,1,1,24,E,120,D
20233,05227324,65,2,1,3,E,140,D
20233,05227324,65,3,1,195,E,150,D
20233,05227324,65,4,1,27,E,160,D
20233,05227324,65,5,1,12,E,170,D
20233,05227324,65,6,1,158,E,180,D
20233,05227324,65,7,1,21,E,190,D
20233,05230814,61,0,1,,H,,A
20233,05230814,61,1,1,15,E,120,D
20233,05230814,61,2,1,1,E,140,D
20233,05230814,61,3,1,104,E,150,D
20233,05230814,61,4,1,14,E,160,D
20233,05230814,61,5,1,6,E,170,D
20233,05230814,61,6,1,84,E,180,D
20233,05230814,61,7,1,11,E,190,D
20233,05232044,29,0,1,,H,,A
20233,05232044,29,1,1,75,E,120,D
20233,05232044,29,2,1,6,E,140,D
20233,05232044,29,3,1,606,E,150,D
20233,05232044,29,4,1,109,E,160,D
20233,05232044,29,5,1,91,E,170,D
20233,05232044,29,6,1,68,E,180,D
20233,05232044,29,7,1,45,E,190,D
20233,05234904,73,0,1,,H,,A
20233,05234904,73,1,1,27,E,120,D
20233,05234904,73,2,1,3,E,140,D
20233,05234904,73,3,1,221,E,150,D
20233,05234904,73,4,1,31,E,160,D
20233,05234904,73,5,1,14,E,170,D
20233,05234904,73,6,1,180,E,180,D
20233,05234904,73,7,1,24,E,190,D
20233,05251983,67,0,1,,H,,A
20233,05251983,67,1,1,104,E,100,D
20233,05251983,67,2,1,23,E,110,D
20233,05251983,67,3,1,34,E,120,D
20233,05251983,67,4,1,5,E,140,D
20233,05251983,67,5,1,321,E,150,D
20233,05251983,67,6,1,45,E,160,D
20233,05251983,67,7,1,20,E,170,D
20233,05251983,67,8,1,262,E,180,D
20233,05251983,67,9,1,36,E,190,D
20233,05255673,14,0,1,,H,,A
20233,05255673,14,1,1,27,E,120,D
20233,05255673,14,2,1,3,E,140,D
20233,05255673,14,3,1,179,E,150,D
20233,05255673,14,4,1,21,E,160,D
20233,05255673,14,5,1,9,E,170,D
20233,05255673,14,6,1,13,E,180,D
20233,05255673,14,7,1,18,E,190,D
20233,05257193,43,0,1,,H,,A
20233,05257193,43,1,1,176,E,120,D
20233,05257193,43,2,1,28,E,140,D
20233,05257193,43,3,1,1648,E,150,D
20233,05257193,43,4,1,232,E,160,D
20233,05257193,43,5,1,104,E,170,D
20233,05257193,43,6,1,1343,E,180,D
20233,05257193,43,7,1,184,E,190,D
20233,05257193,43,8,1,242,E,210,D
20233,05257193,43,9,1,243,E,220,D
20233,05259333,33,0,1,,H,,A
20233,05259333,33,1,1,221,E,100,D
20233,05259333,33,2,1,41,E,110,D
20233,05259333,33,3,1,73,E,120,D
20233,05259333,33,4,1,11,E,140,D
20233,05259333,33,5,1,687,E,150,D
20233,05259333,33,6,1,96,E,160,D
20233,05259333,33,7,1,43,E,170,D
20233,05259333,33,8,1,555,E,180,D
20233,05259333,33,9,1,76,E,190,D
20233,05259333,33,10,1,97,E,210,D
20233,05259333,33,11,1,100,E,220,D
20233,05260783,23,0,1,,H,,A
20233,05260783,23,1,1,8,E,100,D
20233,05260783,23,2,1,2,E,110,D
20233,05260783,23,3,1,4,E,120,D
20233,05260783,23,4,1,26,E,130,D
20233,05260783,23,5,1,40,E,150,D
20233,05260783,23,6,1,7,E,160,D
20233,05260783,23,7,1,6,E,170,D
20233,05260783,23,8,1,4,E,180,D
20233,05260783,23,9,1,3,E,190,D
20233,05261563,74,0,1,,H,,A
20233,05261563,74,1,1,168,E,210,D
20233,05261563,74,2,1,252,E,220,D
20233,05263423,42,0,1,,H,,A
20233,05263423,42,1,1,160,E,120,D
20233,05263423,42,2,1,23,E,140,D
20233,05263423,42,3,1,1115,E,150,D
20233,05263423,42,4,1,34,E,160,D
20233,05263423,42,5,1,125,E,170,D
20233,05263423,42,6,1,2354,E,180,D
20233,05263423,42,7,1,139,E,190,D
20233,05266413,30,0,1,,H,,A
20233,05266413,30,1,1,265,G,130,D
20233,05266653,30,0,1,,H,,A
20233,05266653,30,1,1,50,E,120,D
20233,05266653,30,2,1,233,E,130,D
20233,05266653,30,3,1,7,E,140,D
20233,05266653,30,4,1,358,E,150,D
20233,05266653,30,5,1,11,E,160,D
20233,05266653,30,6,1,40,E,170,D
20233,05266653,30,7,1,757,E,180,D
20233,05266653,30,8,1,44,E,190,D
20233,05267093,24,0,1,,H,,A
20233,05267093,24,1,1,80,E,100,D
20233,05267093,24,2,1,20,E,110,D
20233,05267133,48,0,1,,H,,A
20233,05267133,48,1,1,219,E,100,D
20233,05267133,48,2,1,58,E,110,D
20233,05267133,48,3,1,118,E,120,D
20233,05267133,48,4,1,570,E,130,D
20233,05267133,48,5,1,11,E,140,D
20233,05267133,48,6,1,1002,E,150,D
20233,05267133,48,7,1,181,E,160,D
20233,05267133,48,8,1,150,E,170,D
20233,05267133,48,9,1,112,E,180,D
20233,05267133,48,10,1,82,E,190,D
20233,05267133,48,11,1,175,E,210,D
20233,05267133,48,12,1,122,E,220,D
20233,05269373,51,0,1,,H,,A
20233,05269373,51,1,1,265,E,130,D
20233,05272523,50,0,1,,H,,A
20233,05272523,50,1,1,184,E,100,D
20233,05272523,50,2,1,34,E,110,D
20233,05272523,50,3,1,61,E,120,D
20233,05272523,50,4,1,331,E,130,D
20233,05272523,50,5,1,9,E,140,D
20233,05272523,50,6,1,568,E,150,D
20233,05272523,50,7,1,80,E,160,D
20233,05272523,50,8,1,36,E,170,D
20233,05272523,50,9,1,463,E,180,D
20233,05272523,50,10,1,63,E,190,D
20233,05272523,50,11,1,87,E,210,D
20233,05272523,50,12,1,84,E,220,D
20233,05274223,56,0,1,,H,,A
20233,05274223,56,1,1,28,E,120,D
20233,05274223,56,2,1,9,E,140,D
20233,05274223,56,3,1,265,E,150,D
20233,05274223,56,4,1,37,E,160,D
20233,05274223,56,5,1,16,E,170,D
20233,05274223,56,6,1,216,E,180,D
20233,05274223,56,7,1,29,E,190,D
20233,05275613,44,0,1,,H,,A
20233,05275613,44,1,1,28,E,120,D
20233,05275613,44,2,1,7,E,140,D
20233,05275613,44,3,1,264,E,150,D
20233,05275613,44,4,1,37,E,160,D
20233,05275613,44,5,1,16,E,170,D
20233,05275613,44,6,1,215,E,180,D
20233,05275613,44,7,1,29,E,190,D
20233,05278353,39,0,1,,H,,A
20233,05278353,39,1,1,118,E,120,D
20233,05278353,39,2,1,19,E,140,D
20233,05278353,39,3,1,1111,E,150,D
20233,05278353,39,4,1,156,E,160,D
20233,05278353,39,5,1,70,E,170,D
20233,05278353,39,6,1,902,E,180,D
20233,05278353,39,7,1,124,E,190,D
20233,05279133,33,0,1,,H,,A
20233,05279133,33,1,1,1,E,120,D
20233,05279133,33,2,1,17,E,150,D
20233,05279133,33,3,1,1,E,160,D
20233,05279133,33,4,1,6,E,180,D
20233,05279133,33,5,1,1,E,190,D
20233,05279763,35,0,1,,H,,A
20233,05279763,35,1,1,22,E,120,D
20233,05279763,35,2,1,3,E,140,D
20233,05279763,35,3,1,141,E,150,D
20233,05279763,35,4,1,4,E,160,D
20233,05279763,35,5,1,15,E,170,D
20233,05279763,35,6,1,298,E,180,D
20233,05279763,35,7,1,17,E,190,D
20233,05280803,26,0,1,,H,,A
20233,05280803,26,1,1,236,E,210,D
20233,05280803,26,2,1,164,E,220,D
20233,05282833,35,0,1,,H,,A
20233,05282833,35,1,1,26,E,100,D
20233,05282833,35,2,1,6,E,110,D
20233,05282833,35,3,1,10,E,120,D
20233,05282833,35,4,1,1,E,140,D
20233,05282833,35,5,1,76,E,150,D
20233,05282833,35,6,1,2,E,160,D
20233,05282833,35,7,1,8,E,170,D
20233,05282833,35,8,1,160,E,180,D
20233,05282833,35,9,1,9,E,190,D
20233,05288702,42,0,1,,H,,A
20233,05288702,42,1,1,78,E,100,D
20233,05288702,42,2,1,22,E,110,D
20233,05288702,42,3,1,35,E,120,D
20233,05288702,42,4,1,5,E,140,D
20233,05288702,42,5,1,255,E,150,D
20233,05288702,42,6,1,7,E,160,D
20233,05288702,42,7,1,28,E,170,D
20233,05288702,42,8,1,539,E,180,D
20233,05288702,42,9,1,31,E,190,D
20233,05291582,35,0,1,,H,,A
20233,05291582,35,1,1,30,E,100,D
20233,05291582,35,2,1,7,E,110,D
20233,05291582,35,3,1,12,E,120,D
20233,05291582,35,4,1,57,E,130,D
20233,05291582,35,5,1,1,E,140,D
20233,05291582,35,6,1,89,E,150,D
20233,05291582,35,7,1,2,E,160,D
20233,05291582,35,8,1,10,E,170,D
20233,05291582,35,9,1,188,E,180,D
20233,05291582,35,10,1,11,E,190,D
20233,05291582,35,11,1,18,E,210,D
20233,05291582,35,12,1,13,E,220,D
20233,05292162,21,0,1,,H,,A
20233,05292162,21,1,1,281,E,100,D
20233,05292162,21,2,1,85,E,110,D
20233,05292162,21,3,1,634,E,130,D
20233,05292822,38,0,1,,H,,A
20233,05292822,38,1,1,34,E,120,D
20233,05292822,38,2,1,5,E,140,D
20233,05292822,38,3,1,272,E,150,D
20233,05292822,38,4,1,32,E,160,D
20233,05292822,38,5,1,15,E,170,D
20233,05292822,38,6,1,21,E,180,D
20233,05292822,38,7,1,31,E,190,D
20233,05296322,12,0,1,,H,,A
20233,05296322,12,1,1,423,E,100,D
20233,05296322,12,2,1,128,E,110,D
20233,05296322,12,3,1,949,E,130,D
20233,05344632,26,0,1,,H,,A
20233,05344632,26,1,1,24,E,120,D
20233,05344632,26,2,1,91,E,130,D
20233,05344632,26,3,1,3,E,140,D
20233,05344632,26,4,1,143,E,150,D
20233,05344632,26,5,1,4,E,160,D
20233,05344632,26,6,1,16,E,170,D
20233,05344632,26,7,1,302,E,180,D
20233,05344632,26,8,1,17,E,190,D
20233,05345192,39,0,1,,H,,A
20233,05345192,39,1,1,306,E,120,D
20233,05345192,39,2,1,41,E,140,D
20233,05345192,39,3,1,2319,E,150,D
20233,05345192,39,4,1,268,E,160,D
20233,05345192,39,5,1,132,E,170,D
20233,05345192,39,6,1,1172,E,180,D
20233,05345192,39,7,1,262,E,190,D
20233,05345702,29,0,1,,H,,A
20233,05345702,29,1,1,21,E,120,D
20233,05345702,29,2,1,2,E,140,D
20233,05345702,29,3,1,185,E,150,D
20233,05345702,29,4,1,32,E,160,D
20233,05345702,29,5,1,27,E,170,D
20233,05345702,29,6,1,20,E,180,D
20233,05345702,29,7,1,13,E,190,D
20233,05345812,31,0,1,,H,,A
20233,05345812,31,1,1,16,E,120,D
20233,05345812,31,2,1,2,E,140,D
20233,05345812,31,3,1,79,E,150,D
20233,05345812,31,4,1,14,E,160,D
20233,05345812,31,5,1,19,E,170,D
20233,05345812,31,6,1,58,E,180,D
20233,05345812,31,7,1,12,E,190,D
20233,05346042,24,0,1,,H,,A
20233,05346042,24,1,1,140,E,100,D
20233,05346042,24,2,1,42,E,110,D
20233,05346042,24,3,1,318,E,130,D
20233,05346942,64,0,1,,H,,A
20233,05346942,64,1,1,44,E,100,D
20233,05346942,64,2,1,11,E,110,D
20233,05346942,64,3,1,14,E,120,D
20233,05346942,64,4,1,2,E,140,D
20233,05346942,64,5,1,136,E,150,D
20233,05346942,64,6,1,19,E,160,D
20233,05346942,64,7,1,8,E,170,D
20233,05346942,64,8,1,111,E,180,D
20233,05346942,64,9,1,15,E,190,D
20233,05348152,56,0,1,,H,,A
20233,05348152,56,1,1,400,E,130,D
20233,05348592,20,0,1,,H,,A
20233,05348592,20,1,1,21,E,120,D
20233,05348592,20,2,1,2,E,140,D
20233,05348592,20,3,1,182,E,150,D
20233,05348592,20,4,1,32,E,160,D
20233,05348592,20,5,1,27,E,170,D
20233,05348592,20,6,1,20,E,180,D
20233,05348592,20,7,1,16,E,190,D
20233,05349342,18,0,1,,H,,A
20233,05349342,18,1,1,21,E,120,D
20233,05349342,18,2,1,4,E,140,D
20233,05349342,18,3,1,143,E,150,D
20233,05349342,18,4,1,26,E,160,D
20233,05349342,18,5,1,35,E,170,D
20233,05349342,18,6,1,104,E,180,D
20233,05349342,18,7,1,25,E,190,D
20233,05349882,51,0,1,,H,,A
20233,05349882,51,1,1,41,E,120,D
20233,05349882,51,2,1,174,E,130,D
20233,05349882,51,3,1,7,E,140,D
20233,05349882,51,4,1,250,E,150,D
20233,05349882,51,5,1,46,E,160,D
20233,05349882,51,6,1,61,E,170,D
20233,05349882,51,7,1,183,E,180,D
20233,05349882,51,8,1,38,E,190,D
20233,05350842,49,0,1,,H,,A
20233,05350842,49,1,1,26,E,120,D
20233,05350842,49,2,1,3,E,140,D
20233,05350842,49,3,1,204,E,150,D
20233,05350842,49,4,1,23,E,160,D
20233,05350842,49,5,1,11,E,170,D
20233,05350842,49,6,1,103,E,180,D
20233,05350842,49,7,1,26,E,190,D
20233,05352172,28,0,1,,H,,A
20233,05352172,28,1,1,28,E,120,D
20233,05352172,28,2,1,3,E,140,D
20233,05352172,28,3,1,199,E,150,D
20233,05352172,28,4,1,23,E,160,D
20233,05352172,28,5,1,11,E,170,D
20233,05352172,28,6,1,100,E,180,D
20233,05352172,28,7,1,22,E,190,D
20233,05352682,22,0,1,,H,,A
20233,05352682,22,1,1,135,E,100,D
20233,05352682,22,2,1,34,E,110,D
20233,05352682,22,3,1,67,E,120,D
20233,05352682,22,4,1,268,E,130,D
20233,05352682,22,5,1,14,E,140,D
20233,05352682,22,6,1,524,E,150,D
20233,05352682,22,7,1,61,E,160,D
20233,05352682,22,8,1,29,E,170,D
20233,05352682,22,9,1,40,E,180,D
20233,05352682,22,10,1,54,E,190,D
20233,05354972,36,0,1,,H,,A
20233,05354972,36,1,1,109,E,120,D
20233,05354972,36,2,1,507,E,130,D
20233,05354972,36,3,1,9,E,140,D
20233,05354972,36,4,1,891,E,150,D
20233,05354972,36,5,1,161,E,160,D
20233,05354972,36,6,1,134,E,170,D
20233,05354972,36,7,1,100,E,180,D
20233,05354972,36,8,1,66,E,190,D
20233,05356912,31,0,1,,H,,A
20233,05356912,31,1,1,50,E,130,D
20233,05357612,61,0,1,,H,,A
20233,05357612,61,1,1,68,E,100,D
20233,05357612,61,2,1,12,E,110,D
20233,05357612,61,3,1,29,E,120,D
20233,05357612,61,4,1,3,E,140,D
20233,05357612,61,5,1,211,E,150,D
20233,05357612,61,6,1,29,E,160,D
20233,05357612,61,7,1,13,E,170,D
20233,05357612,61,8,1,172,E,180,D
20233,05357612,61,9,1,23,E,190,D
20233,05358932,33,0,1,,H,,A
20233,05358932,33,1,1,1020,E,130,D
20233,05359462,30,0,1,,H,,A
20233,05359462,30,1,1,1340,E,100,D
20233,05359462,30,2,1,306,E,110,D
20233,05359462,30,3,1,590,E,120,D
20233,05359462,30,4,1,2907,E,130,D
20233,05359462,30,5,1,81,E,140,D
20233,05359462,30,6,1,4525,E,150,D
20233,05359462,30,7,1,523,E,160,D
20233,05359462,30,8,1,258,E,170,D
20233,05359462,30,9,1,2287,E,180,D
20233,05359462,30,10,1,511,E,190,D
20233,05359462,30,11,1,935,E,210,D
20233,05359462,30,12,1,737,E,220,D
20233,05359752,22,0,1,,H,,A
20233,05359752,22,1,1,86,E,100,D
20233,05359752,22,2,1,20,E,110,D
20233,05359752,22,3,1,42,E,120,D
20233,05359752,22,4,1,203,E,130,D
20233,05359752,22,5,1,3,E,140,D
20233,05359752,22,6,1,358,E,150,D
20233,05359752,22,7,1,64,E,160,D
20233,05359752,22,8,1,53,E,170,D
20233,05359752,22,9,1,40,E,180,D
20233,05359752,22,10,1,26,E,190,D
20233,05359752,22,11,1,62,E,210,D
20233,05359752,22,12,1,43,E,220,D
20233,05360552,44,0,1,,H,,A
20233,05360552,44,1,1,28,E,120,D
20233,05360552,44,2,1,4,E,140,D
20233,05360552,44,3,1,234,E,150,D
20233,05360552,44,4,1,33,E,160,D
20233,05360552,44,5,1,14,E,170,D
20233,05360552,44,6,1,191,E,180,D
20233,05360552,44,7,1,26,E,190,D
20233,05360824,67,0,1,,H,,A
20233,05360824,67,1,1,79,E,100,D
20233,05360824,67,2,1,15,E,110,D
20233,05360824,67,3,1,30,E,120,D
20233,05360824,67,4,1,4,E,140,D
20233,05360824,67,5,1,246,E,150,D
20233,05360824,67,6,1,34,E,160,D
20233,05360824,67,7,1,15,E,170,D
20233,05360824,67,8,1,200,E,180,D
20233,05360824,67,9,1,27,E,190,D
20233,05366482,14,0,1,,H,,A
20233,05366482,14,1,1,126,E,100,D
20233,05366482,14,2,1,38,E,110,D
20233,05366482,14,3,1,286,E,130,D
20233,05413161,22,0,1,,H,,A
20233,05413161,22,1,1,342,E,120,D
20233,05413161,22,2,1,55,E,140,D
20233,05413161,22,3,1,3191,E,150,D
20233,05413161,22,4,1,450,E,160,D
20233,05413161,22,5,1,205,E,170,D
20233,05413161,22,6,1,2600,E,180,D
20233,05413161,22,7,1,357,E,190,D
20233,05413321,11,0,1,,H,,A
20233,05413321,11,1,1,573,E,210,D
20233,05413321,11,2,1,427,E,220,D
20233,05415664,20,0,1,,H,,A
20233,05415664,20,1,1,344,E,100,D
20233,05415664,20,2,1,104,E,110,D
20233,05415664,20,3,1,169,E,120,D
20233,05415664,20,4,1,774,E,130,D
20233,05415664,20,5,1,25,E,140,D
20233,05415664,20,6,1,1212,E,150,D
20233,05415664,20,7,1,37,E,160,D
20233,05415664,20,8,1,136,E,170,D
20233,05415664,20,9,1,2549,E,180,D
20233,05415664,20,10,1,150,E,190,D
20233,05416301,18,0,1,,H,,A
20233,05416301,18,1,1,819,E,100,D
20233,05416301,18,2,1,197,E,110,D
20233,05416301,18,3,1,1984,E,130,D
20233,05416361,60,0,1,,H,,A
20233,05416361,60,1,1,82,E,120,D
20233,05416361,60,2,1,12,E,140,D
20233,05416361,60,3,1,564,E,150,D
20233,05416361,60,4,1,17,E,160,D
20233,05416361,60,5,1,63,E,170,D
20233,05416361,60,6,1,1192,E,180,D
20233,05416361,60,7,1,70,E,190,D
20233,05416691,71,0,1,,H,,A
20233,05416691,71,1,1,5,E,120,D
20233,05416691,71,2,1,13,E,150,D
20233,05416691,71,3,1,1,E,160,D
20233,05416691,71,4,1,10,E,180,D
20233,05416691,71,5,1,1,E,190,D
20233,05417661,41,0,1,,H,,A
20233,05417661,41,1,1,18,E,120,D
20233,05417661,41,2,1,3,E,140,D
20233,05417661,41,3,1,99,E,150,D
20233,05417661,41,4,1,18,E,160,D
20233,05417661,41,5,1,24,E,170,D
20233,05417661,41,6,1,73,E,180,D
20233,05417661,41,7,1,15,E,190,D
20233,05419191,29,0,1,,H,,A
20233,05419191,29,1,1,161,E,120,D
20233,05419191,29,2,1,25,E,140,D
20233,05419191,29,3,1,1237,E,150,D
20233,05419191,29,4,1,143,E,160,D
20233,05419191,29,5,1,70,E,170,D
20233,05419191,29,6,1,625,E,180,D
20233,05419191,29,7,1,139,E,190,D
20233,05419361,59,0,1,,H,,A
20233,05419361,59,1,1,25,E,100,D
20233,05419361,59,2,1,7,E,110,D
20233,05419361,59,3,1,12,E,120,D
20233,05419361,59,4,1,56,E,130,D
20233,05419361,59,5,1,1,E,140,D
20233,05419361,59,6,1,93,E,150,D
20233,05419361,59,7,1,2,E,160,D
20233,05419361,59,8,1,9,E,170,D
20233,05419361,59,9,1,185,E,180,D
20233,05419361,59,10,1,10,E,190,D
20233,05419781,26,0,1,,H,,A
20233,05419781,26,1,1,49,E,120,D
20233,05419781,26,2,1,7,E,140,D
20233,05419781,26,3,1,354,E,150,D
20233,05419781,26,4,1,11,E,160,D
20233,05419781,26,5,1,39,E,170,D
20233,05419781,26,6,1,743,E,180,D
20233,05419781,26,7,1,44,E,190,D
20233,05420341,32,0,1,,H,,A
20233,05420341,32,1,1,120,E,100,D
20233,05420341,32,2,1,27,E,110,D
20233,05420341,32,3,1,53,E,120,D
20233,05420341,32,4,1,261,E,130,D
20233,05420341,32,5,1,7,E,140,D
20233,05420341,32,6,1,411,E,150,D
20233,05420341,32,7,1,47,E,160,D
20233,05420341,32,8,1,23,E,170,D
20233,05420341,32,9,1,205,E,180,D
20233,05420341,32,10,1,46,E,190,D
20233,05421821,63,0,1,,H,,A
20233,05421821,63,1,1,509,E,100,D
20233,05421821,63,2,1,94,E,110,D
20233,05421821,63,3,1,166,E,120,D
20233,05421821,63,4,1,904,E,130,D
20233,05421821,63,5,1,26,E,140,D
20233,05421821,63,6,1,1549,E,150,D
20233,05421821,63,7,1,218,E,160,D
20233,05421821,63,8,1,98,E,170,D
20233,05421821,63,9,1,1263,E,180,D
20233,05421821,63,10,1,173,E,190,D
20233,05422151,52,0,1,,H,,A
20233,05422151,52,1,1,40,E,120,D
20233,05422151,52,2,1,5,E,140,D
20233,05422151,52,3,1,313,E,150,D
20233,05422151,52,4,1,35,E,160,D
20233,05422151,52,5,1,17,E,170,D
20233,05422151,52,6,1,156,E,180,D
20233,05422151,52,7,1,34,E,190,D
20233,05422451,32,0,1,,H,,A
20233,05422451,32,1,1,3190,D,100,D
20233,05422451,32,2,1,1000,D,110,D
20233,05422451,32,3,1,500,D,120,D
20233,05422451,32,4,1,4994,T,130,D
20233,05422451,32,5,1,100,D,140,D
20233,05422451,32,6,1,4500,D,150,D
20233,05422451,32,7,1,600,D,160,D
20233,05422451,32,8,1,250,D,170,D
20233,05422451,32,9,1,1400,D,180,D
20233,05422451,32,10,1,450,D,190,D
20233,05422451,32,11,1,1200,D,210,D
20233,05423351,43,0,1,,H,,A
20233,05423351,43,1,1,466,E,100,D
20233,05423351,43,2,1,105,E,110,D
20233,05423351,43,3,1,203,E,120,D
20233,05423351,43,4,1,28,E,140,D
20233,05423351,43,5,1,1563,E,150,D
20233,05423351,43,6,1,180,E,160,D
20233,05423351,43,7,1,89,E,170,D
20233,05423351,43,8,1,790,E,180,D
20233,05423351,43,9,1,176,E,190,D
20233,05427551,21,0,1,,H,,A
20233,05427551,21,1,1,56,E,100,D
20233,05427551,21,2,1,14,E,110,D
20233,05427551,21,3,1,28,E,120,D
20233,05427551,21,4,1,4,E,140,D
20233,05427551,21,5,1,223,E,150,D
20233,05427551,21,6,1,25,E,160,D
20233,05427551,21,7,1,12,E,170,D
20233,05427551,21,8,1,16,E,180,D
20233,05427551,21,9,1,22,E,190,D
20233,05428271,24,0,1,,H,,A
20233,05428271,24,1,1,41,E,120,D
20233,05428271,24,2,1,6,E,140,D
20233,05428271,24,3,1,359,E,150,D
20233,05428271,24,4,1,50,E,160,D
20233,05428271,24,5,1,22,E,170,D
20233,05428271,24,6,1,292,E,180,D
20233,05428271,24,7,1,40,E,190,D
20233,05429003,29,0,1,,H,,A
20233,05429003,29,1,1,294,E,100,D
20233,05429003,29,2,1,67,E,110,D
20233,05429003,29,3,1,130,E,120,D
20233,05429003,29,4,1,23,E,140,D
20233,05429003,29,5,1,998,E,150,D
20233,05429003,29,6,1,115,E,160,D
20233,05429003,29,7,1,57,E,170,D
20233,05429003,29,8,1,504,E,180,D
20233,05429003,29,9,1,112,E,190,D
20233,05432071,26,0,1,,H,,A
20233,05432071,26,1,1,34,E,100,D
20233,05432071,26,2,1,7,E,110,D
20233,05432071,26,3,1,15,E,120,D
20233,05432071,26,4,1,60,E,130,D
20233,05432071,26,5,1,2,E,140,D
20233,05432071,26,6,1,117,E,150,D
20233,05432071,26,7,1,13,E,160,D
20233,05432071,26,8,1,6,E,170,D
20233,05432071,26,9,1,9,E,180,D
20233,05432071,26,10,1,12,E,190,D
20233,05432651,36,0,1,,H,,A
20233,05432651,36,1,1,52,E,120,D
20233,05432651,36,2,1,8,E,140,D
20233,05432651,36,3,1,487,E,150,D
20233,05432651,36,4,1,68,E,160,D
20233,05432651,36,5,1,30,E,170,D
20233,05432651,36,6,1,397,E,180,D
20233,05432651,36,7,1,58,E,190,D
20233,05434471,26,0,1,,H,,A
20233,05434471,26,1,1,171,E,100,D
20233,05434471,26,2,1,42,E,110,D
20233,05434471,26,3,1,337,E,130,D
20233,05435761,37,0,1,,H,,A
20233,05435761,37,1,1,107,E,100,D
20233,05435761,37,2,1,18,E,110,D
20233,05435761,37,3,1,33,E,120,D
20233,05435761,37,4,1,180,E,130,D
20233,05435761,37,5,1,5,E,140,D
20233,05435761,37,6,1,309,E,150,D
20233,05435761,37,7,1,43,E,160,D
20233,05435761,37,8,1,19,E,170,D
20233,05435761,37,9,1,252,E,180,D
20233,05435761,37,10,1,34,E,190,D
20233,05435981,18,0,1,,H,,A
20233,05435981,18,1,1,298,E,100,D
20233,05435981,18,2,1,79,E,110,D
20233,05435981,18,3,1,165,E,120,D
20233,05435981,18,4,1,775,E,130,D
20233,05435981,18,5,1,15,E,140,D
20233,05435981,18,6,1,1362,E,150,D
20233,05435981,18,7,1,246,E,160,D
20233,05435981,18,8,1,205,E,170,D
20233,05435981,18,9,1,153,E,180,D
20233,05435981,18,10,1,102,E,190,D
20233,05437551,33,0,1,,H,,A
20233,05437551,33,1,1,432,E,210,D
20233,05437551,33,2,1,648,E,220,D
20233,05438541,41,0,1,,H,,A
20233,05438541,41,1,1,124,E,210,D
20233,05438541,41,2,1,96,E,220,D
20233,05441041,24,0,1,,H,,A
20233,05441041,24,1,1,9,E,100,D
20233,05441041,24,2,1,2,E,110,D
20233,05441041,24,3,1,4,E,120,D
20233,05441041,24,4,1,26,E,130,D
20233,05441041,24,5,1,37,E,150,D
20233,05441041,24,6,1,4,E,160,D
20233,05441041,24,7,1,2,E,170,D
20233,05441041,24,8,1,2,E,180,D
20233,05441041,24,9,1,3,E,190,D
20233,05441041,24,10,1,4,E,210,D
20233,05441041,24,11,1,7,E,220,D
20233,05443721,30,0,1,,H,,A
20233,05443721,30,1,1,75,E,100,D
20233,05443721,30,2,1,22,E,110,D
20233,05443721,30,3,1,42,E,120,D
20233,05443721,30,4,1,168,E,130,D
20233,05443721,30,5,1,5,E,140,D
20233,05443721,30,6,1,263,E,150,D
20233,05443721,30,7,1,8,E,160,D
20233,05443721,30,8,1,29,E,170,D
20233,05443721,30,9,1,556,E,180,D
20233,05443721,30,10,1,32,E,190,D
20233,05444011,33,0,1,,H,,A
20233,05444011,33,1,1,40,E,210,D
20233,05444011,33,2,1,40,E,220,D
20233,05444041,55,0,1,,H,,A
20233,05444041,55,1,1,66,E,100,D
20233,05444041,55,2,1,12,E,110,D
20233,05444041,55,3,1,21,E,120,D
20233,05444041,55,4,1,3,E,140,D
20233,05444041,55,5,1,204,E,150,D
20233,05444041,55,6,1,35,E,160,D
20233,05444041,55,7,1,12,E,170,D
20233,05444041,55,8,1,166,E,180,D
20233,05444041,55,9,1,22,E,190,D
20233,05444041,55,10,1,29,E,210,D
20233,05444041,55,11,1,30,E,220,D
20233,05444321,26,0,1,,H,,A
20233,05444321,26,1,1,85,E,130,D
20233,05445261,28,0,1,,H,,A
20233,05445261,28,1,1,16,E,120,D
20233,05445261,28,2,1,2,E,140,D
20233,05445261,28,3,1,79,E,150,D
20233,05445261,28,4,1,14,E,160,D
20233,05445261,28,5,1,19,E,170,D
20233,05445261,28,6,1,58,E,180,D
20233,05445261,28,7,1,12,E,190,D
20233,05445301,39,0,1,,H,,A
20233,05445301,39,1,1,5,E,120,D
20233,05445301,39,2,1,17,E,150,D
20233,05445301,39,3,1,2,E,160,D
20233,05445301,39,4,1,1,E,170,D
20233,05445301,39,5,1,14,E,180,D
20233,05445301,39,6,1,1,E,190,D
20233,05445601,28,0,1,,H,,A
20233,05445601,28,1,1,190,E,100,D
20233,05445601,28,2,1,34,E,110,D
20233,05445601,28,3,1,60,E,120,D
20233,05445601,28,4,1,9,E,140,D
20233,05445601,28,5,1,567,E,150,D
20233,05445601,28,6,1,80,E,160,D
20233,05445601,28,7,1,35,E,170,D
20233,05445601,28,8,1,462,E,180,D
20233,05445601,28,9,1,63,E,190,D
20234,05251984,65,0,1,,H,,A
20234,05251984,65,1,1,463,E,100,D
20234,05251984,65,2,1,87,E,110,D
20234,05251984,65,3,1,238,E,210,D
20234,05251984,65,4,1,212,E,220,D
20234,05255184,37,0,1,,H,,A
20234,05255184,37,1,1,37,E,100,D
20234,05255184,37,2,1,13,E,110,D
20234,05255184,37,3,1,27,E,120,D
20234,05255184,37,4,1,113,E,130,D
20234,05255184,37,5,1,3,E,140,D
20234,05255184,37,6,1,181,E,150,D
20234,05255184,37,7,1,7,E,160,D
20234,05255184,37,8,1,18,E,170,D
20234,05255184,37,9,1,80,E,180,D
20234,05255184,37,10,1,21,E,190,D
20234,05257044,29,0,1,,H,,A
20234,05257044,29,1,1,8,E,120,D
20234,05257044,29,2,1,29,E,150,D
20234,05257044,29,3,1,2,E,160,D
20234,05257044,29,4,1,3,E,170,D
20234,05257044,29,5,1,15,E,180,D
20234,05257044,29,6,1,3,E,190,D
20234,05261564,77,0,1,,H,,A
20234,05261564,77,1,1,17,E,120,D
20234,05261564,77,2,1,2,E,140,D
20234,05261564,77,3,1,149,E,150,D
20234,05261564,77,4,1,9,E,160,D
20234,05261564,77,5,1,10,E,170,D
20234,05261564,77,6,1,150,E,180,D
20234,05261564,77,7,1,13,E,190,D
20234,05261644,24,0,1,,H,,A
20234,05261644,24,1,1,166,E,100,D
20234,05261644,24,2,1,39,E,110,D
20234,05261644,24,3,1,72,E,120,D
20234,05261644,24,4,1,317,E,130,D
20234,05261644,24,5,1,9,E,140,D
20234,05261644,24,6,1,619,E,150,D
20234,05261644,24,7,1,40,E,160,D
20234,05261644,24,8,1,46,E,170,D
20234,05261644,24,9,1,636,E,180,D
20234,05261644,24,10,1,56,E,190,D
20234,05263424,52,0,1,,H,,A
20234,05263424,52,1,1,215,E,100,D
20234,05263424,52,2,1,51,E,110,D
20234,05263424,52,3,1,93,E,120,D
20234,05263424,52,4,1,413,E,130,D
20234,05263424,52,5,1,12,E,140,D
20234,05263424,52,6,1,805,E,150,D
20234,05263424,52,7,1,52,E,160,D
20234,05263424,52,8,1,59,E,170,D
20234,05263424,52,9,1,827,E,180,D
20234,05263424,52,10,1,73,E,190,D
20234,05263594,21,0,1,,H,,A
20234,05263594,21,1,1,40,E,100,D
20234,05263594,21,2,1,9,E,110,D
20234,05263594,21,3,1,15,E,120,D
20234,05263594,21,4,1,2,E,140,D
20234,05263594,21,5,1,121,E,150,D
20234,05263594,21,6,1,20,E,160,D
20234,05263594,21,7,1,6,E,170,D
20234,05263594,21,8,1,38,E,180,D
20234,05263594,21,9,1,9,E,190,D
20234,05263644,49,0,1,,H,,A
20234,05263644,49,1,1,289,E,100,D
20234,05263644,49,2,1,70,E,110,D
20234,05263644,49,3,1,133,E,120,D
20234,05263644,49,4,1,566,E,130,D
20234,05263644,49,5,1,16,E,140,D
20234,05263644,49,6,1,1105,E,150,D
20234,05263644,49,7,1,71,E,160,D
20234,05263644,49,8,1,82,E,170,D
20234,05263644,49,9,1,1135,E,180,D
20234,05263644,49,10,1,101,E,190,D
20234,05266654,34,0,1,,H,,A
20234,05266654,34,1,1,17,E,120,D
20234,05266654,34,2,1,2,E,140,D
20234,05266654,34,3,1,146,E,150,D
20234,05266654,34,4,1,9,E,160,D
20234,05266654,34,5,1,10,E,170,D
20234,05266654,34,6,1,150,E,180,D
20234,05266654,34,7,1,16,E,190,D
20234,05270944,28,0,1,,H,,A
20234,05270944,28,1,1,181,E,100,D
20234,05270944,28,2,1,45,E,110,D
20234,05270944,28,3,1,59,E,120,D
20234,05270944,28,4,1,336,E,130,D
20234,05270944,28,5,1,13,E,140,D
20234,05270944,28,6,1,644,E,150,D
20234,05270944,28,7,1,106,E,160,D
20234,05270944,28,8,1,33,E,170,D
20234,05270944,28,9,1,83,E,190,D
20234,05271824,33,0,1,,H,,A
20234,05271824,33,1,1,12,E,120,D
20234,05271824,33,2,1,1,E,140,D
20234,05271824,33,3,1,51,E,150,D
20234,05271824,33,4,1,3,E,160,D
20234,05271824,33,5,1,5,E,170,D
20234,05271824,33,6,1,27,E,180,D
20234,05271824,33,7,1,6,E,190,D
20234,05271824,33,8,1,8,E,210,D
20234,05271824,33,9,1,12,E,220,D
20234,05272144,41,0,1,,H,,A
20234,05272144,41,1,1,1500,E,130,D
20234,05274224,59,0,1,,H,,A
20234,05274224,59,1,1,36,E,120,D
20234,05274224,59,2,1,6,E,140,D
20234,05274224,59,3,1,309,E,150,D
20234,05274224,59,4,1,59,E,160,D
20234,05274224,59,5,1,22,E,170,D
20234,05274224,59,6,1,227,E,180,D
20234,05274224,59,7,1,41,E,190,D
20234,05276174,34,0,1,,H,,A
20234,05276174,34,1,1,106,E,100,D
20234,05276174,34,2,1,34,E,110,D
20234,05276684,24,0,1,,H,,A
20234,05276684,24,1,1,325,E,130,D
20234,05277704,34,0,1,,H,,A
20234,05277704,34,1,1,9,E,120,D
20234,05277704,34,2,1,1,E,140,D
20234,05277704,34,3,1,93,E,150,D
20234,05277704,34,4,1,16,E,160,D
20234,05277704,34,5,1,6,E,170,D
20234,05277704,34,6,1,64,E,180,D
20234,05277704,34,7,1,11,E,190,D
20234,05278234,21,0,1,,H,,A
20234,05278234,21,1,1,51,E,120,D
20234,05278234,21,2,1,10,E,140,D
20234,05278234,21,3,1,319,E,150,D
20234,05278234,21,4,1,22,E,160,D
20234,05278234,21,5,1,32,E,170,D
20234,05278234,21,6,1,167,E,180,D
20234,05278234,21,7,1,39,E,190,D
20234,05279384,39,0,1,,H,,A
20234,05279384,39,1,1,264,E,210,D
20234,05279384,39,2,1,236,E,220,D
20234,05280524,76,0,1,,H,,A
20234,05280524,76,1,1,58,E,120,D
20234,05280524,76,2,1,10,E,140,D
20234,05280524,76,3,1,534,E,150,D
20234,05280524,76,4,1,101,E,160,D
20234,05280524,76,5,1,38,E,170,D
20234,05280524,76,6,1,389,E,180,D
20234,05280524,76,7,1,70,E,190,D
20234,05280714,60,0,1,,H,,A
20234,05280714,60,1,1,78,E,120,D
20234,05280714,60,2,1,14,E,140,D
20234,05280714,60,3,1,689,E,150,D
20234,05280714,60,4,1,132,E,160,D
20234,05280714,60,5,1,49,E,170,D
20234,05280714,60,6,1,505,E,180,D
20234,05280714,60,7,1,91,E,190,D
20234,05283044,33,0,1,,H,,A
20234,05283044,33,1,1,37,E,100,D
20234,05283044,33,2,1,12,E,110,D
20234,05283044,33,3,1,26,E,120,D
20234,05283044,33,4,1,114,E,130,D
20234,05283044,33,5,1,4,E,140,D
20234,05283044,33,6,1,139,E,150,D
20234,05283044,33,7,1,9,E,160,D
20234,05283044,33,8,1,14,E,170,D
20234,05283044,33,9,1,72,E,180,D
20234,05283044,33,10,1,17,E,190,D
20234,05283044,33,11,1,23,E,210,D
20234,05283044,33,12,1,33,E,220,D
20234,05284344,36,0,1,,H,,A
20234,05284344,36,1,1,89,E,100,D
20234,05284344,36,2,1,27,E,110,D
20234,05284344,36,3,1,48,E,120,D
20234,05284344,36,4,1,258,E,130,D
20234,05284344,36,5,1,9,E,140,D
20234,05284344,36,6,1,314,E,150,D
20234,05284344,36,7,1,22,E,160,D
20234,05284344,36,8,1,31,E,170,D
20234,05284344,36,9,1,164,E,180,D
20234,05284344,36,10,1,38,E,190,D
20234,05288363,44,0,1,,H,,A
20234,05288363,44,1,1,54,G,100,D
20234,05288363,44,2,1,11,G,110,D
20234,05288363,44,3,1,21,G,120,D
20234,05288363,44,4,1,95,G,130,D
20234,05288363,44,5,1,2,G,140,D
20234,05288363,44,6,1,185,G,150,D
20234,05288363,44,7,1,12,G,160,D
20234,05288363,44,8,1,13,G,170,D
20234,05288363,44,9,1,190,G,180,D
20234,05288363,44,10,1,17,G,190,D
20234,05290413,85,0,1,,H,,A
20234,05290413,85,1,1,19,E,120,D
20234,05290413,85,2,1,3,E,140,D
20234,05290413,85,3,1,181,E,150,D
20234,05290413,85,4,1,33,E,160,D
20234,05290413,85,5,1,12,E,170,D
20234,05290413,85,6,1,129,E,180,D
20234,05290413,85,7,1,23,E,190,D
20234,05291153,22,0,1,,H,,A
20234,05291153,22,1,1,14,E,100,D
20234,05291153,22,2,1,3,E,110,D
20234,05291153,22,3,1,6,E,120,D
20234,05291153,22,4,1,59,E,150,D
20234,05291153,22,5,1,3,E,160,D
20234,05291153,22,6,1,4,E,170,D
20234,05291153,22,7,1,56,E,180,D
20234,05291153,22,8,1,5,E,190,D
20234,05291273,57,0,1,,H,,A
20234,05291273,57,1,1,149,E,120,D
20234,05291273,57,2,1,27,E,140,D
20234,05291273,57,3,1,1327,E,150,D
20234,05291273,57,4,1,254,E,160,D
20234,05291273,57,5,1,95,E,170,D
20234,05291273,57,6,1,972,E,180,D
20234,05291273,57,7,1,176,E,190,D
20234,05297263,26,0,1,,H,,A
20234,05297263,26,1,1,25,E,120,D
20234,05297263,26,2,1,3,E,140,D
20234,05297263,26,3,1,189,E,150,D
20234,05297263,26,4,1,16,E,160,D
20234,05297263,26,5,1,25,E,170,D
20234,05297263,26,6,1,17,E,190,D
20234,05350563,23,0,1,,H,,A
20234,05350563,23,1,1,16,E,100,D
20234,05350563,23,2,1,3,E,110,D
20234,05350563,23,3,1,7,E,120,D
20234,05350563,23,4,1,37,E,130,D
20234,05350563,23,5,1,61,E,150,D
20234,05350563,23,6,1,4,E,160,D
20234,05350563,23,7,1,4,E,170,D
20234,05350563,23,8,1,63,E,180,D
20234,05350563,23,9,1,5,E,190,D
20234,05351963,53,0,1,,H,,A
20234,05351963,53,1,1,96,E,100,D
20234,05351963,53,2,1,17,E,110,D
20234,05351963,53,3,1,29,E,120,D
20234,05351963,53,4,1,182,E,130,D
20234,05351963,53,5,1,5,E,140,D
20234,05351963,53,6,1,272,E,150,D
20234,05351963,53,7,1,52,E,160,D
20234,05351963,53,8,1,19,E,170,D
20234,05351963,53,9,1,199,E,180,D
20234,05351963,53,10,1,36,E,190,D
20234,05351963,53,11,1,49,E,210,D
20234,05351963,53,12,1,44,E,220,D
20234,05353013,17,0,1,,H,,A
20234,05353013,17,1,1,108,E,210,D
20234,05353013,17,2,1,166,E,220,D
20234,05354323,32,0,1,,H,,A
20234,05354323,32,1,1,71,E,120,D
20234,05354323,32,2,1,12,E,140,D
20234,05354323,32,3,1,619,E,150,D
20234,05354323,32,4,1,118,E,160,D
20234,05354323,32,5,1,44,E,170,D
20234,05354323,32,6,1,454,E,180,D
20234,05354323,32,7,1,82,E,190,D
20234,05354973,53,0,1,,H,,A
20234,05354973,53,1,1,199,E,120,D
20234,05354973,53,2,1,1046,E,130,D
20234,05354973,53,3,1,40,E,140,D
20234,05354973,53,4,1,1275,E,150,D
20234,05354973,53,5,1,90,E,160,D
20234,05354973,53,6,1,128,E,170,D
20234,05354973,53,7,1,666,E,180,D
20234,05354973,53,8,1,156,E,190,D
20234,05356913,32,0,1,,H,,A
20234,05356913,32,1,1,250,E,130,D
20234,05357743,54,0,1,,H,,A
20234,05357743,54,1,1,41,E,100,D
20234,05357743,54,2,1,6,E,110,D
20234,05357743,54,3,1,11,E,120,D
20234,05357743,54,4,1,66,E,130,D
20234,05357743,54,5,1,2,E,140,D
20234,05357743,54,6,1,102,E,150,D
20234,05357743,54,7,1,19,E,160,D
20234,05357743,54,8,1,7,E,170,D
20234,05357743,54,9,1,74,E,180,D
20234,05357743,54,10,1,13,E,190,D
20234,05357743,54,11,1,18,E,210,D
20234,05357743,54,12,1,16,E,220,D
20234,05360833,35,0,1,,H,,A
20234,05360833,35,1,1,24,E,100,D
20234,05360833,35,2,1,5,E,110,D
20234,05360833,35,3,1,10,E,120,D
20234,05360833,35,4,1,53,E,130,D
20234,05360833,35,5,1,1,E,140,D
20234,05360833,35,6,1,92,E,150,D
20234,05360833,35,7,1,6,E,160,D
20234,05360833,35,8,1,6,E,170,D
20234,05360833,35,9,1,95,E,180,D
20234,05360833,35,10,1,8,E,190,D
20234,05365973,34,0,1,,H,,A
20234,05365973,34,1,1,112,E,120,D
20234,05365973,34,2,1,13,E,140,D
20234,05365973,34,3,1,816,E,150,D
20234,05365973,34,4,1,71,E,160,D
20234,05365973,34,5,1,110,E,170,D
20234,05365973,34,6,1,78,E,190,D
20234,05366343,27,0,1,,H,,A
20234,05366343,27,1,1,36,E,100,D
20234,05366343,27,2,1,12,E,110,D
20234,05366343,27,3,1,18,E,120,D
20234,05366343,27,4,1,2,E,140,D
20234,05366343,27,5,1,139,E,150,D
20234,05366343,27,6,1,12,E,160,D
20234,05366343,27,7,1,18,E,170,D
20234,05366343,27,8,1,13,E,190,D
20234,05417662,68,0,1,,H,,A
20234,05417662,68,1,1,25,E,120,D
20234,05417662,68,2,1,5,E,140,D
20234,05417662,68,3,1,276,E,150,D
20234,05417662,68,4,1,45,E,160,D
20234,05417662,68,5,1,14,E,170,D
20234,05417662,68,6,1,35,E,190,D
20234,05418222,9,0,1,,H,,A
20234,05418222,9,1,1,16,E,100,D
20234,05418222,9,2,1,6,E,110,D
20234,05418222,9,3,1,13,E,120,D
20234,05418222,9,4,1,54,E,130,D
20234,05418222,9,5,1,1,E,140,D
20234,05418222,9,6,1,69,E,150,D
20234,05418222,9,7,1,6,E,160,D
20234,05418222,9,8,1,9,E,170,D
20234,05418222,9,9,1,6,E,190,D
20234,05418222,9,10,1,11,E,210,D
20234,05418222,9,11,1,9,E,220,D
20234,05420172,30,0,1,,H,,A
20234,05420172,30,1,1,20,E,120,D
20234,05420172,30,2,1,3,E,140,D
20234,05420172,30,3,1,114,E,150,D
20234,05420172,30,4,1,8,E,160,D
20234,05420172,30,5,1,11,E,170,D
20234,05420172,30,6,1,59,E,180,D
20234,05420172,30,7,1,14,E,190,D
20234,05425082,17,0,1,,H,,A
20234,05425082,17,1,1,20,E,100,D
20234,05425082,17,2,1,5,E,110,D
20234,05425082,17,3,1,8,E,120,D
20234,05425082,17,4,1,56,E,130,D
20234,05425082,17,5,1,1,E,140,D
20234,05425082,17,6,1,69,E,150,D
20234,05425082,17,7,1,11,E,160,D
20234,05425082,17,8,1,3,E,170,D
20234,05425082,17,9,1,22,E,180,D
20234,05425082,17,10,1,5,E,190,D
20234,05428162,31,0,1,,H,,A
20234,05428162,31,1,1,250,E,130,D
20234,05428562,38,0,1,,H,,A
20234,05428562,38,1,1,48,E,100,D
20234,05428562,38,2,1,11,E,110,D
20234,05428562,38,3,1,27,E,120,D
20234,05428562,38,4,1,95,E,130,D
20234,05428562,38,5,1,2,E,140,D
20234,05428562,38,6,1,185,E,150,D
20234,05428562,38,7,1,12,E,160,D
20234,05428562,38,8,1,13,E,170,D
20234,05428562,38,9,1,190,E,180,D
20234,05428562,38,10,1,17,E,190,D
20234,05429332,16,0,1,,H,,A
20234,05429332,16,1,1,121,E,100,D
20234,05429332,16,2,1,29,E,110,D
20234,05429332,16,3,1,54,E,120,D
20234,05429332,16,4,1,238,E,130,D
20234,05429332,16,5,1,7,E,140,D
20234,05429332,16,6,1,468,E,150,D
20234,05429332,16,7,1,30,E,160,D
20234,05429332,16,8,1,34,E,170,D
20234,05429332,16,9,1,477,E,180,D
20234,05429332,16,10,1,42,E,190,D
20234,05430492,21,0,1,,H,,A
20234,05430492,21,1,1,7,E,120,D
20234,05430492,21,2,1,1,E,140,D
20234,05430492,21,3,1,59,E,150,D
20234,05430492,21,4,1,9,E,160,D
20234,05430492,21,5,1,2,E,170,D
20234,05430492,21,6,1,18,E,180,D
20234,05430492,21,7,1,4,E,190,D
20234,05432902,18,0,1,,H,,A
20234,05432902,18,1,1,9,E,120,D
20234,05432902,18,2,1,1,E,140,D
20234,05432902,18,3,1,82,E,150,D
20234,05432902,18,4,1,5,E,160,D
20234,05432902,18,5,1,5,E,170,D
20234,05432902,18,6,1,81,E,180,D
20234,05432902,18,7,1,7,E,190,D
20234,05439242,48,0,1,,H,,A
20234,05439242,48,1,1,26,E,100,D
20234,05439242,48,2,1,7,E,110,D
20234,05439242,48,3,1,12,E,120,D
20234,05439242,48,4,1,1,E,140,D
20234,05439242,48,5,1,103,E,150,D
20234,05439242,48,6,1,4,E,160,D
20234,05439242,48,7,1,10,E,170,D
20234,05439242,48,8,1,45,E,180,D
20234,05439242,48,9,1,12,E,190,D
20234,05443792,27,0,1,,H,,A
20234,05443792,27,1,1,250,E,130,D
20234,05444902,28,0,1,,H,,A
20234,05444902,28,1,1,36,E,120,D
20234,05444902,28,2,1,5,E,140,D
20234,05444902,28,3,1,281,E,150,D
20234,05444902,28,4,1,47,E,160,D
20234,05444902,28,5,1,14,E,170,D
20234,05444902,28,6,1,90,E,180,D
20234,05444902,28,7,1,27,E,190,D
20234,05445602,43,0,1,,H,,A
20234,05445602,43,1,1,57,E,100,D
20234,05445602,43,2,1,9,E,110,D
20234,05445602,43,3,1,16,E,120,D
20234,05445602,43,4,1,3,E,140,D
20234,05445602,43,5,1,149,E,150,D
20234,05445602,43,6,1,28,E,160,D
20234,05445602,43,7,1,10,E,170,D
20234,05445602,43,8,1,109,E,180,D
20234,05445602,43,9,1,19,E,190,D
20234,05445932,22,0,1,,H,,A
20234,05445932,22,1,1,32,E,120,D
20234,05445932,22,2,1,4,E,140,D
20234,05445932,22,3,1,225,E,150,D
20234,05445932,22,4,1,38,E,160,D
20234,05445932,22,5,1,11,E,170,D
20234,05445932,22,6,1,72,E,180,D
20234,05445932,22,7,1,18,E,190,D
20234,05539611,35,0,1,,H,,A
20234,05539611,35,1,1,32,E,120,D
20234,05539611,35,2,1,5,E,140,D
20234,05539611,35,3,1,265,E,150,D
20234,05539611,35,4,1,50,E,160,D
20234,05539611,35,5,1,19,E,170,D
20234,05539611,35,6,1,194,E,180,D
20234,05539611,35,7,1,35,E,190,D
20234,05541261,27,0,1,,H,,A
20234,05541261,27,1,1,101,E,120,D
20234,05541261,27,2,1,604,E,130,D
20234,05541261,27,3,1,19,E,140,D
20234,05541261,27,4,1,930,E,150,D
20234,05541261,27,5,1,177,E,160,D
20234,05541261,27,6,1,67,E,170,D
20234,05541261,27,7,1,679,E,180,D
20234,05541261,27,8,1,123,E,190,D
20234,05542701,29,0,1,,H,,A
20234,05542701,29,1,1,58,E,120,D
20234,05542701,29,2,1,8,E,140,D
20234,05542701,29,3,1,422,E,150,D
20234,05542701,29,4,1,71,E,160,D
20234,05542701,29,5,1,22,E,170,D
20234,05542701,29,6,1,135,E,180,D
20234,05542701,29,7,1,34,E,190,D
20234,05544191,20,0,1,,H,,A
20234,05544191,20,1,1,187,E,120,D
20234,05544191,20,2,1,21,E,140,D
20234,05544191,20,3,1,1360,E,150,D
20234,05544191,20,4,1,118,E,160,D
20234,05544191,20,5,1,184,E,170,D
20234,05544191,20,6,1,130,E,190,D
20234,05546381,23,0,1,,H,,A
20234,05546381,23,1,1,7,E,120,D
20234,05546381,23,2,1,1,E,140,D
20234,05546381,23,3,1,51,E,150,D
20234,05546381,23,4,1,3,E,160,D
20234,05546381,23,5,1,9,E,170,D
20234,05546381,23,6,1,27,E,180,D
20234,05546381,23,7,1,6,E,190,D
20234,05546791,38,0,1,,H,,A
20234,05546791,38,1,1,44,E,100,D
20234,05546791,38,2,1,16,E,110,D
20234,05546791,38,3,1,27,E,120,D
20234,05546791,38,4,1,135,E,130,D
20234,05546791,38,5,1,9,E,140,D
20234,05546791,38,6,1,218,E,150,D
20234,05546791,38,7,1,9,E,160,D
20234,05546791,38,8,1,21,E,170,D
20234,05546791,38,9,1,96,E,180,D
20234,05546791,38,10,1,25,E,190,D
20234,05547401,54,0,1,,H,,A
20234,05547401,54,1,1,1205,E,100,D
20234,05547401,54,2,1,220,E,110,D
20234,05547401,54,3,1,372,E,120,D
20234,05547401,54,4,1,2219,E,130,D
20234,05547401,54,5,1,70,E,140,D
20234,05547401,54,6,1,3404,E,150,D
20234,05547401,54,7,1,652,E,160,D
20234,05547401,54,8,1,245,E,170,D
20234,05547401,54,9,1,2494,E,180,D
20234,05547401,54,10,1,451,E,190,D
20234,05547401,54,11,1,617,E,210,D
20234,05547401,54,12,1,551,E,220,D
20234,05547951,30,0,1,,H,,A
20234,05547951,30,1,1,281,E,100,D
20234,05547951,30,2,1,70,E,110,D
20234,05547951,30,3,1,119,E,120,D
20234,05547951,30,4,1,18,E,140,D
20234,05547951,30,5,1,931,E,150,D
20234,05547951,30,6,1,158,E,160,D
20234,05547951,30,7,1,49,E,170,D
20234,05547951,30,8,1,298,E,180,D
20234,05547951,30,9,1,76,E,190,D
20234,05551311,12,0,1,,H,,A
20234,05551311,12,1,1,601,E,120,D
20234,05551311,12,2,1,11155,U,130,D
20234,05551311,12,3,1,71,E,140,D
20234,05551311,12,4,1,4437,E,150,D
20234,05551311,12,5,1,387,E,160,D
20234,05551311,12,6,1,602,E,170,D
20234,05551311,12,7,1,426,E,190,D
20234,05552651,29,0,1,,H,,A
20234,05552651,29,1,1,1594,E,100,D
20234,05552651,29,2,1,406,E,110,D
20234,05552941,14,0,1,,H,,A
20234,05552941,14,1,1,5182,E,100,D
20234,05552941,14,2,1,1323,E,110,D
20234,05552941,14,3,1,2244,E,120,D
20234,05552941,14,4,1,11155,U,130,D
20234,05552941,14,5,1,355,E,140,D
20234,05552941,14,6,1,17466,E,150,D
20234,05552941,14,7,1,2972,E,160,D
20234,05552941,14,8,1,922,E,170,D
20234,05552941,14,9,1,5607,E,180,D
20234,05552941,14,10,1,1436,E,190,D
20234,05553921,45,0,1,,C,,A
20234,05555061,48,0,1,,H,,A
20234,05555061,48,1,1,43,E,120,D
20234,05555061,48,2,1,5,E,140,D
20234,05555061,48,3,1,334,E,150,D
20234,05555061,48,4,1,21,E,160,D
20234,05555061,48,5,1,24,E,170,D
20234,05555061,48,6,1,343,E,180,D
20234,05555061,48,7,1,30,E,190,D
20234,05555701,17,0,1,,H,,A
20234,05555701,17,1,1,51,E,210,D
20234,05555701,17,2,1,49,E,220,D
20234,05556511,32,0,1,,H,,A
20234,05556511,32,1,1,61,E,120,D
20234,05556511,32,2,1,10,E,140,D
20234,05556511,32,3,1,531,E,150,D
20234,05556511,32,4,1,101,E,160,D
20234,05556511,32,5,1,38,E,170,D
20234,05556511,32,6,1,389,E,180,D
20234,05556511,32,7,1,70,E,190,D
20234,05557541,21,0,1,,H,,A
20234,05557541,21,1,1,75,E,100,D
20234,05557541,21,2,1,23,E,110,D
20234,05557541,21,3,1,40,E,120,D
20234,05557541,21,4,1,203,E,130,D
20234,05557541,21,5,1,5,E,140,D
20234,05557541,21,6,1,325,E,150,D
20234,05557541,21,7,1,13,E,160,D
20234,05557541,21,8,1,32,E,170,D
20234,05557541,21,9,1,144,E,180,D
20234,05557541,21,10,1,38,E,190,D
20234,05557541,21,11,1,63,E,210,D
20234,05557541,21,12,1,39,E,220,D
20234,05558801,17,0,1,,H,,A
20234,05558801,17,1,1,13,E,100,D
20234,05558801,17,2,1,2,E,110,D
20234,05558801,17,3,1,4,E,120,D
20234,05558801,17,4,1,37,E,150,D
20234,05558801,17,5,1,1,E,160,D
20234,05558801,17,6,1,3,E,170,D
20234,05558801,17,7,1,16,E,180,D
20234,05558801,17,8,1,4,E,190,D
20234,05559481,24,0,1,,C,,A
20234,05560051,29,0,1,,H,,A
20234,05560051,29,1,1,121,E,100,D
20234,05560051,29,2,1,34,E,110,D
20234,05560051,29,3,1,41,E,120,D
20234,05560051,29,4,1,9,E,140,D
20234,05560051,29,5,1,443,E,150,D
20234,05560051,29,6,1,73,E,160,D
20234,05560051,29,7,1,22,E,170,D
20234,05560051,29,8,1,57,E,190,D
20234,05561591,48,0,1,,H,,A
20234,05561591,48,1,1,13,E,100,D
20234,05561591,48,2,1,3,E,110,D
20234,05561591,48,3,1,12,E,120,D
20234,05561591,48,4,1,46,E,150,D
20234,05561591,48,5,1,7,E,160,D
20234,05561591,48,6,1,2,E,170,D
20234,05561591,48,7,1,14,E,180,D
20234,05561591,48,8,1,3,E,190,D
20234,05563891,30,0,1,,H,,A
20234,05563891,30,1,1,82,E,100,D
20234,05563891,30,2,1,21,E,110,D
20234,05563891,30,3,1,35,E,120,D
20234,05563891,30,4,1,206,E,130,D
20234,05563891,30,5,1,5,E,140,D
20234,05563891,30,6,1,279,E,150,D
20234,05563891,30,7,1,47,E,160,D
20234,05563891,30,8,1,14,E,170,D
20234,05563891,30,9,1,89,E,180,D
20234,05563891,30,10,1,22,E,190,D
20234,05564151,54,0,1,,H,,A
20234,05564151,54,1,1,39,E,100,D
20234,05564151,54,2,1,14,E,110,D
20234,05564151,54,3,1,28,E,120,D
20234,05564151,54,4,1,118,E,130,D
20234,05564151,54,5,1,3,E,140,D
20234,05564151,54,6,1,190,E,150,D
20234,05564151,54,7,1,8,E,160,D
20234,05564151,54,8,1,19,E,170,D
20234,05564151,54,9,1,84,E,180,D
20234,05564151,54,10,1,22,E,190,D
20234,05564771,22,0,1,,H,,A
20234,05564771,22,1,1,30,E,120,D
20234,05564771,22,2,1,6,E,140,D
20234,05564771,22,3,1,200,E,150,D
20234,05564771,22,4,1,14,E,160,D
20234,05564771,22,5,1,19,E,170,D
20234,05564771,22,6,1,103,E,180,D
20234,05564771,22,7,1,24,E,190,D
20234,05564771,22,8,1,33,E,210,D
20234,05564771,22,9,1,46,E,220,D
20234,05566841,17,0,1,,H,,A
20234,05566841,17,1,1,30,E,120,D
20234,05566841,17,2,1,3,E,140,D
20234,05566841,17,3,1,216,E,150,D
20234,05566841,17,4,1,9,E,160,D
20234,05566841,17,5,1,21,E,170,D
20234,05566841,17,6,1,96,E,180,D
20234,05566841,17,7,1,25,E,190,D
20234,05567811,34,0,1,,H,,A
20234,05567811,34,1,1,57,E,120,D
20234,05567811,34,2,1,7,E,140,D
20234,05567811,34,3,1,432,E,150,D
20234,05567811,34,4,1,18,E,160,D
20234,05567811,34,5,1,43,E,170,D
20234,05567811,34,6,1,192,E,180,D
20234,05567811,34,7,1,51,E,190,D
20234,05569471,33,0,1,,H,,A
20234,05569471,33,1,1,32,E,120,D
20234,05569471,33,2,1,4,E,140,D
20234,05569471,33,3,1,225,E,150,D
20234,05569471,33,4,1,38,E,160,D
20234,05569471,33,5,1,11,E,170,D
20234,05569471,33,6,1,72,E,180,D
20234,05569471,33,7,1,18,E,190,D
20234,05570761,22,0,1,,H,,A
20234,05570761,22,1,1,51,E,100,D
20234,05570761,22,2,1,13,E,110,D
20234,05570761,22,3,1,17,E,120,D
20234,05570761,22,4,1,99,E,130,D
20234,05570761,22,5,1,4,E,140,D
20234,05570761,22,6,1,195,E,150,D
20234,05570761,22,7,1,31,E,160,D
20234,05570761,22,8,1,9,E,170,D
20234,05570761,22,9,1,24,E,190,D
20234,05570761,22,10,1,29,E,210,D
20234,05570761,22,11,1,28,E,220,D
20234,05571811,45,0,1,,H,,A
20234,05571811,45,1,1,17,E,120,D
20234,05571811,45,2,1,2,E,140,D
20234,05571811,45,3,1,112,E,150,D
20234,05571811,45,4,1,19,E,160,D
20234,05571811,45,5,1,5,E,170,D
20234,05571811,45,6,1,36,E,180,D
20234,05571811,45,7,1,9,E,190,D
20234,05572311,24,0,1,,H,,A
20234,05572311,24,1,1,7,E,120,D
20234,05572311,24,2,1,1,E,140,D
20234,05572311,24,3,1,70,E,150,D
20234,05572311,24,4,1,12,E,160,D
20234,05572311,24,5,1,4,E,170,D
20234,05572311,24,6,1,48,E,180,D
20234,05572311,24,7,1,8,E,190,D
20234,05572761,29,0,1,,H,,A
20234,05572761,29,1,1,101,E,120,D
20234,05572761,29,2,1,16,E,140,D
20234,05572761,29,3,1,791,E,150,D
20234,05572761,29,4,1,134,E,160,D
20234,05572761,29,5,1,41,E,170,D
20234,05572761,29,6,1,253,E,180,D
20234,05572761,29,7,1,64,E,190,D
20241,05286344,40,0,1,,H,,A
20241,05286344,40,1,1,28,E,120,D
20241,05286344,40,2,1,123,E,130,D
20241,05286344,40,3,1,3,E,140,D
20241,05286344,40,4,1,242,E,150,D
20241,05286344,40,5,1,14,E,160,D
20241,05286344,40,6,1,13,E,170,D
20241,05286344,40,7,1,158,E,180,D
20241,05286344,40,8,1,19,E,190,D
20241,05291044,31,0,1,,H,,A
20241,05291044,31,1,1,163,E,100,D
20241,05291044,31,2,1,37,E,110,D
20241,05296814,35,0,1,,H,,A
20241,05296814,35,1,1,43,E,120,D
20241,05296814,35,2,1,10,E,140,D
20241,05296814,35,3,1,521,E,150,D
20241,05296814,35,4,1,62,E,160,D
20241,05296814,35,5,1,38,E,170,D
20241,05296814,35,6,1,46,E,180,D
20241,05296814,35,7,1,60,E,190,D
20241,05297654,24,0,1,,H,,A
20241,05297654,24,1,1,51,E,100,D
20241,05297654,24,2,1,12,E,110,D
20241,05297654,24,3,1,25,E,120,D
20241,05297654,24,4,1,131,E,130,D
20241,05297654,24,5,1,3,E,140,D
20241,05297654,24,6,1,257,E,150,D
20241,05297654,24,7,1,14,E,160,D
20241,05297654,24,8,1,14,E,170,D
20241,05297654,24,9,1,168,E,180,D
20241,05297654,24,10,1,21,E,190,D
20241,05297654,24,11,1,28,E,210,D
20241,05297654,24,12,1,26,E,220,D
20241,05345464,38,0,1,,H,,A
20241,05345464,38,1,1,2610,E,130,D
20241,05346364,45,0,1,,C,,A
20241,05347434,32,0,1,,H,,A
20241,05347434,32,1,1,3,E,120,D
20241,05347434,32,2,1,25,E,130,D
20241,05347434,32,3,1,27,E,150,D
20241,05347434,32,4,1,1,E,160,D
20241,05347434,32,5,1,1,E,170,D
20241,05347434,32,6,1,3,E,190,D
20241,05349934,24,0,1,,H,,A
20241,05349934,24,1,1,91,E,100,D
20241,05349934,24,2,1,26,E,110,D
20241,05349934,24,3,1,28,E,120,D
20241,05349934,24,4,1,206,E,130,D
20241,05349934,24,5,1,6,E,140,D
20241,05349934,24,6,1,310,E,150,D
20241,05349934,24,7,1,32,E,160,D
20241,05349934,24,8,1,7,E,170,D
20241,05349934,24,9,1,404,E,180,D
20241,05349934,24,10,1,33,E,190,D
20241,05349934,24,11,1,51,E,210,D
20241,05349934,24,12,1,6,E,220,D
20241,05350614,29,0,1,,H,,A
20241,05350614,29,1,1,33,E,120,D
20241,05350614,29,2,1,4,E,140,D
20241,05350614,29,3,1,304,E,150,D
20241,05350614,29,4,1,17,E,160,D
20241,05350614,29,5,1,17,E,170,D
20241,05350614,29,6,1,200,E,180,D
20241,05350614,29,7,1,25,E,190,D
20241,05351964,62,0,1,,H,,A
20241,05351964,62,1,1,386,E,100,D
20241,05351964,62,2,1,67,E,110,D
20241,05351964,62,3,1,92,E,120,D
20241,05351964,62,4,1,611,E,130,D
20241,05351964,62,5,1,14,E,140,D
20241,05351964,62,6,1,1107,E,150,D
20241,05351964,62,7,1,133,E,160,D
20241,05351964,62,8,1,80,E,170,D
20241,05351964,62,9,1,98,E,180,D
20241,05351964,62,10,1,134,E,190,D
20241,05351964,62,11,1,150,E,210,D
20241,05351964,62,12,1,128,E,220,D
20241,05354974,50,0,1,,H,,A
20241,05354974,50,1,1,250,E,100,D
20241,05354974,50,2,1,62,E,110,D
20241,05354974,50,3,1,150,E,120,D
20241,05354974,50,4,1,22,E,140,D
20241,05354974,50,5,1,1127,E,150,D
20241,05354974,50,6,1,171,E,160,D
20241,05354974,50,7,1,61,E,170,D
20241,05354974,50,8,1,307,E,180,D
20241,05354974,50,9,1,126,E,190,D
20241,05358994,15,0,1,,H,,A
20241,05358994,15,1,1,79,E,120,D
20241,05358994,15,2,1,10,E,140,D
20241,05358994,15,3,1,762,E,150,D
20241,05358994,15,4,1,44,E,160,D
20241,05358994,15,5,1,43,E,170,D
20241,05358994,15,6,1,500,E,180,D
20241,05358994,15,7,1,62,E,190,D
20241,05360154,30,0,1,,H,,A
20241,05360154,30,1,1,10,E,120,D
20241,05360154,30,2,1,2,E,140,D
20241,05360154,30,3,1,96,E,150,D
20241,05360154,30,4,1,10,E,160,D
20241,05360154,30,5,1,2,E,170,D
20241,05360154,30,6,1,125,E,180,D
20241,05360154,30,7,1,10,E,190,D
20241,05365074,58,0,1,,H,,A
20241,05365074,58,1,1,27,E,120,D
20241,05365074,58,2,1,7,E,140,D
20241,05365074,58,3,1,334,E,150,D
20241,05365074,58,4,1,40,E,160,D
20241,05365074,58,5,1,24,E,170,D
20241,05365074,58,6,1,29,E,180,D
20241,05365074,58,7,1,39,E,190,D
20241,05413543,36,0,1,,H,,A
20241,05413543,36,1,1,475,E,210,D
20241,05413543,36,2,1,55,E,220,D
20241,05415443,33,0,1,,H,,A
20241,05415443,33,1,1,104,E,120,D
20241,05415443,33,2,1,15,E,140,D
20241,05415443,33,3,1,1203,E,150,D
20241,05415443,33,4,1,145,E,160,D
20241,05415443,33,5,1,87,E,170,D
20241,05415443,33,6,1,106,E,180,D
20241,05415443,33,7,1,140,E,190,D
20241,05417243,33,0,1,,H,,A
20241,05417243,33,1,1,12,E,120,D
20241,05417243,33,2,1,1,E,140,D
20241,05417243,33,3,1,103,E,150,D
20241,05417243,33,4,1,9,E,160,D
20241,05417243,33,5,1,9,E,170,D
20241,05417243,33,6,1,16,E,190,D
20241,05417853,100,0,1,,H,,A
20241,05417853,100,1,1,33,E,120,D
20241,05417853,100,2,1,5,E,140,D
20241,05417853,100,3,1,404,E,150,D
20241,05417853,100,4,1,48,E,160,D
20241,05417853,100,5,1,29,E,170,D
20241,05417853,100,6,1,35,E,180,D
20241,05417853,100,7,1,46,E,190,D
20241,05420203,18,0,1,,H,,A
20241,05420203,18,1,1,63,E,100,D
20241,05420203,18,2,1,30,E,110,D
20241,05420203,18,3,1,39,E,120,D
20241,05420203,18,4,1,207,E,130,D
20241,05420203,18,5,1,8,E,140,D
20241,05420203,18,6,1,309,E,150,D
20241,05420203,18,7,1,16,E,160,D
20241,05420203,18,8,1,40,E,170,D
20241,05420203,18,9,1,38,E,190,D
20241,05422153,56,0,1,,H,,A
20241,05422153,56,1,1,127,E,100,D
20241,05422153,56,2,1,30,E,110,D
20241,05422153,56,3,1,50,E,120,D
20241,05422153,56,4,1,248,E,130,D
20241,05422153,56,5,1,7,E,140,D
20241,05422153,56,6,1,363,E,150,D
20241,05422153,56,7,1,34,E,160,D
20241,05422153,56,8,1,33,E,170,D
20241,05422153,56,9,1,58,E,190,D
20241,05422503,31,0,1,,H,,A
20241,05422503,31,1,1,218,E,100,D
20241,05422503,31,2,1,54,E,110,D
20241,05422503,31,3,1,686,E,130,D
20241,05424663,20,0,1,,H,,A
20241,05424663,20,1,1,232,E,100,D
20241,05424663,20,2,1,52,E,110,D
20241,05424663,20,3,1,93,E,120,D
20241,05424663,20,4,1,490,E,130,D
20241,05424663,20,5,1,14,E,140,D
20241,05424663,20,6,1,668,E,150,D
20241,05424663,20,7,1,46,E,160,D
20241,05424663,20,8,1,36,E,170,D
20241,05424663,20,9,1,8,E,180,D
20241,05424663,20,10,1,91,E,190,D
20241,05424663,20,11,1,131,E,210,D
20241,05424663,20,12,1,139,E,220,D
20241,05429093,22,0,1,,H,,A
20241,05429093,22,1,1,69,E,100,D
20241,05429093,22,2,1,16,E,110,D
20241,05429093,22,3,1,31,E,120,D
20241,05429093,22,4,1,135,E,130,D
20241,05429093,22,5,1,3,E,140,D
20241,05429093,22,6,1,198,E,150,D
20241,05429093,22,7,1,19,E,160,D
20241,05429093,22,8,1,18,E,170,D
20241,05429093,22,9,1,31,E,190,D
20241,05432323,41,0,1,,H,,A
20241,05432323,41,1,1,7,E,120,D
20241,05432323,41,2,1,1,E,140,D
20241,05432323,41,3,1,86,E,150,D
20241,05432323,41,4,1,13,E,160,D
20241,05432323,41,5,1,6,E,170,D
20241,05432323,41,6,1,7,E,180,D
20241,05432323,41,7,1,10,E,190,D
20241,05433913,46,0,1,,H,,A
20241,05433913,46,1,1,7,E,100,D
20241,05433913,46,2,1,1,E,110,D
20241,05433913,46,3,1,1,E,120,D
20241,05433913,46,4,1,20,E,150,D
20241,05433913,46,5,1,7,E,160,D
20241,05433913,46,6,1,1,E,170,D
20241,05433913,46,7,1,1,E,180,D
20241,05433913,46,8,1,2,E,190,D
20241,05435863,10,0,1,,H,,A
20241,05435863,10,1,1,30,E,120,D
20241,05435863,10,2,1,5,E,140,D
20241,05435863,10,3,1,206,E,150,D
20241,05435863,10,4,1,8,E,160,D
20241,05435863,10,5,1,26,E,170,D
20241,05435863,10,6,1,25,E,190,D
20241,05436043,32,0,1,,H,,A
20241,05436043,32,1,1,7,E,120,D
20241,05436043,32,2,1,60,E,150,D
20241,05436043,32,3,1,7,E,160,D
20241,05436043,32,4,1,4,E,170,D
20241,05436043,32,5,1,5,E,180,D
20241,05436043,32,6,1,7,E,190,D
20241,05436143,50,0,1,,H,,A
20241,05436143,50,1,1,54,E,100,D
20241,05436143,50,2,1,13,E,110,D
20241,05436143,50,3,1,13,E,120,D
20241,05436143,50,4,1,2,E,140,D
20241,05436143,50,5,1,157,E,150,D
20241,05436143,50,6,1,19,E,160,D
20241,05436143,50,7,1,11,E,170,D
20241,05436143,50,8,1,13,E,180,D
20241,05436143,50,9,1,18,E,190,D
20241,05436953,24,0,1,,H,,A
20241,05436953,24,1,1,132,E,120,D
20241,05436953,24,2,1,19,E,140,D
20241,05436953,24,3,1,1001,E,150,D
20241,05436953,24,4,1,95,E,160,D
20241,05436953,24,5,1,93,E,170,D
20241,05436953,24,6,1,160,E,190,D
20241,05541012,21,0,1,,H,,A
20241,05541012,21,1,1,49,E,100,D
20241,05541012,21,2,1,12,E,110,D
20241,05541012,21,3,1,33,E,120,D
20241,05541012,21,4,1,154,E,130,D
20241,05541012,21,5,1,4,E,140,D
20241,05541012,21,6,1,220,E,150,D
20241,05541012,21,7,1,32,E,160,D
20241,05541012,21,8,1,12,E,170,D
20241,05541012,21,9,1,60,E,180,D
20241,05541012,21,10,1,24,E,190,D
20241,05542332,42,0,1,,H,,A
20241,05542332,42,1,1,47,E,100,D
20241,05542332,42,2,1,8,E,110,D
20241,05542332,42,3,1,16,E,120,D
20241,05542332,42,4,1,1,E,140,D
20241,05542332,42,5,1,136,E,150,D
20241,05542332,42,6,1,16,E,160,D
20241,05542332,42,7,1,9,E,170,D
20241,05542332,42,8,1,12,E,180,D
20241,05542332,42,9,1,15,E,190,D
20241,05542652,24,0,1,,H,,A
20241,05542652,24,1,1,55,G,100,D
20241,05542652,24,2,1,24,G,110,D
20241,05542652,24,3,1,31,G,120,D
20241,05542652,24,4,1,165,G,130,D
20241,05542652,24,5,1,7,G,140,D
20241,05542652,24,6,1,247,G,150,D
20241,05542652,24,7,1,9,G,160,D
20241,05542652,24,8,1,32,G,170,D
20241,05542652,24,9,1,30,G,190,D
20241,05543012,27,0,1,,H,,A
20241,05543012,27,1,1,182,E,100,D
20241,05543012,27,2,1,31,E,110,D
20241,05543012,27,3,1,287,E,130,D
20241,05545502,13,0,1,,H,,A
20241,05545502,13,1,1,36,E,100,D
20241,05545502,13,2,1,8,E,110,D
20241,05545502,13,3,1,23,E,120,D
20241,05545502,13,4,1,93,E,130,D
20241,05545502,13,5,1,2,E,140,D
20241,05545502,13,6,1,183,E,150,D
20241,05545502,13,7,1,10,E,160,D
20241,05545502,13,8,1,10,E,170,D
20241,05545502,13,9,1,120,E,180,D
20241,05545502,13,10,1,15,E,190,D
20241,05547042,33,0,1,,H,,A
20241,05547042,33,1,1,36,E,120,D
20241,05547042,33,2,1,5,E,140,D
20241,05547042,33,3,1,257,E,150,D
20241,05547042,33,4,1,17,E,160,D
20241,05547042,33,5,1,14,E,170,D
20241,05547042,33,6,1,3,E,180,D
20241,05547042,33,7,1,38,E,190,D
20241,05548902,58,0,1,,H,,A
20241,05548902,58,1,1,33,E,120,D
20241,05548902,58,2,1,6,E,140,D
20241,05548902,58,3,1,320,E,150,D
20241,05548902,58,4,1,33,E,160,D
20241,05548902,58,5,1,7,E,170,D
20241,05548902,58,6,1,417,E,180,D
20241,05548902,58,7,1,34,E,190,D
20241,05552372,34,0,1,,H,,A
20241,05552372,34,1,1,38,E,210,D
20241,05552372,34,2,1,62,E,220,D
20241,05552942,23,0,1,,H,,A
20241,05552942,23,1,1,8976,E,100,D
20241,05552942,23,2,1,2162,E,110,D
20241,05552942,23,3,1,3301,E,120,D
20241,05552942,23,4,1,11155,U,130,D
20241,05552942,23,5,1,505,E,140,D
20241,05552942,23,6,1,25638,E,150,D
20241,05552942,23,7,1,2454,E,160,D
20241,05552942,23,8,1,2385,E,170,D
20241,05552942,23,9,1,4105,E,190,D
20241,05552942,23,10,1,6620,E,210,D
20241,05552942,23,11,1,6357,E,220,D
20241,05556172,72,0,1,,H,,A
20241,05556172,72,1,1,49,E,210,D
20241,05556172,72,2,1,51,E,220,D
20241,05557912,50,0,1,,H,,A
20241,05557912,50,1,1,218,E,100,D
20241,05557912,50,2,1,53,E,110,D
20241,05557912,50,3,1,109,E,120,D
20241,05557912,50,4,1,566,E,130,D
20241,05557912,50,5,1,15,E,140,D
20241,05557912,50,6,1,1100,E,150,D
20241,05557912,50,7,1,64,E,160,D
20241,05557912,50,8,1,63,E,170,D
20241,05557912,50,9,1,722,E,180,D
20241,05557912,50,10,1,90,E,190,D
20241,05558312,34,0,1,,H,,A
20241,05558312,34,1,1,13,E,120,D
20241,05558312,34,2,1,2,E,140,D
20241,05558312,34,3,1,170,E,150,D
20241,05558312,34,4,1,20,E,160,D
20241,05558312,34,5,1,12,E,170,D
20241,05558312,34,6,1,14,E,180,D
20241,05558312,34,7,1,19,E,190,D
20241,05559092,48,0,1,,H,,A
20241,05559092,48,1,1,212,E,100,D
20241,05559092,48,2,1,38,E,110,D
20241,05561462,37,0,1,,H,,A
20241,05561462,37,1,1,67,E,120,D
20241,05561462,37,2,1,9,E,140,D
20241,05561462,37,3,1,452,E,150,D
20241,05561462,37,4,1,31,E,160,D
20241,05561462,37,5,1,25,E,170,D
20241,05561462,37,6,1,5,E,180,D
20241,05561462,37,7,1,61,E,190,D
20241,05563362,39,0,1,,H,,A
20241,05563362,39,1,1,24,E,210,D
20241,05563362,39,2,1,26,E,220,D
20241,05564242,27,0,1,,H,,A
20241,05564242,27,1,1,90,E,130,D
20241,05565052,26,0,1,,H,,A
20241,05565052,26,1,1,66,E,100,D
20241,05565052,26,2,1,21,E,110,D
20241,05565052,26,3,1,24,E,120,D
20241,05565052,26,4,1,130,E,130,D
20241,05565052,26,5,1,3,E,140,D
20241,05565052,26,6,1,191,E,150,D
20241,05565052,26,7,1,18,E,160,D
20241,05565052,26,8,1,17,E,170,D
20241,05565052,26,9,1,30,E,190,D
20241,05565472,50,0,1,,H,,A
20241,05565472,50,1,1,8,E,120,D
20241,05565472,50,2,1,4,E,140,D
20241,05565472,50,3,1,100,E,150,D
20241,05565472,50,4,1,12,E,160,D
20241,05565472,50,5,1,7,E,170,D
20241,05565472,50,6,1,8,E,180,D
20241,05565472,50,7,1,11,E,190,D
20241,05566572,48,0,1,,H,,A
20241,05566572,48,1,1,19,E,100,D
20241,05566572,48,2,1,4,E,110,D
20241,05566572,48,3,1,12,E,120,D
20241,05566572,48,4,1,42,E,130,D
20241,05566572,48,5,1,1,E,140,D
20241,05566572,48,6,1,58,E,150,D
20241,05566572,48,7,1,4,E,160,D
20241,05566572,48,8,1,3,E,170,D
20241,05566572,48,9,1,7,E,190,D
20241,05571062,22,0,1,,H,,A
20241,05571062,22,1,1,141,E,120,D
20241,05571062,22,2,1,31,E,140,D
20241,05571062,22,3,1,1102,E,150,D
20241,05571062,22,4,1,43,E,160,D
20241,05571062,22,5,1,143,E,170,D
20241,05571062,22,6,1,140,E,190,D
20241,05571462,31,0,1,,H,,A
20241,05571462,31,1,1,80,E,100,D
20241,05571462,31,2,1,20,E,110,D
20241,05571912,28,0,1,,H,,A
20241,05571912,28,1,1,18,E,100,D
20241,05571912,28,2,1,4,E,110,D
20241,05571912,28,3,1,10,E,120,D
20241,05571912,28,4,1,1,E,140,D
20241,05571912,28,5,1,51,E,150,D
20241,05571912,28,6,1,4,E,160,D
20241,05571912,28,7,1,4,E,170,D
20241,05571912,28,8,1,8,E,190,D
20241,05572762,28,0,1,,H,,A
20241,05572762,28,1,1,124,E,120,D
20241,05572762,28,2,1,18,E,140,D
20241,05572762,28,3,1,934,E,150,D
20241,05572762,28,4,1,89,E,160,D
20241,05572762,28,5,1,86,E,170,D
20241,05572762,28,6,1,149,E,190,D
20241,05572872,26,0,1,,H,,A
20241,05572872,26,1,1,135,E,100,D
20241,05572872,26,2,1,30,E,110,D
20241,05572872,26,3,1,54,E,120,D
20241,05572872,26,4,1,283,E,130,D
20241,05572872,26,5,1,8,E,140,D
20241,05572872,26,6,1,386,E,150,D
20241,05572872,26,7,1,26,E,160,D
20241,05572872,26,8,1,21,E,170,D
20241,05572872,26,9,1,5,E,180,D
20241,05572872,26,10,1,52,E,190,D
20241,05574321,38,0,1,,H,,A
20241,05574321,38,1,1,257,E,100,D
20241,05574321,38,2,1,50,E,110,D
20241,05574321,38,3,1,61,E,120,D
20241,05574321,38,4,1,407,E,130,D
20241,05574321,38,5,1,9,E,140,D
20241,05574321,38,6,1,738,E,150,D
20241,05574321,38,7,1,89,E,160,D
20241,05574321,38,8,1,53,E,170,D
20241,05574321,38,9,1,65,E,180,D
20241,05574321,38,10,1,86,E,190,D
20241,05574321,38,11,1,100,E,210,D
20241,05574321,38,12,1,85,E,220,D
20241,05575581,58,0,1,,H,,A
20241,05575581,58,1,1,249,E,100,D
20241,05575581,58,2,1,77,E,110,D
20241,05575581,58,3,1,83,E,120,D
20241,05575581,58,4,1,601,E,130,D
20241,05575581,58,5,1,18,E,140,D
20241,05575581,58,6,1,905,E,150,D
20241,05575581,58,7,1,96,E,160,D
20241,05575581,58,8,1,22,E,170,D
20241,05575581,58,9,1,1180,E,180,D
20241,05575581,58,10,1,96,E,190,D
20241,05575581,58,11,1,156,E,210,D
20241,05575581,58,12,1,17,E,220,D
20241,05576271,44,0,1,,H,,A
20241,05576271,44,1,1,86,E,120,D
20241,05576271,44,2,1,13,E,140,D
20241,05576271,44,3,1,670,E,150,D
20241,05576271,44,4,1,63,E,160,D
20241,05576271,44,5,1,62,E,170,D
20241,05576271,44,6,1,106,E,190,D
20241,05578221,35,0,1,,H,,A
20241,05578221,35,1,1,26,E,120,D
20241,05578221,35,2,1,148,E,130,D
20241,05578221,35,3,1,3,E,140,D
20241,05578221,35,4,1,268,E,150,D
20241,05578221,35,5,1,32,E,160,D
20241,05578221,35,6,1,19,E,170,D
20241,05578221,35,7,1,23,E,180,D
20241,05578221,35,8,1,31,E,190,D
20241,05578361,15,0,1,,H,,A
20241,05578361,15,1,1,1023,E,100,D
20241,05578361,15,2,1,177,E,110,D
20241,05580361,18,0,1,,H,,A
20241,05580361,18,1,1,26,E,120,D
20241,05580361,18,2,1,3,E,140,D
20241,05580361,18,3,1,275,E,150,D
20241,05580361,18,4,1,15,E,160,D
20241,05580361,18,5,1,15,E,170,D
20241,05580361,18,6,1,177,E,180,D
20241,05580361,18,7,1,22,E,190,D
20241,05580981,33,0,1,,H,,A
20241,05580981,33,1,1,886,E,100,D
20241,05580981,33,2,1,214,E,110,D
20241,05581461,51,0,1,,H,,A
20241,05581461,51,1,1,750,E,130,D
20241,05584501,24,0,1,,H,,A
20241,05584501,24,1,1,27,E,100,D
20241,05584501,24,2,1,6,E,110,D
20241,05584501,24,3,1,7,E,120,D
20241,05584501,24,4,1,51,E,130,D
20241,05584501,24,5,1,1,E,140,D
20241,05584501,24,6,1,77,E,150,D
20241,05584501,24,7,1,8,E,160,D
20241,05584501,24,8,1,1,E,170,D
20241,05584501,24,9,1,101,E,180,D
20241,05584501,24,10,1,8,E,190,D
20241,05584501,24,11,1,12,E,210,D
20241,05584501,24,12,1,1,E,220,D
20241,05586001,47,0,1,,H,,A
20241,05586001,47,1,1,91,E,130,D
20241,05586251,13,0,1,,H,,A
20241,05586251,13,1,1,6,E,120,D
20241,05586251,13,2,1,5,E,140,D
20241,05586251,13,3,1,48,E,150,D
20241,05586251,13,4,1,3,E,160,D
20241,05586251,13,5,1,2,E,170,D
20241,05586251,13,6,1,6,E,190,D
20241,05586381,30,0,1,,H,,A
20241,05586381,30,1,1,272,E,120,D
20241,05586381,30,2,1,1428,E,130,D
20241,05586381,30,3,1,42,E,140,D
20241,05586381,30,4,1,1941,E,150,D
20241,05586381,30,5,1,134,E,160,D
20241,05586381,30,6,1,107,E,170,D
20241,05586381,30,7,1,25,E,180,D
20241,05586381,30,8,1,264,E,190,D
20241,05586381,30,9,1,382,E,210,D
20241,05586381,30,10,1,405,E,220,D
20241,05586681,51,0,1,,H,,A
20241,05586681,51,1,1,35,E,120,D
20241,05586681,51,2,1,4,E,140,D
20241,05586681,51,3,1,367,E,150,D
20241,05586681,51,4,1,44,E,160,D
20241,05586681,51,5,1,26,E,170,D
20241,05586681,51,6,1,32,E,180,D
20241,05586681,51,7,1,42,E,190,D
20241,05588881,28,0,1,,H,,A
20241,05588881,28,1,1,146,E,120,D
20241,05588881,28,2,1,22,E,140,D
20241,05588881,28,3,1,1135,E,150,D
20241,05588881,28,4,1,108,E,160,D
20241,05588881,28,5,1,105,E,170,D
20241,05588881,28,6,1,184,E,190,D
20241,05589271,37,0,1,,H,,A
20241,05589271,37,1,1,42,E,100,D
20241,05589271,37,2,1,13,E,110,D
20241,05589271,37,3,1,14,E,120,D
20241,05589271,37,4,1,108,E,130,D
20241,05589271,37,5,1,3,E,140,D
20241,05589271,37,6,1,155,E,150,D
20241,05589271,37,7,1,16,E,160,D
20241,05589271,37,8,1,3,E,170,D
20241,05589271,37,9,1,202,E,180,D
20241,05589271,37,10,1,16,E,190,D
20241,05589271,37,11,1,25,E,210,D
20241,05589271,37,12,1,3,E,220,D
20241,05590571,24,0,1,,H,,A
20241,05590571,24,1,1,55,E,100,D
20241,05590571,24,2,1,11,E,110,D
20241,05590571,24,3,1,23,E,120,D
20241,05590571,24,4,1,122,E,130,D
20241,05590571,24,5,1,3,E,140,D
20241,05590571,24,6,1,239,E,150,D
20241,05590571,24,7,1,13,E,160,D
20241,05590571,24,8,1,13,E,170,D
20241,05590571,24,9,1,157,E,180,D
20241,05590571,24,10,1,19,E,190,D
20241,05590571,24,11,1,21,E,210,D
20241,05590571,24,12,1,24,E,220,D
20241,05594261,20,0,1,,H,,A
20241,05594261,20,1,1,30,E,120,D
20241,05594261,20,2,1,4,E,140,D
20241,05594261,20,3,1,307,E,150,D
20241,05594261,20,4,1,17,E,160,D
20241,05594261,20,5,1,17,E,170,D
20241,05594261,20,6,1,200,E,180,D
20241,05594261,20,7,1,25,E,190,D
20241,05596301,27,0,1,,H,,A
20241,05596301,27,1,1,60,E,100,D
20241,05596301,27,2,1,14,E,110,D
20241,05596301,27,3,1,22,E,120,D
20241,05596301,27,4,1,120,E,130,D
20241,05596301,27,5,1,3,E,140,D
20241,05596301,27,6,1,172,E,150,D
20241,05596301,27,7,1,16,E,160,D
20241,05596301,27,8,1,16,E,170,D
20241,05596301,27,9,1,27,E,190,D
20241,05597501,35,0,1,,H,,A
20241,05597501,35,1,1,21,E,100,D
20241,05597501,35,2,1,4,E,110,D
20241,05597501,35,3,1,8,E,120,D
20241,05597501,35,4,1,1,E,140,D
20241,05597501,35,5,1,90,E,150,D
20241,05597501,35,6,1,5,E,160,D
20241,05597501,35,7,1,5,E,170,D
20241,05597501,35,8,1,59,E,180,D
20241,05597501,35,9,1,7,E,190,D
20241,05600231,23,0,1,,H,,A
20241,05600231,23,1,1,41,E,120,D
20241,05600231,23,2,1,6,E,140,D
20241,05600231,23,3,1,468,E,150,D
20241,05600231,23,4,1,56,E,160,D
20241,05600231,23,5,1,34,E,170,D
20241,05600231,23,6,1,41,E,180,D
20241,05600231,23,7,1,54,E,190,D
20241,05601551,37,0,1,,H,,A
20241,05601551,37,1,1,117,E,100,D
20241,05601551,37,2,1,27,E,110,D
20241,05601551,37,3,1,48,E,120,D
20241,05601551,37,4,1,255,E,130,D
20241,05601551,37,5,1,7,E,140,D
20241,05601551,37,6,1,352,E,150,D
20241,05601551,37,7,1,24,E,160,D
20241,05601551,37,8,1,19,E,170,D
20241,05601551,37,9,1,4,E,180,D
20241,05601551,37,10,1,47,E,190,D
20241,05604781,30,0,1,,H,,A
20241,05604781,30,1,1,39,E,100,D
20241,05604781,30,2,1,9,E,110,D
20241,05604781,30,3,1,19,E,120,D
20241,05604781,30,4,1,8,E,140,D
20241,05604781,30,5,1,199,E,150,D
20241,05604781,30,6,1,11,E,160,D
20241,05604781,30,7,1,11,E,170,D
20241,05604781,30,8,1,130,E,180,D
20241,05604781,30,9,1,16,E,190,D
20241,05604781,30,10,1,18,E,210,D
20241,05604781,30,11,1,20,E,220,D
20241,05606281,39,0,1,,H,,A
20241,05606281,39,1,1,75,E,120,D
20241,05606281,39,2,1,11,E,140,D
20241,05606281,39,3,1,869,E,150,D
20241,05606281,39,4,1,104,E,160,D
20241,05606281,39,5,1,63,E,170,D
20241,05606281,39,6,1,77,E,180,D
20241,05606281,39,7,1,101,E,190,D
20241,05606601,21,0,1,,H,,A
20241,05606601,21,1,1,50,E,130,D
