consumer_unit_id,age_of_reference_person,education_level,region_code,income_range_code,total_annual_spending,spending_class
5090674,31,,West,1.0,65058.999999991,Medium
5090904,53,,Midwest,4.0,20460.7999999881,Low
5091064,37,,South,1.0,37321.4999999001,Medium
5091174,65,,Northeast,1.0,107015.400000999,Medium
5091294,46,,South,5.0,67298.99999989,Medium
5091324,38,,Midwest,1.0,142285.999999011,High
5091364,48,,South,1.0,64438.00000100001,Medium
5091464,53,,West,1.0,193423.00000099998,High
5091504,46,,South,1.0,55700.999999009,Medium
5091684,51,,West,1.0,244341.99999899,High
5091784,60,,South,1.0,260461.00000092998,High
5091874,44,,South,5.0,175866.000000902,High
5091894,45,,West,1.0,16879.999999999,Low
5092144,68,,West,5.0,206822.999999079,High
5092394,47,,Midwest,1.0,17707.999999991,Low
5092404,47,,Midwest,1.0,191270.00000103898,High
5092964,40,,West,1.0,231082.7999999789,High
5093114,56,,South,1.0,-578897.00000001,Low
5093204,35,,West,1.0,196788.99999892002,High
5093364,35,,Midwest,1.0,104026.199999998,Medium
5093414,58,,West,5.0,271048.500001019,High
5093534,53,,South,1.0,176234.999999022,High
5093824,43,,Northeast,1.0,112738.499998982,Medium
5093904,37,,South,1.0,108338.000000003,Medium
5093964,46,,Midwest,1.0,103254.0,Medium
5094064,64,,Northeast,1.0,105723.000000992,Medium
5094104,60,,Midwest,1.0,227695.000000999,High
5094234,33,,Northeast,4.0,247287.99999896812,High
5094314,39,,West,1.0,272565.00000092987,High
5094374,42,,South,1.0,176752.9999999091,High
5094494,51,,Northeast,5.0,34404.99999999,Medium
5094684,72,,West,1.0,8305.999999999,Low
5094734,67,,Northeast,1.0,303328.250002068,High
5094824,60,,South,2.0,84184.99999899999,Medium
5094904,29,,Midwest,1.0,84489.999998988,Medium
5094914,50,,South,1.0,85933.000000009,Medium
5095344,27,,Northeast,1.0,15262.0000000009,Low
5095544,41,,South,1.0,8504.9999999811,Low
5095564,43,,Northeast,1.0,130794.599999988,High
5095744,44,,West,1.0,118060.00000101999,High
5095794,63,,West,1.0,23746.000000002,Low
5095854,54,,West,1.0,159246.999999991,High
5096174,38,,Midwest,1.0,39465.000000092,Medium
5096274,75,,West,1.0,54137.99999979,Medium
5096344,47,,Midwest,4.0,111576.999999973,Medium
5096354,52,,Midwest,1.0,267764.999999009,High
5096364,28,,Midwest,3.0,90897.99999999,Medium
5096464,35,,Midwest,4.0,14775.999999994,Low
5096684,33,,West,1.0,125443.0000010009,High
5096714,67,,Midwest,1.0,55934.49999999,Medium
5096764,53,,West,1.0,307340.000000901,High
5096804,35,,South,4.0,541760.99999897,High
5096944,39,,Midwest,1.0,41840.999999961,Medium
5096984,59,,Midwest,4.0,92709.99999901009,Medium
5097084,34,,Midwest,1.0,11095.9999999998,Low
5097234,54,,Northeast,1.0,92777.99999999,Medium
5097334,61,,South,1.0,145523.0000010102,High
5097554,47,,Northeast,1.0,105259.999999983,Medium
5097664,32,,Midwest,1.0,37746.000000072,Medium
5097724,30,,Midwest,1.0,103018.50000003,Medium
5097874,56,,South,1.0,15299.500000119,Low
5097934,35,,South,1.0,110637.99999998,Medium
5098064,51,,Midwest,4.0,79790.99999898899,Medium
5098264,75,,Northeast,1.0,59111.799999001,Medium
5098314,50,,Northeast,5.0,200758.999999849,High
5098344,53,,West,1.0,135561.00000101,High
5098464,43,,South,1.0,33462.9999998981,Medium
5098614,47,,South,1.0,16151.999999971,Low
5098634,42,,South,5.0,70700.999999931,Medium
5098674,46,,South,1.0,258308.000001,High
5098694,53,,Northeast,1.0,195823.999998988,High
5098714,57,,South,5.0,171858.00000089,High
5098854,38,,West,1.0,21898.999999981,Low
5098894,47,,South,1.0,100223.9999999911,Medium
5099004,36,,South,2.0,136560.000000999,High
5099204,30,,West,1.0,24239.0,Low
5099394,46,,Northeast,1.0,16649.600000083,Low
5099564,61,,South,5.0,318599.99999981996,High
5099904,51,,Northeast,1.0,557281.24999006,High
5099944,49,,West,4.0,259927.999999889,High
5100234,57,,Northeast,4.0,85620.000001023,Medium
5100264,44,,Northeast,1.0,226950.25,High
5100374,65,,Midwest,1.0,75544.99999899599,Medium
5100494,41,,West,1.0,195622.000000881,High
5100584,63,,South,1.0,206681.2999989821,High
5101064,24,,South,1.0,13942.000000001,Low
5101214,54,,Northeast,4.0,111575.99999901,Medium
5101224,55,,Northeast,4.0,158048.250000991,High
5101254,64,,Northeast,5.0,92910.000001007,Medium
5101314,52,,South,1.0,446852.900000279,High
5101334,36,,Northeast,1.0,201392.999999032,High
5101414,33,,South,1.0,96942.00000003,Medium
5101724,66,,West,3.0,102249.00000101,Medium
5101834,64,,West,5.0,94092.000000991,Medium
5101894,55,,South,1.0,283276.9999999401,High
5101954,37,,South,1.0,265027.99999902013,High
5102544,69,,West,5.0,566511.249989969,High
5102564,40,,Midwest,1.0,124709.000000992,High
5102584,54,,West,1.0,195654.499999899,High
5102804,51,,South,5.0,89277.750001019,Medium
5102814,53,,South,1.0,15590.0,Low
5102894,43,,West,1.0,190032.00000097,High
5103114,46,,West,1.0,581222.4999901789,High
5103144,26,,South,1.0,210558.00000002098,High
5103384,40,,West,1.0,280638.999998998,High
5103424,49,,Midwest,1.0,53929.000001007,Medium
5103484,69,,South,1.0,41331.000000099004,Medium
5103554,58,,Midwest,1.0,79908.99999897,Medium
5103694,36,,South,2.0,119682.000000011,High
5103784,32,,Midwest,1.0,56003.999998997,Medium
5103894,42,,West,3.0,140322.000000019,High
5104044,39,,South,1.0,99472.999999998,Medium
5104324,29,,South,1.0,17878.000000001,Low
5104364,73,,West,1.0,245519.999998911,High
5104384,61,,Midwest,1.0,163910.200000978,High
5104404,42,,West,1.0,11664.00000001,Low
5104434,74,,South,1.0,72263.0000000111,Medium
5104554,47,,Northeast,3.0,13830.000000009,Low
5104864,42,,West,1.0,257132.9999998599,High
5104874,38,,South,1.0,143966.999999919,High
5104964,49,,South,4.0,22777.99999988,Low
5104994,64,,Northeast,1.0,106712.999998979,Medium
5105014,35,,South,5.0,139299.0000010008,High
5105024,29,,South,2.0,14394.000000011,Low
5105084,42,,Midwest,1.0,76690.999999992,Medium
5105154,35,,Midwest,1.0,50053.00000007,Medium
5105174,50,,Northeast,1.0,195713.499999019,High
5105214,26,,South,3.0,87265.99999900309,Medium
5105244,53,,West,1.0,209882.000000001,High
5105424,28,,Midwest,1.0,43059.000000007,Medium
5105534,52,,West,3.0,127700.000001013,High
5105544,59,,Midwest,4.0,66862.000000992,Medium
5105564,30,,West,2.0,114629.000001001,Medium
5105634,42,,South,5.0,174841.999998991,High
5105654,40,,Midwest,1.0,145568.999999912,High
5105694,60,,South,5.0,132359.00000001,High
5105744,39,,West,1.0,21107.999999931002,Low
5105804,28,,West,5.0,17653.999999989,Low
5106034,55,,West,2.0,198225.000000002,High
5106144,64,,Midwest,4.0,239852.999998801,High
5106254,62,,West,5.0,26059.999999921,Low
5106274,31,,South,1.0,9845.999999999,Low
5106434,38,,West,1.0,524701.999990011,High
5106464,63,,Northeast,1.0,54454.499999981,Medium
5106564,30,,South,1.0,21847.99999998,Low
5106664,54,,South,1.0,33799.75,Medium
5106674,80,,South,5.0,289901.3999989791,High
5106714,53,,South,1.0,11220.000000012,Low
5106734,31,,Midwest,4.0,148865.599999909,High
5106934,37,,West,5.0,21445.199999991,Low
5106994,57,,West,5.0,165319.00000102998,High
5107004,54,,South,1.0,74994.499999002,Medium
5107014,68,,West,4.0,11039.0000000221,Low
5107064,41,,Northeast,1.0,126690.99999899301,High
5107094,29,,South,1.0,38905.999999891,Medium
5107164,40,,South,1.0,79128.5,Medium
5107224,68,,West,1.0,182627.999999021,High
5107274,69,,Northeast,1.0,112277.999998991,Medium
5107464,33,,West,1.0,128852.99999999,High
5107504,18,,West,1.0,17974.000000021,Low
5107644,46,,South,4.0,146260.999998972,High
5107814,49,,Midwest,1.0,85565.9999999811,Medium
5107824,63,,Northeast,2.0,199080.250000101,High
5107834,62,,South,1.0,6555.0,Low
5107924,54,,West,4.0,266384.000000022,High
5108024,50,,South,1.0,111396.49999989,Medium
5108144,39,,South,5.0,193081.99999899,High
5108264,81,,West,5.0,387337.00000099,High
5108384,58,,Northeast,1.0,11702.000000012,Low
5108484,56,,South,1.0,13626.99999991,Low
5108544,27,,West,1.0,10504.0,Low
5108574,39,,Midwest,1.0,125751.75000001899,High
5108794,41,,West,1.0,540617.249990119,High
5108974,38,,Northeast,1.0,199872.999999101,High
5109064,44,,Northeast,4.0,190277.99999901,High
5109314,35,,South,1.0,30153.500000089,Medium
5109374,70,,South,1.0,117278.00000097901,High
5109434,70,,South,1.0,677039.00000002,High
5109604,46,,Midwest,3.0,134360.999999931,High
5109734,37,,Northeast,1.0,37651.000000009,Medium
5110354,30,,South,1.0,150806.999998993,High
5110444,40,,South,1.0,107687.00000099,Medium
5110494,37,,South,4.0,19042.99999992,Low
5110574,61,,South,1.0,74489.00000101,Medium
5110704,44,,South,1.0,183980.600000092,High
5110724,58,,South,1.0,530139.249990079,High
5110734,47,,Midwest,4.0,130482.00000099001,High
5110824,55,,South,1.0,36771.0000000199,Medium
5111074,66,,Northeast,3.0,192669.4999989801,High
5111094,23,,West,1.0,10915.000000003,Low
5111274,52,,Midwest,4.0,145922.99999999,High
5111394,63,,Northeast,1.0,120115.00000103301,High
5111404,65,,South,1.0,91308.0,Medium
5111524,69,,Northeast,1.0,101151.000000989,Medium
5111634,44,,Northeast,1.0,186140.00000102,High
5112074,36,,South,1.0,64043.999999910004,Medium
5112164,40,,West,1.0,198012.20000097898,High
5112194,29,,West,1.0,27495.999999891,Low
5112374,51,,Midwest,4.0,119531.50000093,High
5112644,36,,West,1.0,253674.0,High
5112784,67,,South,3.0,60590.999999018,Medium
5113004,31,,South,1.0,14336.000000011,Low
5113034,60,,Northeast,4.0,137525.2500001,High
5113044,62,,South,1.0,151147.999999011,High
5113074,34,,Northeast,1.0,104647.49999897,Medium
5113254,43,,South,1.0,81253.0000000009,Medium
5113524,62,,Midwest,3.0,105650.000000009,Medium
5113634,48,,West,1.0,274383.999998999,High
5113664,45,,Northeast,1.0,112718.999998899,Medium
5114004,41,,South,1.0,306493.800001001,High
5114204,52,,Midwest,1.0,60037.000000021,Medium
5114384,49,,South,5.0,137872.999999999,High
5114434,66,,West,1.0,256481.999999011,High
5114544,38,,South,1.0,113331.00000098,Medium
5114654,66,,South,1.0,207265.00000899,High
5114684,46,,Midwest,1.0,100876.7499998911,Medium
5114824,47,,Midwest,1.0,71417.999999992,Medium
5114954,73,,West,1.0,522065.749990011,High
5115174,37,,South,3.0,127862.99999899001,High
5115234,63,,West,1.0,52516.9999990111,Medium
5115274,64,,West,2.0,274387.249999,High
5115294,35,,Northeast,1.0,246408.999999001,High
5115394,44,,Midwest,5.0,233139.250000109,High
5115494,27,,West,1.0,18777.000000012,Low
5115584,45,,West,1.0,13585.00000003,Low
5115714,34,,Northeast,1.0,27967.9999999082,Low
5115754,36,,South,1.0,103148.999998977,Medium
5115784,52,,West,4.0,207200.000000019,High
5115794,43,,Midwest,1.0,58853.0000008898,Medium
5115844,57,,Northeast,5.0,139642.000000011,High
5116004,62,,South,1.0,8265.000000001,Low
5116034,61,,West,1.0,15783.9999998891,Low
5116084,60,,Midwest,1.0,56188.500000987995,Medium
5116124,32,,South,1.0,79536.750000996,Medium
5116294,57,,South,1.0,102938.0000009701,Medium
5116414,60,,Midwest,1.0,138596.749999911,High
5116424,41,,Midwest,1.0,327721.249999172,High
5116504,60,,Midwest,1.0,100725.00000004101,Medium
5116564,49,,West,5.0,18652.999999999,Low
5116654,71,,Northeast,1.0,265745.400000029,High
5116834,62,,South,1.0,11053.00000002,Low
5116894,59,,Northeast,1.0,125898.50000003,High
5116934,49,,South,5.0,264866.249999991,High
5116944,41,,West,3.0,540804.2499900889,High
5117024,31,,West,1.0,16459.99999993,Low
5117204,58,,West,1.0,228242.999999988,High
5117294,37,,Midwest,1.0,84088.999998911,Medium
5117434,37,,Midwest,1.0,113107.000000021,Medium
5117444,60,,Midwest,1.0,66921.000000958,Medium
5117484,55,,West,5.0,275473.399998999,High
5117624,77,,South,1.0,192358.000001009,High
5117744,53,,Northeast,1.0,142114.999999972,High
5117954,62,,Midwest,1.0,129337.99999899301,High
5117974,38,,South,1.0,136177.99999991,High
5117984,27,,South,3.0,15543.000000012,Low
5118164,81,,Midwest,5.0,151787.99999889202,High
5118274,55,,South,1.0,172277.999998932,High
5118394,32,,Northeast,1.0,217852.74999909,High
5118464,29,,West,1.0,10367.9999999899,Low
5118494,45,,Midwest,1.0,54139.000000879,Medium
5118554,41,,West,1.0,264872.99999894,High
5118794,43,,South,1.0,15525.0,Low
5118824,56,,West,1.0,222632.749999998,High
5118884,58,,Northeast,1.0,82178.000001001,Medium
5119174,31,,South,1.0,24829.4999999901,Low
5119204,37,,West,1.0,30193.000000011,Medium
5119284,56,,West,5.0,227219.9999991,High
5119384,67,,Northeast,5.0,88462.999998999,Medium
5119394,52,,West,1.0,177813.00000002,High
5119434,47,,Midwest,1.0,104962.99999889,Medium
5119454,50,,South,2.0,156137.00000097998,High
5119984,52,,South,4.0,67362.000001007,Medium
5120044,38,,West,1.0,81464.99999991,Medium
5120074,45,,South,1.0,93996.0000010208,Medium
5120084,44,,West,1.0,291552.99999897,High
5120204,51,,Midwest,1.0,71413.000000011,Medium
5120244,59,,Midwest,1.0,35201.999999889995,Medium
5120254,24,,West,1.0,143635.25000100798,High
5120384,54,,Northeast,1.0,114798.000001031,Medium
5120454,40,,West,1.0,20702.00000001,Low
5120544,72,,West,3.0,122136.49999902911,High
5120614,51,,Northeast,1.0,65681.00000098,Medium
5120764,64,,West,1.0,121620.000000011,High
5120774,78,,West,1.0,225554.00000098,High
5120854,27,,South,1.0,12919.999999999,Low
5120914,60,,South,1.0,14457.999999978,Low
5120954,42,,Northeast,1.0,11338.9999999991,Low
5120984,37,,Midwest,1.0,87429.999998919,Medium
5121024,41,,Northeast,1.0,352784.2500009989,High
5121144,44,,South,4.0,27501.00000001,Low
5121224,30,,Midwest,1.0,59288.999998998,Medium
5121244,38,,South,1.0,180018.99999994,High
5121434,61,,South,1.0,130930.00000098,High
5121664,58,,West,5.0,260239.999999999,High
5121824,29,,South,1.0,109077.75000100001,Medium
5121934,38,,South,1.0,111500.999999989,Medium
5122194,57,,West,1.0,369273.2500000911,High
5122264,28,,Midwest,1.0,105255.99999991,Medium
5122294,26,,Northeast,3.0,232904.00000089,High
5122394,64,,South,1.0,10951.0,Low
5122434,75,,South,1.0,61608.999999,Medium
5122554,70,,South,3.0,226625.00000101,High
5122594,50,,South,1.0,15217.000000006,Low
5122674,44,,West,1.0,44749.999999912,Medium
5122744,43,,South,1.0,131506.99999999,High
5122774,56,,Northeast,1.0,22060.999999982,Low
5123154,29,,South,1.0,20459.0000000101,Low
5123164,43,,Northeast,1.0,121666.24999999,High
5123184,61,,Midwest,1.0,231136.250001079,High
5123294,49,,West,1.0,630711.249989928,High
5123504,72,,South,1.0,303077.249999,High
5123524,39,,Midwest,4.0,143922.99999900901,High
5123774,56,,Northeast,1.0,146426.000001011,High
5123854,58,,South,5.0,107997.749999,Medium
5124074,47,,South,1.0,119534.000000021,High
5124124,36,,Midwest,5.0,76580.750000971,Medium
5124204,25,,Northeast,1.0,15364.999999999,Low
5124484,34,,West,4.0,184931.7999999799,High
5124564,59,,South,1.0,90950.999999001,Medium
5124624,24,,South,1.0,13528.000000009,Low
5124794,49,,West,1.0,227121.999998993,High
5124934,55,,Midwest,1.0,97004.999999983,Medium
5124954,40,,West,1.0,43333.9999998,Medium
5125034,64,,South,1.0,131792.500000011,High
5125114,34,,South,1.0,68805.00000101101,Medium
5125214,49,,Northeast,3.0,93131.9999999999,Medium
5125224,52,,West,1.0,206093.00000101,High
5125324,44,,South,1.0,95315.499999989,Medium
5201613,50,,South,3.0,10742.999999998,Low
5201663,71,,South,1.0,140818.999999869,High
5201693,33,,South,1.0,245129.999999101,High
5201743,40,,West,1.0,16952.0000000071,Low
5201773,24,,South,1.0,76263.99999899999,Medium
5201873,40,,South,1.0,146680.999999983,High
5201883,64,,West,1.0,30258.000000001,Medium
5201933,45,,South,1.0,369442.65000004997,High
5201993,48,,Midwest,1.0,47121.000000113,Medium
5202043,25,,Northeast,1.0,100289.99999899999,Medium
5202403,59,,Northeast,4.0,40116.999999882,Medium
5202423,26,,Midwest,1.0,17005.0000000009,Low
5202443,60,,West,1.0,190141.00000101,High
5202543,28,,South,3.0,320346.9999999989,High
5202813,27,,Northeast,1.0,134348.999999969,High
5203053,63,,South,1.0,199027.50000099998,High
5203073,33,,West,1.0,211664.99999999002,High
5203213,31,,Northeast,1.0,96437.9999998499,Medium
5203343,24,,Midwest,1.0,152491.7500009871,High
5203383,66,,Northeast,5.0,121067.0000000201,High
5203413,42,,West,2.0,129916.99999893,High
5203583,52,,West,1.0,279482.99999997,High
5203663,49,,Northeast,1.0,165196.000001002,High
5203763,42,,Northeast,1.0,105411.999999018,Medium
5203863,42,,South,1.0,138520.999998901,High
5203973,38,,West,1.0,19021.249999091993,Low
5204393,37,,South,5.0,13577.0000000089,Low
5204403,60,,Northeast,1.0,238567.99999896903,High
5204413,62,,West,1.0,542528.9999899109,High
5204613,37,,Northeast,1.0,208896.999999933,High
5204643,41,,West,1.0,277843.999998982,High
5204953,35,,West,1.0,100432.000000022,Medium
5205513,74,,Midwest,5.0,209385.0000010201,High
5205763,79,,Midwest,5.0,9075.999999999,Low
5205783,52,,Midwest,2.0,70891.50000089781,Medium
5205843,71,,West,4.0,119289.99999899011,High
5205853,56,,South,1.0,75045.0000009791,Medium
5205863,59,,South,1.0,273377.19999909,High
5205953,52,,Midwest,1.0,327172.000001002,High
5206073,43,,West,1.0,219265.9999990322,High
5206143,31,,South,4.0,406079.999999901,High
5206233,64,,West,5.0,210277.999999998,High
5206383,46,,South,1.0,182200.00000099099,High
5206453,31,,Northeast,1.0,78835.999999009,Medium
5206473,40,,Northeast,1.0,247640.000000999,High
5206483,52,,South,3.0,94214.00000000901,Medium
5206593,52,,Northeast,1.0,16115.9999999,Low
5206663,31,,Midwest,3.0,136887.000000909,High
5206743,43,,West,5.0,175007.5000009909,High
5206913,45,,West,3.0,106730.499999009,Medium
5207033,31,,South,1.0,19986.00000002,Low
5207073,54,,South,5.0,49039.9999999999,Medium
5207253,57,,South,2.0,214109.50000101,High
5207303,77,,Midwest,1.0,88459.74999993,Medium
5207353,50,,Northeast,5.0,222583.000001001,High
5207383,53,,South,1.0,207938.999999958,High
5207403,47,,South,1.0,34372.999999901,Medium
5207543,37,,Midwest,1.0,216277.999999001,High
5207673,47,,Midwest,1.0,108872.0500012,Medium
5207713,66,,Northeast,4.0,201427.999998977,High
5207723,60,,West,2.0,128160.00000101101,High
5207963,52,,South,1.0,227961.250001089,High
5208003,42,,Northeast,5.0,94207.999999981,Medium
5208103,55,,South,5.0,344178.00000096,High
5208173,50,,West,5.0,220168.3499999929,High
5208233,56,,South,1.0,65220.9999999911,Medium
5208253,33,,South,1.0,12351.0,Low
5208473,61,,West,1.0,201787.999999999,High
5208553,43,,Midwest,1.0,88714.999998988,Medium
5208703,49,,South,1.0,315938.24999889,High
5208773,26,,South,3.0,19136.0,Low
5209123,49,,South,1.0,406446.499999921,High
5209333,54,,South,1.0,61402.5000000011,Medium
5209373,47,,South,1.0,200078.000000001,High
5209433,50,,South,1.0,12396.999999993,Low
5209853,60,,West,1.0,531504.249990009,High
5210143,48,,Northeast,1.0,294031.000000109,High
5210313,46,,Midwest,1.0,59042.999999984,Medium
5210433,52,,South,1.0,243627.999999989,High
5210513,43,,Midwest,1.0,5412.500001091994,Low
5210553,26,,Northeast,1.0,7976.999999991,Low
5210623,55,,Northeast,5.0,340423.250001082,High
5210693,42,,West,3.0,260718.000000081,High
5210703,61,,Midwest,1.0,62267.00000098901,Medium
5210743,46,,West,1.0,537618.24999013,High
5210803,30,,South,1.0,15282.9999999789,Low
5211013,48,,West,4.0,251125.999998962,High
5211053,36,,West,1.0,363574.00001010904,High
5211143,67,,West,1.0,221096.00000097998,High
5211343,32,,West,1.0,426891.000001012,High
5211383,47,,South,1.0,10538.000000001,Low
5211403,59,,Northeast,1.0,154007.7500008909,High
5211513,74,,South,5.0,81058.00000002,Medium
5211543,51,,West,1.0,14766.999999999,Low
5211673,42,,West,1.0,225031.9999999,High
5211793,46,,Midwest,1.0,9716.000000001,Low
5211833,45,,Northeast,4.0,84725.9999990191,Medium
5211903,29,,West,1.0,519204.9999899601,High
5212013,77,,South,3.0,156365.00000102998,High
5212063,29,,South,1.0,10612.000000001,Low
5212133,87,,West,1.0,17193.499999890002,Low
5212153,49,,South,3.0,99202.00000101101,Medium
5212353,51,,Northeast,1.0,16225.999999909,Low
5212463,51,,Midwest,3.0,163773.24999918102,High
5212583,48,,Northeast,5.0,262663.99999993097,High
5212633,40,,South,1.0,86182.99999901009,Medium
5212663,51,,West,1.0,242029.00000097998,High
5212683,61,,South,1.0,292644.99999902095,High
5212723,41,,Midwest,1.0,49116.999999977,Medium
5212793,69,,West,1.0,254385.999999,High
5213023,58,,Midwest,1.0,78396.9999990201,Medium
5213063,49,,South,1.0,47057.4999999851,Medium
5213113,62,,West,1.0,13979.000000011,Low
5213163,71,,Northeast,1.0,135127.000000971,High
5213263,25,,Midwest,1.0,19458.000000001,Low
5213363,27,,Northeast,1.0,17395.999999959,Low
5213413,46,,Northeast,2.0,159456.499999012,High
5213423,59,,South,5.0,199859.000001,High
5213603,54,,Midwest,4.0,99867.000000108,Medium
5213703,34,,South,1.0,35311.000000029,Medium
5213873,41,,West,1.0,172450.0000000222,High
5214013,61,,Northeast,1.0,90347.99999902,Medium
5214103,39,,South,1.0,122519.99999902,High
5214143,75,,Northeast,1.0,135227.99999898102,High
5214183,54,,South,1.0,61490.4,Medium
5214353,47,,Midwest,1.0,170606.000000981,High
5214433,52,,Midwest,1.0,153203.999999931,High
5214513,43,,Northeast,1.0,323887.499999193,High
5214543,59,,West,1.0,549144.99999004,High
5214643,87,,West,1.0,90344.00000101101,Medium
5214683,45,,West,1.0,146173.00000102,High
5214933,37,,South,1.0,78465.99999899999,Medium
5214983,30,,South,1.0,90829.000000022,Medium
5215033,42,,Northeast,1.0,25729.999999911,Low
5215103,30,,South,3.0,109611.000000998,Medium
5215143,52,,Northeast,1.0,15595.99999999,Low
5215183,51,,Northeast,1.0,154509.400000893,High
5215223,32,,West,1.0,16835.0000000281,Low
5215553,24,,Midwest,1.0,9162.000000009,Low
5215563,60,,South,1.0,224326.000000018,High
5215613,67,,West,1.0,47877.000000003,Medium
5215793,47,,Midwest,5.0,219971.999999881,High
5215823,65,,West,1.0,195684.00000102,High
5215853,87,,Midwest,5.0,2493.0,Low
5215963,62,,Northeast,5.0,356915.749999897,High
5216013,42,,West,1.0,21558.999999890002,Low
5216053,66,,South,1.0,131142.00000102,High
5216073,62,,Midwest,1.0,62557.000000991,Medium
5216083,50,,West,1.0,222363.000001003,High
5216193,72,,West,1.0,186157.000001,High
5216233,41,,Midwest,1.0,62055.000001001004,Medium
5216483,48,,West,2.0,524677.999990021,High
5216613,54,,Midwest,1.0,124770.000000889,High
5216664,39,,West,1.0,195718.000000988,High
5216713,60,,Northeast,1.0,186102.50000099,High
5216893,60,,West,1.0,333580.999999928,High
5216903,51,,West,4.0,184330.0000000111,High
5216993,48,,Midwest,1.0,147646.99999999,High
5217003,52,,West,1.0,537465.249990069,High
5217013,66,,South,1.0,50166.000000989996,Medium
5217183,51,,Midwest,5.0,12011.0,Low
5217233,46,,South,1.0,95891.00000101101,Medium
5217263,56,,Northeast,1.0,81468.999998979,Medium
5217403,54,,Northeast,1.0,193520.999999133,High
5217503,72,,South,1.0,51554.99999999,Medium
5217633,58,,West,1.0,255732.999998921,High
5217673,59,,Midwest,1.0,79600.00000099,Medium
5217853,35,,West,1.0,239287.00000102,High
5217923,31,,South,1.0,101397.999998908,Medium
5218033,55,,South,5.0,127508.25000098,High
5218063,42,,West,1.0,551803.4999899099,High
5218643,24,,West,1.0,8133.0,Low
5218653,43,,South,1.0,381554.000000002,High
5218673,27,,South,1.0,249130.99999997,High
5218813,42,,South,1.0,21438.999999911,Low
5218883,37,,South,3.0,99732.00000002,Medium
5218983,33,,West,1.0,284697.0000009031,High
5219023,62,,South,1.0,569419.499990098,High
5219033,66,,South,3.0,153343.00000001088,High
5219063,47,,West,1.0,215931.99999896,High
5219223,63,,West,1.0,25923.4999999,Low
5219263,52,,South,1.0,45645.9999999821,Medium
5219313,76,,West,5.0,144226.50000101,High
5219353,40,,Midwest,1.0,150984.999999098,High
5219373,45,,South,1.0,108400.000000898,Medium
5219563,56,,South,1.0,117618.00000090801,High
5219603,40,,South,3.0,100006.999999922,Medium
5219633,46,,Northeast,1.0,79285.99999898899,Medium
5219813,53,,West,1.0,116409.9999989321,High
5219924,46,,Midwest,1.0,327750.999998989,High
5219943,60,,Midwest,1.0,93421.4,Medium
5219953,50,,West,1.0,233505.00000101,High
5220153,48,,South,1.0,158029.000001001,High
5220173,49,,West,4.0,145434.249998798,High
5220243,50,,Midwest,1.0,179021.00000001,High
5220353,47,,Midwest,4.0,96405.00000001,Medium
5220413,50,,Midwest,1.0,85186.9999990291,Medium
5220493,36,,South,1.0,85095.000000989,Medium
5220533,43,,West,2.0,113315.749999911,Medium
5220633,42,,West,1.0,154757.999999011,High
5220693,47,,South,4.0,102635.999999869,Medium
5220863,40,,West,1.0,20028.00000001,Low
5220873,35,,South,1.0,19741.9999999989,Low
5220913,40,,Northeast,1.0,470633.49999702105,High
5221183,31,,South,1.0,31458.500000119,Medium
5221213,43,,West,5.0,19957.99999999,Low
5221283,35,,South,1.0,111412.000001002,Medium
5221383,54,,South,1.0,100418.99999899,Medium
5221403,38,,Northeast,1.0,41522.999999961,Medium
5221503,48,,South,1.0,103311.999999991,Medium
5221513,46,,South,4.0,130410.99999901201,High
5221613,29,,Northeast,1.0,63277.0000000202,Medium
5221673,68,,Northeast,1.0,16339.000000001,Low
5221883,42,,South,3.0,137043.99999901,High
5221933,41,,Northeast,1.0,190025.000000887,High
5221963,36,,West,1.0,22252.0,Low
5222003,59,,West,1.0,172628.000000019,High
5222103,64,,South,5.0,115072.999999,Medium
5222143,39,,West,1.0,12172.199999991999,Low
5222233,41,,Northeast,1.0,167969.999998999,High
5222333,67,,Midwest,1.0,60117.999999,Medium
5222373,28,,South,1.0,49977.000000012,Medium
5222433,45,,South,1.0,299952.999999,High
5222453,31,,Northeast,1.0,56379.999999911,Medium
5222523,43,,South,1.0,58679.000000991,Medium
5222593,46,,West,3.0,271301.999999017,High
5222683,33,,South,1.0,143118.000000988,High
5222933,57,,West,1.0,165511.00000102,High
5222953,47,,South,1.0,161105.0000009881,High
5222983,67,,West,1.0,23706.600000009,Low
5223093,31,,West,1.0,211716.000000009,High
5223303,53,,South,1.0,153936.00000112,High
5223383,59,,Northeast,1.0,188695.999998999,High
5223413,61,,Northeast,1.0,92441.00000001,Medium
5223433,36,,South,5.0,148704.99999993,High
5223643,70,,Northeast,5.0,757253.000000929,High
5223653,39,,West,1.0,9299.999999999,Low
5223913,53,,South,1.0,181352.25000099,High
5223963,69,,South,1.0,301912.250001119,High
5224133,62,,West,1.0,563645.999990031,High
5224143,38,,Northeast,5.0,76574.99999999,Medium
5224163,23,,Northeast,1.0,12557.0,Low
5224233,50,,South,1.0,36726.0,Medium
5224343,44,,South,2.0,75611.000001012,Medium
5224423,56,,Midwest,1.0,142502.5000010019,High
5224613,33,,South,1.0,8806.000000009,Low
5224643,52,,West,5.0,61791.9999999701,Medium
5224793,23,,South,1.0,15373.000000062,Low
5224933,62,,Northeast,1.0,197954.9999999811,High
5225003,59,,Northeast,3.0,75515.249999971,Medium
5225013,47,,South,1.0,125802.00000002,High
5225063,50,,West,1.0,296481.99999892,High
5225193,45,,Northeast,1.0,199948.000000002,High
5225213,65,,West,1.0,17650.0,Low
5225263,69,,Midwest,1.0,54332.99999899,Medium
5225583,55,,Midwest,1.0,150990.0000010111,High
5225743,78,,West,5.0,180041.500001109,High
5225803,47,,West,1.0,127063.000001009,High
5226033,32,,South,1.0,86931.499999011,Medium
5226053,32,,Northeast,3.0,67617.000000997,Medium
5226153,50,,South,4.0,511015.499989899,High
5226163,54,,South,1.0,9132.999999999,Low
5226303,32,,South,2.0,98655.000000998,Medium
5226383,42,,South,1.0,101089.000000011,Medium
5226423,62,,Midwest,4.0,218101.000000078,High
5226463,47,,South,1.0,105223.99999899999,Medium
5226763,55,,West,3.0,228625.4999990188,High
5226903,38,,West,1.0,269834.999998929,High
5226963,58,,Northeast,1.0,120980.0,High
5227593,36,,West,1.0,22253.75,Low
5227673,56,,West,1.0,38898.999999899,Medium
5227773,60,,Northeast,1.0,562011.24999018,High
5227953,42,,West,5.0,31856.000000029,Medium
5227993,35,,West,1.0,17424.0,Low
5228263,29,,South,1.0,9970.000000011,Low
5228293,46,,South,1.0,76753.69999897099,Medium
5228453,37,,South,1.0,154779.999999021,High
5228633,38,,West,1.0,309093.000000929,High
5228873,42,,South,1.0,70154.999999899,Medium
5229053,63,,Midwest,1.0,9002.99999999,Low
5229183,31,,Midwest,1.0,19218.999999988,Low
5229203,80,,South,5.0,70056.99999899999,Medium
5229263,26,,South,3.0,17727.000000011,Low
5229303,36,,Northeast,1.0,143722.00000102,High
5229453,45,,West,1.0,20536.9999999899,Low
5229503,35,,Midwest,1.0,98885.99999897099,Medium
5229533,49,,Midwest,1.0,60033.249999922,Medium
5229583,61,,South,5.0,134459.0,High
5229603,60,,West,1.0,353196.999999901,High
5230223,35,,Northeast,3.0,111843.000001001,Medium
5230323,53,,South,5.0,114379.999999002,Medium
5230613,42,,South,1.0,142994.999999021,High
5230683,58,,South,1.0,99487.999999901,Medium
5230753,70,,Northeast,1.0,10375.0000000099,Low
5230803,56,,South,1.0,40645.000000109,Medium
5230813,65,,Northeast,1.0,25132.99999998,Low
5231013,51,,West,5.0,247116.5000009719,High
5231023,32,,Midwest,1.0,20801.999999881,Low
5231043,42,,West,3.0,97210.9999989401,Medium
5231053,70,,West,1.0,182692.9999999211,High
5231153,33,,Northeast,5.0,115175.000000009,Medium
5231233,33,,West,1.0,36264.000000011,Medium
5231243,41,,Midwest,4.0,194502.9999989909,High
5231313,81,,South,1.0,265063.499999999,High
5231323,43,,South,2.0,11623.0000000011,Low
5231343,65,,South,1.0,83396.9999989879,Medium
5231413,47,,Northeast,1.0,24128.9999999111,Low
5231433,33,,South,1.0,55960.999999991,Medium
5231533,73,,Midwest,5.0,128743.000001001,High
5231693,56,,South,1.0,17334.999999983,Low
5232023,42,,South,1.0,281948.000001031,High
5232073,48,,South,1.0,7283.999999991,Low
5232093,37,,West,1.0,187152.00000091,High
5232163,35,,South,2.0,117835.999999,High
5232213,67,,Midwest,5.0,56865.000000021,Medium
5232223,53,,Midwest,1.0,74906.50000101,Medium
5232243,55,,West,3.0,546825.249990121,High
5232323,64,,West,1.0,344481.9999999,High
5232373,46,,West,1.0,10591.9999999911,Low
5232383,38,,Midwest,1.0,32594.499999991,Medium
5232713,72,,West,1.0,162663.9999999091,High
5232793,40,,South,1.0,212969.000000988,High
5233073,44,,Midwest,1.0,159375.249999899,High
5233083,32,,South,1.0,18287.0,Low
5233353,58,,West,1.0,82237.00000102901,Medium
5233423,45,,Midwest,1.0,80733.999999001,Medium
5233553,62,,Midwest,1.0,197341.999999011,High
5233693,59,,South,1.0,84274.99999902,Medium
5233723,40,,West,1.0,112569.99999901891,Medium
5233893,47,,Northeast,1.0,547383.9999998601,High
5233963,67,,South,4.0,103270.99999899899,Medium
5234193,42,,Midwest,1.0,112818.00000103201,Medium
5234223,55,,South,1.0,79897.749999892,Medium
5234273,31,,Midwest,1.0,193777.999999883,High
5234463,35,,Midwest,1.0,121639.00000097901,High
5234493,29,,Midwest,1.0,104894.999998999,Medium
5234543,26,,South,1.0,10639.999999989,Low
5234623,64,,South,1.0,17504.999999982,Low
5234653,63,,Midwest,1.0,157421.000000999,High
5234663,46,,South,1.0,12447.00000001,Low
5234673,33,,West,4.0,134456.000000992,High
5234903,47,,South,5.0,191475.9999999979,High
5235053,31,,Northeast,1.0,159057.000001,High
5235083,57,,Northeast,1.0,109351.500000969,Medium
5235263,25,,Midwest,1.0,162497.74999901,High
5235303,48,,Northeast,1.0,64798.000000981,Medium
5235373,69,,Midwest,5.0,88234.999999991,Medium
5235393,37,,West,1.0,14247.999999992,Low
5235454,61,,South,1.0,970649.9999989868,High
5235533,64,,Northeast,5.0,137396.000000012,High
5235543,64,,South,1.0,162599.000000999,High
5235583,63,,West,1.0,250497.000000011,High
5235613,32,,Midwest,1.0,72200.999998997,Medium
5235623,54,,Northeast,1.0,19950.999999912,Low
5235763,54,,South,1.0,226199.000000011,High
5235993,35,,South,1.0,113435.00000102,Medium
5236063,54,,Northeast,5.0,297464.9999990001,High
5236073,39,,West,5.0,182770.000000031,High
5236593,36,,Midwest,1.0,119742.00000091201,High
5236653,66,,West,1.0,321226.00000001,High
5251762,34,,Midwest,1.0,195553.99999999302,High
5251902,26,,South,1.0,6706.0,Low
5251982,63,,West,5.0,686310.9999999912,High
5252032,59,,West,1.0,59933.000000009,Medium
5252042,38,,South,1.0,19593.0000000071,Low
5252102,42,,South,1.0,18674.999999989,Low
5252252,39,,South,1.0,43740.999998981,Medium
5252392,53,,Northeast,1.0,214371.999999798,High
5252442,41,,South,1.0,61110.99999993,Medium
5252602,57,,South,1.0,167307.999999021,High
5252742,59,,South,5.0,66380.4999989711,Medium
5252822,66,,South,1.0,133049.39999900002,High
5252902,68,,South,1.0,81606.000001021,Medium
5253172,70,,South,4.0,81943.0000010099,Medium
5253232,33,,West,1.0,529060.9999900099,High
5253452,36,,Northeast,1.0,345175.250000099,High
5253492,81,,South,1.0,62413.999998999,Medium
5253532,34,,West,1.0,99523.00000100791,Medium
5253612,68,,West,1.0,191085.00000001,High
5253662,50,,South,1.0,134639.00000004,High
5253682,40,,Northeast,1.0,312490.99999891093,High
5253882,36,,South,1.0,11873.00000001,Low
5254012,53,,West,5.0,254731.999999959,High
5254022,42,,Midwest,3.0,188514.00000092,High
5254112,62,,Midwest,5.0,135983.0000000002,High
5254152,29,,West,1.0,25353.000000001,Low
5254202,46,,Midwest,5.0,105615.00000102,Medium
5254252,33,,Northeast,1.0,45401.999999887994,Medium
5254292,44,,South,1.0,249898.00000003,High
5254402,33,,Midwest,1.0,23491.999999991,Low
5254412,53,,West,5.0,332158.999999899,High
5254442,64,,Northeast,4.0,171276.74999899202,High
5254462,52,,South,1.0,341668.00000001,High
5254512,37,,West,1.0,15998.99999999,Low
5254552,34,,South,4.0,146706.000000989,High
5254653,36,,West,1.0,96839.49999999,Medium
5254702,39,,Northeast,1.0,361086.5000010881,High
5254712,25,,West,1.0,7404.0000000014,Low
5254742,75,,Northeast,4.0,330754.00000001,High
5254882,30,,Midwest,3.0,178602.000001001,High
5254912,61,,West,5.0,274551.999999,High
5255032,66,,South,1.0,86678.00000099001,Medium
5255102,38,,Northeast,1.0,117895.999999,High
5255372,50,,South,1.0,169291.0000009801,High
5255462,74,,Northeast,1.0,64576.000000960106,Medium
5255492,28,,Midwest,1.0,77401.0000009991,Medium
5255552,37,,Midwest,1.0,84484.000000976,Medium
5255572,39,,Northeast,5.0,541655.499990099,High
5255802,35,,South,1.0,99965.99999899,Medium
5255882,50,,South,1.0,162412.00000101,High
5256022,54,,South,1.0,544183.24998998,High
5256032,59,,West,1.0,179870.999999002,High
5256072,37,,South,1.0,91869.99999893,Medium
5256102,42,,Midwest,1.0,80401.999999018,Medium
5256142,80,,Midwest,1.0,149108.800000992,High
5256302,36,,South,1.0,142298.999999982,High
5256352,70,,South,1.0,201124.999999001,High
5256422,34,,West,1.0,206287.9999990181,High
5256522,26,,Midwest,1.0,62791.999999981,Medium
5256722,71,,Northeast,3.0,259605.249999101,High
5256752,51,,South,1.0,29238.9999999921,Low
5257162,54,,Midwest,5.0,295460.99999901,High
5257172,65,,Northeast,1.0,14321.999999992,Low
5257312,41,,Midwest,1.0,216099.750000871,High
5257392,60,,South,5.0,30433.50000008,Medium
5257622,56,,West,4.0,536266.9999899708,High
5257662,50,,Midwest,1.0,116239.00000098,Medium
5257762,43,,South,1.0,53818.999999989,Medium
5257942,50,,Midwest,1.0,262654.25000101,High
5258042,42,,Northeast,5.0,170618.9999990089,High
5258092,65,,Northeast,1.0,44989.000000012,Medium
5258172,33,,West,3.0,175335.00000096898,High
5258222,34,,South,4.0,126308.00000104199,High
5258662,64,,Midwest,1.0,120193.000000007,High
5258922,61,,West,1.0,161322.00000101898,High
5259012,65,,Northeast,1.0,351477.250000087,High
5259112,48,,Northeast,4.0,195114.00000097998,High
5259192,49,,West,1.0,227597.00000100798,High
5259252,26,,Midwest,1.0,18779.999999988,Low
5259392,56,,Northeast,3.0,231455.999998909,High
5259552,57,,Northeast,1.0,130843.000001021,High
5259622,64,,West,3.0,540705.6499900579,High
5259742,39,,Northeast,1.0,231224.49999918,High
5259822,57,,South,1.0,161529.49999898,High
5259872,51,,West,1.0,23621.99999991,Low
5259982,36,,Northeast,1.0,195186.000000943,High
5260022,64,,South,5.0,242740.000000119,High
5260192,59,,West,4.0,25661.99999983,Low
5260392,49,,Northeast,1.0,147108.999998899,High
5260402,47,,South,1.0,18628.99999999,Low
5260672,50,,South,1.0,-192513.00000098997,Low
5260922,55,,South,1.0,61282.0000000022,Medium
5261102,45,,Midwest,5.0,583826.7499900949,High
5261292,48,,Midwest,5.0,206336.99999898,High
5261352,53,,South,5.0,124840.000001021,High
5261682,43,,South,3.0,115492.00000002,Medium
5261692,35,,West,1.0,104292.000000981,Medium
5261742,48,,West,1.0,189025.000001001,High
5261772,32,,Midwest,1.0,119260.00000011,High
5261852,43,,West,1.0,228790.00000099,High
5261942,38,,Northeast,1.0,15206.00000001,Low
5262042,58,,West,1.0,560207.499990188,High
5262062,63,,Northeast,1.0,95455.0000010089,Medium
5262122,62,,Midwest,4.0,76044.00000107099,Medium
5262272,45,,South,1.0,8129.999999989,Low
5262322,58,,South,1.0,159252.999998998,High
5262342,27,,West,1.0,17009.999999989,Low
5262402,62,,West,1.0,300226.9999991291,High
5262432,54,,South,1.0,63466.99999899,Medium
5262442,41,,Midwest,1.0,26572.999999918102,Low
5262602,73,,Midwest,5.0,138090.250000999,High
5262672,60,,West,2.0,14971.200000001,Low
5263012,42,,South,1.0,232511.25000006,High
5263072,62,,West,1.0,174137.00000002098,High
5263242,38,,South,1.0,8784.000000001,Low
5263342,57,,West,1.0,265276.99999897013,High
5263382,37,,South,1.0,120169.999998978,High
5263392,37,,West,1.0,157806.00000101,High
5263442,55,,South,1.0,45633.999999021,Medium
5263562,59,,West,1.0,249630.000000002,High
5263572,41,,West,3.0,186752.99999905,High
5263602,35,,Midwest,2.0,88520.999999001,Medium
5263692,26,,West,1.0,16856.0000000001,Low
5263852,44,,South,1.0,63985.000001031,Medium
5263922,66,,Midwest,1.0,136453.9999991,High
5263982,65,,Northeast,1.0,228120.00000096997,High
5263992,57,,West,1.0,223083.000000012,High
5264162,54,,West,1.0,242630.999999011,High
5264342,58,,West,1.0,271440.49999899,High
5264472,47,,Midwest,1.0,38155.000000021,Medium
5264642,37,,Northeast,1.0,156350.00000098898,High
5264842,70,,Northeast,1.0,195913.2500000911,High
5264852,59,,West,1.0,236184.999998913,High
5264992,68,,South,1.0,300386.250001,High
5265262,32,,West,1.0,156192.250000979,High
5265362,31,,West,1.0,143353.0,High
5265492,40,,West,1.0,21817.3999999,Low
5265572,47,,South,1.0,56024.000000007996,Medium
5265662,52,,Midwest,1.0,90501.99999889,Medium
5265892,52,,West,1.0,201339.99999898,High
5265992,64,,South,5.0,86443.99999900299,Medium
5266002,45,,South,1.0,153840.249999,High
5266222,67,,Northeast,1.0,59599.999999979,Medium
5266262,21,,South,1.0,77994.499999011,Medium
5266352,66,,Northeast,5.0,244651.64999899102,High
5266372,42,,West,1.0,107595.999998972,Medium
5266402,65,,Northeast,1.0,157716.50000096898,High
5266412,70,,South,1.0,21578.9999999,Low
5266472,55,,South,1.0,120326.00000097,High
5266502,59,,South,1.0,64133.5000000099,Medium
5266562,58,,Northeast,1.0,106066.9999999989,Medium
5266672,53,,West,1.0,28214.00000001,Low
5266752,47,,Midwest,1.0,123674.750001081,High
5266812,39,,South,5.0,52679.999999893,Medium
5267212,41,,West,1.0,174993.0000000099,High
5267292,45,,South,1.0,197884.00000101788,High
5267332,87,,West,1.0,94703.399999009,Medium
5267522,38,,Midwest,3.0,161798.0000009751,High
5267542,61,,Midwest,4.0,204134.999999012,High
5267562,69,,Midwest,5.0,183258.50000003,High
5267602,42,,South,1.0,48210.499999908,Medium
5267742,47,,Northeast,1.0,166535.999998982,High
5267862,37,,West,1.0,158339.25000090888,High
5267912,53,,Midwest,1.0,63950.000001009,Medium
5267932,71,,Northeast,1.0,155059.250001017,High
5268032,42,,Midwest,1.0,94754.000000029,Medium
5268082,61,,South,1.0,93205.000000008,Medium
5268192,45,,Midwest,1.0,57337.5,Medium
5268262,43,,South,1.0,117719.75000098,High
5268322,37,,South,1.0,94422.00000097,Medium
5268412,37,,West,2.0,107888.75000101101,Medium
5268432,49,,West,1.0,180806.00000080088,High
5268532,52,,Midwest,4.0,73913.999998879,Medium
5268562,35,,South,5.0,147775.999999,High
5268752,31,,West,1.0,199539.999999922,High
5269112,27,,West,1.0,13534.0,Low
5269232,64,,West,1.0,192453.50000091208,High
5269262,40,,Midwest,1.0,14983.000000011,Low
5269372,54,,West,1.0,169781.4999999299,High
5269472,44,,West,2.0,1197582.24999898,High
5269502,55,,West,1.0,89165.999999001,Medium
5269572,46,,West,1.0,259669.99999999,High
5269622,47,,South,4.0,62289.50000001,Medium
5269662,58,,South,5.0,87239.0000000411,Medium
5269792,46,,West,3.0,23588.999999999,Low
5270082,67,,West,1.0,24700.00000001,Low
5270092,32,,South,2.0,106844.00000098,Medium
5270102,56,,Northeast,1.0,200123.000001001,High
5270352,60,,South,3.0,135217.6000000201,High
5270382,40,,West,1.0,15711.9999999991,Low
5270582,43,,Midwest,4.0,120257.999999019,High
5271042,48,,South,5.0,158936.00000001,High
5271052,40,,Northeast,5.0,293708.00000103,High
5271062,44,,Northeast,1.0,239862.250000133,High
5271172,57,,South,1.0,108714.00000088,Medium
5271332,39,,Northeast,1.0,143395.9999999702,High
5271372,45,,South,1.0,189355.000000989,High
5271712,38,,South,2.0,193015.00000099998,High
5271882,53,,South,1.0,115377.99999898911,Medium
5271912,37,,Midwest,1.0,237733.99999910902,High
5272012,57,,South,1.0,51343.999999928994,Medium
5272072,54,,West,1.0,292639.999999931,High
5272242,26,,Midwest,1.0,14055.9999999881,Low
5272342,34,,Midwest,1.0,94297.00000001989,Medium
5272522,50,,South,1.0,280194.0,High
5272782,32,,West,4.0,203314.99999898102,High
5272902,64,,Northeast,2.0,99070.000000999,Medium
5272912,48,,Northeast,1.0,252163.2500011211,High
5272962,59,,Midwest,1.0,143499.0000008991,High
5273012,53,,Northeast,1.0,150632.99999897002,High
5273042,53,,South,3.0,133552.00000003,High
5273132,47,,Midwest,1.0,206221.999999001,High
5273222,44,,West,1.0,215017.749999999,High
5273342,28,,South,3.0,137165.0,High
5273502,55,,South,1.0,188417.0000009909,High
5273612,66,,Midwest,1.0,91910.0000000001,Medium
5273712,30,,Midwest,1.0,97037.99999999,Medium
5273802,35,,West,1.0,513209.7999901,High
5273872,56,,Midwest,1.0,161153.999999021,High
5273912,38,,South,1.0,14989.000000001,Low
5273962,60,,West,2.0,151507.000000019,High
5273972,62,,Northeast,5.0,183560.4999999919,High
5274032,47,,South,1.0,121504.99999989,High
5274142,49,,Midwest,1.0,20817.00000009,Low
5274182,56,,South,1.0,97714.999999002,Medium
5274192,50,,Midwest,5.0,155795.00000112999,High
5274212,24,,South,1.0,21899.0000000099,Low
5274222,56,,Midwest,1.0,564761.249990072,High
5274252,46,,Midwest,2.0,235035.00000102,High
5274312,77,,Northeast,1.0,95616.999999971,Medium
5274452,63,,Midwest,5.0,65878.9999989998,Medium
5274542,52,,West,3.0,258482.99999997,High
5274632,56,,South,1.0,88919.999999002,Medium
5274722,59,,West,1.0,139138.499999919,High
5274752,29,,South,2.0,153696.000000008,High
5274902,57,,South,1.0,95013.999999001,Medium
5274922,54,,South,1.0,83431.99999889999,Medium
5275032,59,,West,1.0,14924.999999991,Low
5275152,27,,Northeast,1.0,52405.000000005,Medium
5275202,47,,West,1.0,265027.999999008,High
5275212,39,,West,1.0,10999.000000087,Low
5275382,52,,South,1.0,48091.999999901,Medium
5275392,26,,South,1.0,124616.49999998,High
5275422,31,,Midwest,1.0,70566.00000091,Medium
5275612,56,,South,5.0,96728.3999999919,Medium
5275692,42,,South,1.0,23336.9999999,Low
5275762,39,,South,1.0,9948.000000011,Low
5275852,36,,West,1.0,15895.0000001,Low
5275972,75,,South,1.0,137828.000000879,High
5275982,64,,Northeast,1.0,146597.00000090888,High
5276062,34,,West,1.0,11689.000000011,Low
5276082,51,,West,3.0,347669.499999911,High
5276142,27,,Midwest,4.0,17420.00000001,Low
5276162,44,,South,1.0,118537.79999899301,High
5276212,59,,Midwest,1.0,122911.99999899,High
5276242,52,,West,1.0,142875.999999001,High
5276262,64,,West,1.0,70187.250000001,Medium
5276442,43,,West,4.0,403823.00000099,High
5276522,30,,Northeast,1.0,25728.9999999701,Low
5276572,32,,West,1.0,150139.99999902002,High
5276582,49,,South,5.0,152886.250001111,High
5276672,44,,West,1.0,228502.999998969,High
5276762,51,,Midwest,1.0,88546.0000009771,Medium
5276862,65,,Northeast,1.0,269667.249999088,High
5276922,41,,West,1.0,18806.999999991,Low
5276942,68,,Northeast,1.0,233914.4000002091,High
5276992,34,,West,1.0,147048.00000099998,High
5277232,57,,Midwest,1.0,127294.99999908199,High
5277382,71,,Midwest,3.0,44223.000001012,Medium
5277422,49,,Midwest,1.0,60092.99999898,Medium
5277642,59,,Northeast,1.0,101647.9999999721,Medium
5277672,34,,South,1.0,101369.0,Medium
5277702,46,,South,1.0,156604.00000099998,High
5277832,40,,West,1.0,141691.99999990012,High
5277892,32,,South,3.0,34968.249999982,Medium
5278032,37,,South,1.0,131966.000000989,High
5278122,54,,South,1.0,612770.000000991,High
5278182,55,,Midwest,1.0,149656.999999939,High
5278192,50,,South,1.0,59557.500000012,Medium
5278222,65,,Northeast,1.0,60008.49999899,Medium
5278272,68,,Midwest,1.0,183571.999999989,High
5278312,33,,West,1.0,531441.49999018,High
5278342,54,,Midwest,1.0,301162.250001109,High
5278352,51,,West,1.0,250560.75000078,High
5278532,64,,West,1.0,88871.00000000901,Medium
5278542,34,,Midwest,1.0,23899.9999999999,Low
5278592,49,,West,1.0,299844.00000090897,High
5278672,32,,West,1.0,247995.249999099,High
5278702,49,,Northeast,1.0,103796.000000931,Medium
5278712,59,,Midwest,1.0,96445.74999999,Medium
5278902,57,,South,1.0,115157.4,Medium
5278952,49,,South,1.0,183393.999999999,High
5278992,38,,South,5.0,179481.00000101,High
5279032,47,,Midwest,1.0,179735.99999888902,High
5279052,42,,West,5.0,253185.400001021,High
5279072,38,,South,5.0,172783.99999902002,High
5279152,62,,Midwest,1.0,145558.99999903102,High
5279342,44,,West,1.0,475117.999999979,High
5279432,26,,South,1.0,75755.00000097,Medium
5279612,41,,Midwest,1.0,54884.59999902,Medium
5279662,50,,West,3.0,24544.000000001,Low
5279692,42,,Northeast,1.0,22809.0,Low
5279762,25,,South,4.0,76745.000000982,Medium
5279822,64,,West,1.0,161644.00000101,High
5279882,33,,West,1.0,234149.499999011,High
5279912,57,,Northeast,1.0,274169.00000101,High
5280182,54,,West,5.0,21136.99999999,Low
5280202,60,,Midwest,1.0,164906.99999999,High
5280232,41,,West,1.0,202031.199999998,High
5280262,39,,Northeast,4.0,144067.99999912002,High
5280342,61,,West,1.0,91764.00000001,Medium
5280522,68,,West,1.0,174370.65000103178,High
5280552,20,,West,1.0,27225.99999999,Low
5280582,38,,West,1.0,151551.99999889,High
5280662,45,,Midwest,1.0,150269.500000019,High
5280712,59,,Northeast,1.0,280723.0000009991,High
5280862,56,,Midwest,1.0,95043.00000091891,Medium
5280912,29,,South,1.0,21166.999999901,Low
5281172,74,,West,1.0,116450.750000998,High
5281222,27,,West,1.0,-188178.000000002,Low
5281332,31,,Midwest,5.0,32158.749999890002,Medium
5281342,31,,West,1.0,228091.00000099,High
5281432,60,,South,1.0,75105.99999999,Medium
5281442,75,,South,1.0,198620.499999032,High
5281522,75,,Northeast,1.0,286907.749999081,High
5281562,50,,South,2.0,99965.999999999,Medium
5281652,54,,South,1.0,83099.999998998,Medium
5281952,50,,West,1.0,139597.999998971,High
5282152,82,,West,1.0,522918.999990009,High
5282282,57,,South,1.0,36798.000000001004,Medium
5282322,67,,South,1.0,139813.0000010181,High
5282432,50,,West,1.0,17572.9999999,Low
5282492,68,,South,1.0,119962.00000102,High
5282512,28,,South,1.0,147971.00000099998,High
5282582,56,,Northeast,1.0,84202.000000089,Medium
5282902,58,,South,1.0,92782.00000001,Medium
5282982,44,,West,1.0,23354.999999908,Low
5282992,31,,South,1.0,57706.499999991,Medium
5283012,67,,Midwest,1.0,116094.00000097,Medium
5283052,49,,South,1.0,68382.00000102,Medium
5283102,46,,South,1.0,193640.999999999,High
5283122,51,,West,1.0,577808.499990199,High
5283142,39,,Midwest,2.0,138604.250000992,High
5283292,28,,South,1.0,76995.000000899,Medium
5283312,33,,West,1.0,30337.9999999,Medium
5283392,26,,South,1.0,86687.000000999,Medium
5283492,87,,Midwest,4.0,51769.999999002,Medium
5283572,40,,West,1.0,444087.399999,High
5283582,50,,West,1.0,167114.99999901,High
5283662,49,,West,1.0,131458.9999999901,High
5283682,57,,South,1.0,47503.999999991,Medium
5283892,65,,West,5.0,270097.250000879,High
5283912,57,,West,4.0,196368.000000001,High
5283922,59,,South,1.0,188773.000000111,High
5283952,32,,Northeast,3.0,133559.99999998,High
5284062,52,,South,1.0,9779.000000009,Low
5284222,58,,Midwest,1.0,125662.000000989,High
5284292,63,,West,1.0,95120.999999999,Medium
5284412,38,,South,1.0,158917.00000097998,High
5284562,38,,Northeast,1.0,141118.00000098898,High
5284572,44,,Northeast,1.0,149128.999999991,High
5284592,38,,Northeast,1.0,13759.999999999,Low
5284652,61,,West,4.0,192240.0000000099,High
5284712,38,,South,1.0,357464.499990203,High
5284984,69,,South,1.0,488976.000001001,High
5285032,42,,Midwest,1.0,34119.000000022,Medium
5285282,71,,South,1.0,116036.9999989911,Medium
5285322,56,,West,1.0,234430.500000989,High
5285492,54,,Midwest,1.0,151002.5000009912,High
5285542,59,,Northeast,1.0,204137.999999931,High
5285572,39,,South,2.0,97308.999999922,Medium
5285582,50,,Midwest,1.0,117278.9999990201,High
5285622,40,,Midwest,1.0,265151.250000088,High
5285742,61,,West,1.0,234531.00000099099,High
5285872,64,,South,1.0,11205.9999999988,Low
5285952,41,,Northeast,1.0,34000.999999877,Medium
5286042,34,,South,4.0,87434.5000009919,Medium
5286182,70,,Northeast,1.0,17191.000000021002,Low
5286192,58,,West,1.0,539319.999989999,High
5286202,37,,South,1.0,6285.0000000101,Low
5286331,50,,West,1.0,528115.499990191,High
5286401,29,,Midwest,1.0,94985.000000998,Medium
5286511,40,,South,2.0,123458.999998881,High
5286691,64,,Northeast,5.0,124607.99999900801,High
5286791,52,,West,1.0,234281.99999899202,High
5286871,57,,West,3.0,280484.999999023,High
5286951,59,,South,1.0,103040.499999001,Medium
5287021,77,,West,1.0,46609.499999811,Medium
5287051,23,,Northeast,3.0,50292.000000011,Medium
5287311,26,,Northeast,1.0,76611.000001002,Medium
5287521,55,,West,1.0,188019.000000021,High
5287631,63,,South,1.0,105969.000000117,Medium
5287671,65,,South,4.0,13920.600000012,Low
5287711,53,,Northeast,1.0,188841.999999952,High
5287751,35,,South,1.0,55314.500000982,Medium
5287771,76,,Midwest,1.0,195368.999999011,High
5287971,40,,West,1.0,18253.999999909,Low
5288001,35,,Northeast,1.0,13608.000000011,Low
5288111,38,,South,1.0,110575.4999999219,Medium
5288234,53,,Northeast,5.0,91237.00000001,Medium
5288251,58,,Midwest,1.0,47556.399999988,Medium
5288261,40,,South,5.0,24428.0,Low
5288331,43,,Midwest,1.0,27070.000000001,Low
5288471,47,,Northeast,1.0,17117.000000001,Low
5288541,40,,South,3.0,189519.000001121,High
5288561,36,,South,1.0,83704.99999899,Medium
5288661,51,,Midwest,1.0,15923.999999989,Low
5288671,34,,Northeast,1.0,20268.000000019,Low
5288891,43,,West,1.0,272099.999998921,High
5289041,76,,South,1.0,204437.9999999999,High
5289121,36,,Midwest,1.0,106391.999999001,Medium
5289151,42,,West,1.0,214962.999999968,High
5289201,35,,Midwest,1.0,557261.0,High
5289441,61,,Northeast,4.0,78954.999999999,Medium
5289561,39,,West,1.0,144491.0000000107,High
5289591,39,,South,1.0,245622.0000009811,High
5289691,78,,West,5.0,275537.99999896,High
5289741,44,,South,1.0,251376.250000902,High
5289771,25,,Midwest,1.0,12802.000000001,Low
5289891,40,,South,1.0,6980.0,Low
5289941,31,,Northeast,1.0,21631.000000011,Low
5290031,49,,South,1.0,107048.000000992,Medium
5290091,60,,West,1.0,563285.4999901899,High
5290231,55,,South,1.0,38320.24999992,Medium
5290251,80,,West,1.0,536080.2499901099,High
5290301,56,,South,1.0,22653.99999988,Low
5290361,57,,Midwest,1.0,106620.000001031,Medium
5290411,43,,South,1.0,252046.99999898,High
5290421,47,,West,1.0,238544.000000111,High
5290511,64,,Northeast,1.0,230777.00000111898,High
5290521,60,,Midwest,1.0,63853.999999998996,Medium
5290701,37,,Northeast,1.0,121709.150000119,High
5290741,62,,South,3.0,40386.00000002,Medium
5290761,45,,West,1.0,19285.00000001,Low
5290881,60,,Midwest,1.0,321355.99999899097,High
5290911,39,,Midwest,1.0,110207.24999999,Medium
5291071,43,,Midwest,1.0,193861.00000111098,High
5291091,49,,Northeast,4.0,241620.00000109,High
5291181,32,,Midwest,5.0,282449.999999967,High
5291231,55,,West,1.0,620824.4999900999,High
5291271,40,,South,2.0,203852.99999899202,High
5291291,59,,South,1.0,325147.2499991301,High
5291411,36,,Midwest,1.0,166003.0000010091,High
5291491,38,,West,5.0,165475.0000009299,High
5291541,34,,Midwest,1.0,154753.999999902,High
5291671,39,,West,1.0,172453.99999898212,High
5291691,32,,West,1.0,257537.0000010021,High
5291761,26,,West,2.0,16008.99999998,Low
5291911,61,,Northeast,1.0,119840.499999992,High
5291921,29,,Midwest,1.0,107632.0000010202,Medium
5291981,40,,West,1.0,34682.19999999,Medium
5292231,50,,Northeast,1.0,299579.74999893,High
5292241,25,,South,1.0,142373.249998988,High
5292251,67,,South,1.0,150555.000001001,High
5292311,61,,South,1.0,189661.000000971,High
5292381,33,,Northeast,3.0,177037.000000981,High
5292721,60,,South,1.0,103921.499999998,Medium
5292841,74,,Northeast,1.0,263746.999999019,High
5292941,43,,South,1.0,185436.9999998809,High
5293111,36,,South,4.0,84804.99999903199,Medium
5293121,70,,Northeast,4.0,67663.000000999,Medium
5293141,60,,Midwest,1.0,276976.250001081,High
5293271,42,,South,1.0,273554.000000008,High
5293471,24,,West,1.0,7561.000000002,Low
5293601,69,,South,1.0,179358.00000001,High
5293691,50,,West,5.0,150035.999998968,High
5293851,64,,Northeast,1.0,26452.000000008,Low
5293891,39,,West,5.0,109365.00000099001,Medium
5294051,41,,West,1.0,201847.000001081,High
5294071,57,,West,1.0,540046.249990091,High
5294081,72,,Midwest,1.0,103231.0000000092,Medium
5294101,52,,South,1.0,268367.999999,High
5294121,75,,Midwest,1.0,84859.000000021,Medium
5294211,55,,Midwest,4.0,68175.000000981,Medium
5294281,49,,South,1.0,317405.24999908,High
5294311,60,,Midwest,1.0,76083.00000091,Medium
5294351,39,,South,5.0,150585.00000102,High
5294441,58,,Midwest,3.0,81059.000000962,Medium
5294551,66,,West,1.0,8250.9999999911,Low
5294691,54,,Midwest,4.0,30332.7500001011,Medium
5294791,56,,Northeast,1.0,13959.999999992,Low
5294801,35,,South,1.0,85391.00000089001,Medium
5294811,44,,West,5.0,287515.99999897904,High
5294841,36,,Northeast,5.0,130202.24999879101,High
5294861,45,,Midwest,1.0,154613.999998988,High
5294941,41,,West,1.0,21087.000000001,Low
5295021,44,,Midwest,4.0,12196.9999999791,Low
5295061,48,,South,1.0,76287.999999022,Medium
5295101,25,,West,1.0,122985.000000999,High
5295411,47,,South,1.0,80774.00000101191,Medium
5295451,28,,Midwest,5.0,87208.00000100001,Medium
5295511,32,,Northeast,5.0,65563.000000068,Medium
5295531,43,,West,1.0,226351.999998982,High
5295551,64,,South,1.0,94476.999999998,Medium
5295561,45,,West,1.0,174476.999999974,High
5295631,41,,Midwest,1.0,157330.99999899,High
5295661,53,,Midwest,3.0,120422.50000102,High
5295741,29,,South,5.0,15432.99999989,Low
5295781,59,,Midwest,1.0,65259.00000103001,Medium
5295801,60,,South,1.0,12179.0,Low
5295941,42,,Midwest,4.0,282080.750000012,High
5295981,51,,South,5.0,173235.000000009,High
5296011,52,,South,5.0,155019.00000102,High
5296061,25,,West,1.0,323799.0000000001,High
5296101,41,,Midwest,1.0,147019.999999909,High
5296151,32,,Northeast,1.0,10908.00000001,Low
5296251,59,,Midwest,1.0,94092.0000009729,Medium
5296261,64,,South,1.0,53115.000000029104,Medium
5296311,53,,Midwest,3.0,53809.99999999,Medium
5296331,46,,South,5.0,306236.9999990309,High
5296411,58,,West,3.0,301617.000000929,High
5296572,35,,Midwest,1.0,472665.000000907,High
5296581,45,,South,3.0,122658.000000967,High
5296631,46,,South,1.0,229250.250000978,High
5296641,45,,Northeast,1.0,287113.749999911,High
5296761,32,,South,5.0,209155.00000099099,High
5296771,51,,Midwest,1.0,46685.999999899,Medium
5296811,51,,South,5.0,187627.99999903102,High
5296831,40,,South,1.0,86015.999999009,Medium
5296891,46,,Midwest,2.0,168583.2499991931,High
5296981,64,,South,1.0,136379.00000098298,High
5297021,44,,West,1.0,92347.99999899,Medium
5297181,47,,South,1.0,63938.7500009019,Medium
5297341,49,,Northeast,1.0,211689.49999900002,High
5297381,50,,South,1.0,28533.000000101,Low
5297401,32,,South,1.0,10454.0000000001,Low
5297581,55,,Midwest,1.0,89296.00000097,Medium
5297601,68,,South,1.0,124028.999999031,High
5343711,47,,Midwest,3.0,168782.99999898902,High
5343791,56,,Midwest,1.0,46484.000000090105,Medium
5343883,28,,West,1.0,32447.999999988,Medium
5344021,35,,West,5.0,196407.000000079,High
5344041,59,,South,1.0,56406.999999931,Medium
5344081,59,,Midwest,1.0,160680.500000108,High
5344111,66,,South,1.0,42995.0000009909,Medium
5344241,59,,Northeast,4.0,216337.9999989911,High
5344321,52,,Midwest,4.0,109141.0000010021,Medium
5344351,35,,South,1.0,81234.000001021,Medium
5344361,52,,West,1.0,301039.00000101,High
5344581,50,,South,1.0,136516.999999979,High
5344771,54,,Northeast,1.0,140171.50000009,High
5344791,43,,West,1.0,271998.000000019,High
5344851,73,,Midwest,1.0,172694.249998998,High
5344901,29,,West,1.0,208616.9999989908,High
5345121,54,,Northeast,4.0,180814.999999853,High
5345301,56,,Northeast,1.0,111713.9999990009,Medium
5345321,34,,Midwest,3.0,48428.999999816995,Medium
5345531,31,,Northeast,1.0,105225.000000012,Medium
5345631,43,,South,5.0,613272.4999900879,High
5345711,43,,West,5.0,114854.000000102,Medium
5345941,60,,Midwest,4.0,75256.999999999,Medium
5345951,46,,South,4.0,29977.999999991,Low
5345961,57,,West,3.0,152831.99999888,High
5346071,65,,South,5.0,186446.00000102998,High
5346091,31,,West,1.0,16651.99999998,Low
5346111,30,,South,1.0,50682.999998990905,Medium
5346211,63,,West,1.0,101543.00000102,Medium
5346291,49,,West,1.0,214728.850000101,High
5346301,72,,Northeast,5.0,86914.000000001,Medium
5346361,51,,South,1.0,203468.00000099,High
5346401,50,,Midwest,3.0,105096.000000013,Medium
5346481,32,,South,1.0,11829.999999998,Low
5346491,49,,Midwest,1.0,219642.99999883,High
5346551,28,,Midwest,1.0,115511.9999999791,Medium
5346791,75,,West,1.0,662690.000000009,High
5346841,50,,Midwest,5.0,130904.999998871,High
5346941,38,,South,4.0,224349.9999991181,High
5347001,29,,South,1.0,1139424.500000902,High
5347431,35,,Midwest,1.0,125817.99999999,High
5347581,29,,West,1.0,25418.000000011,Low
5347591,37,,South,1.0,148109.000000989,High
5347731,43,,South,1.0,13797.1999999902,Low
5347761,40,,South,1.0,146947.500001008,High
5347921,66,,South,5.0,70610.00000011,Medium
5347961,46,,Northeast,5.0,20749.0000000009,Low
5348101,30,,South,1.0,77298.999999981,Medium
5348131,47,,South,1.0,121056.00000100101,High
5348181,58,,South,1.0,428835.25000109,High
5348241,46,,South,3.0,91508.999998999,Medium
5348321,58,,Midwest,1.0,70938.000001002,Medium
5348382,67,,South,1.0,281934.999999009,High
5348441,33,,Northeast,1.0,12206.99999999,Low
5348501,33,,Midwest,1.0,62117.9999999921,Medium
5348541,41,,Northeast,1.0,224882.4999989899,High
5348561,40,,Northeast,1.0,167615.999998984,High
5348611,48,,Midwest,5.0,85415.99999899999,Medium
5348631,37,,West,1.0,166163.00000102,High
5348681,42,,Northeast,1.0,101802.99999902991,Medium
5348781,42,,West,1.0,234998.000000981,High
5348971,64,,Midwest,1.0,199232.999998921,High
5349021,66,,Midwest,1.0,47069.500000013,Medium
5349222,27,,Midwest,1.0,19801.000000023,Low
5349281,53,,South,3.0,165080.000000012,High
5349291,48,,West,1.0,239800.49999899912,High
5349311,39,,West,1.0,71646.999998898,Medium
5349451,37,,Northeast,1.0,127266.99999891,High
5349731,41,,West,1.0,20239.000000012,Low
5349781,58,,South,1.0,193969.99999894202,High
5349792,41,,West,1.0,163681.999998991,High
5349881,59,,Midwest,1.0,75999.0000000111,Medium
5349961,30,,West,1.0,129855.999999899,High
5349991,29,,West,1.0,767838.000001009,High
5350011,35,,South,1.0,121978.999999042,High
5350041,43,,Midwest,1.0,125272.99999897901,High
5350231,44,,Northeast,1.0,239032.30000098998,High
5350441,35,,South,1.0,157166.500000992,High
5350481,31,,South,1.0,91261.00000099701,Medium
5350551,57,,West,1.0,17946.000000009,Low
5350561,37,,South,1.0,77508.750001012,Medium
5350591,61,,Northeast,3.0,144338.99999993,High
5350601,42,,South,1.0,56937.500001001,Medium
5350681,51,,South,1.0,105001.00000099,Medium
5350721,50,,Northeast,1.0,131454.99999901102,High
5350751,34,,South,4.0,309985.00000098,High
5350941,26,,Midwest,1.0,62405.4999999781,Medium
5351011,34,,West,1.0,174420.200001089,High
5351031,87,,Northeast,1.0,10026.0,Low
5351041,38,,West,1.0,346606.00000001,High
5351081,45,,South,1.0,138169.999999991,High
5351101,40,,West,1.0,146747.599999102,High
5351161,30,,West,1.0,28794.999999913,Low
5351241,48,,West,1.0,18573.000000011,Low
5351591,54,,South,3.0,189583.000000001,High
5351601,39,,West,1.0,9810.000000011,Low
5351681,33,,West,1.0,33077.999999887,Medium
5351961,50,,West,1.0,292168.000001031,High
5352011,38,,Midwest,1.0,49054.999999998,Medium
5352221,59,,South,1.0,126289.75000114099,High
5352331,44,,West,1.0,110179.999999999,Medium
5352481,46,,South,1.0,18283.000000001,Low
5352501,57,,South,1.0,219523.000000001,High
5352521,71,,Northeast,1.0,195761.249999893,High
5352581,32,,West,3.0,19036.999999999,Low
5352591,62,,Northeast,4.0,201539.249999101,High
5352621,39,,West,5.0,550892.249989992,High
5352851,67,,South,1.0,205155.000000912,High
5353051,35,,West,2.0,579656.24999008,High
5353151,54,,South,1.0,192273.000001029,High
5353424,33,,West,1.0,636431.2499900798,High
5353461,37,,South,3.0,60335.4999989881,Medium
5353691,52,,South,1.0,169011.00000099008,High
5353721,54,,South,1.0,107987.999999898,Medium
5353731,51,,Midwest,1.0,75082.00000093,Medium
5354051,68,,South,2.0,583142.49999013,High
5354211,65,,West,1.0,67680.00000099,Medium
5354221,68,,West,1.0,165294.00000101,High
5354251,40,,South,5.0,107848.000001002,Medium
5354271,81,,Northeast,1.0,120448.99999897,High
5354321,33,,Northeast,1.0,312111.250000911,High
5354431,47,,South,1.0,186145.00000002,High
5354461,51,,South,3.0,190196.999999981,High
5354511,61,,West,1.0,322507.99999991,High
5354711,70,,West,3.0,383394.20001099,High
5355161,51,,South,1.0,48124.999999001004,Medium
5355191,54,,Northeast,1.0,15462.999999911,Low
5355291,65,,Midwest,1.0,234008.50000104,High
5355321,38,,South,1.0,181137.999999921,High
5355361,62,,South,1.0,10444.0,Low
5355631,65,,West,4.0,140824.0000000002,High
5355821,39,,South,4.0,98437.99999901,Medium
5355923,46,,South,1.0,15930.000000012,Low
5355941,42,,West,1.0,324530.0000010201,High
5356121,60,,Midwest,2.0,168049.25000101,High
5356141,41,,West,1.0,331222.999999999,High
5356161,29,,Midwest,1.0,131097.000000979,High
5356211,28,,Midwest,1.0,131497.000000031,High
5356251,60,,Northeast,1.0,222036.300000003,High
5356291,41,,Northeast,5.0,17856.0000000108,Low
5356301,31,,South,5.0,46933.250000003,Medium
5356352,26,,South,1.0,111796.0000010084,Medium
5356371,45,,South,1.0,7616.999999991,Low
5356531,33,,Northeast,3.0,83487.9999989901,Medium
5356631,52,,West,1.0,243397.00000001,High
5356741,55,,Midwest,1.0,13772.0,Low
5356811,49,,West,1.0,232258.99999901,High
5356871,62,,Midwest,1.0,138067.999999032,High
5356881,72,,South,1.0,159341.99999902802,High
5356931,62,,South,1.0,76133.500000121,Medium
5356991,53,,South,4.0,86872.99999895999,Medium
5357061,26,,South,1.0,35833.49999988,Medium
5357101,59,,Midwest,1.0,129125.999998978,High
5357111,39,,West,1.0,553963.249990001,High
5357181,59,,South,3.0,29168.99999999,Low
5357231,36,,Northeast,1.0,210963.749998998,High
5357421,33,,South,1.0,206813.999999989,High
5357461,51,,South,1.0,119397.999999999,High
5357521,59,,South,1.0,138289.9999999909,High
5357611,26,,West,1.0,581469.249990099,High
5357781,42,,South,1.0,172535.249999001,High
5357791,43,,West,1.0,201881.50000102,High
5357871,62,,South,1.0,132258.000000029,High
5358131,57,,West,1.0,309739.9999991,High
5358151,69,,South,1.0,66328.000000983,Medium
5358171,30,,West,1.0,148967.499999981,High
5358191,62,,South,1.0,115717.9999990201,Medium
5358331,53,,West,1.0,164351.00000101898,High
5358351,41,,Northeast,1.0,85395.749998999,Medium
5358371,26,,Midwest,1.0,81757.00000003,Medium
5358461,40,,West,3.0,342951.000000009,High
5358551,20,,South,1.0,15056.000000001999,Low
5358571,48,,Midwest,5.0,110779.000000021,Medium
5358591,60,,South,3.0,243190.0000010221,High
5358891,59,,South,5.0,533345.249990059,High
5358911,69,,West,1.0,209731.9999997991,High
5359031,39,,Northeast,3.0,112131.000000999,Medium
5359091,73,,Northeast,1.0,284010.7500010291,High
5359131,29,,South,1.0,20544.9999999899,Low
5359141,66,,South,1.0,150131.00000087998,High
5359311,73,,West,1.0,259284.999999971,High
5359481,50,,South,1.0,226083.00000092,High
5359551,36,,Northeast,2.0,167798.99999904,High
5359731,37,,South,1.0,550478.24999019,High
5359831,53,,Midwest,1.0,59286.4999999,Medium
5359861,66,,Midwest,1.0,146725.9999989809,High
5359911,42,,Northeast,1.0,538560.249989983,High
5360171,43,,South,1.0,22616.500000107,Low
5360271,38,,South,1.0,27467.00000001,Low
5360311,42,,Northeast,1.0,143261.999999958,High
5360332,43,,South,1.0,86830.00000100001,Medium
5360371,40,,Northeast,1.0,128958.999999003,High
5360391,67,,West,5.0,307116.000000011,High
5360451,37,,Northeast,2.0,147524.000001018,High
5360501,45,,West,5.0,362402.25001009804,High
5360691,36,,Midwest,3.0,107332.49999899999,Medium
5360801,59,,Northeast,1.0,138140.99999910098,High
5360831,52,,West,1.0,574764.499990191,High
5360881,28,,Northeast,1.0,109177.99999998,Medium
5361041,52,,West,1.0,278922.0000001081,High
5361051,39,,Northeast,1.0,252160.999999011,High
5361231,50,,Midwest,1.0,12617.999999991,Low
5361301,55,,South,1.0,18730.000000008,Low
5361351,76,,South,1.0,74780.799999882,Medium
5361441,41,,South,5.0,510335.499998902,High
5361491,45,,West,1.0,50094.499999998,Medium
5361511,37,,South,1.0,43695.00000013,Medium
5361551,69,,South,1.0,68445.000001009,Medium
5361621,26,,West,5.0,13742.00000001,Low
5361971,54,,Northeast,1.0,108777.000000981,Medium
5362133,31,,Midwest,4.0,444943.000001,High
5362142,28,,South,2.0,1040657.9999999889,High
5362161,32,,West,2.0,20615.000000031,Low
5362191,62,,South,1.0,94954.999999901,Medium
5362211,58,,South,1.0,251040.9999989,High
5362231,70,,Midwest,1.0,104998.000000019,Medium
5362631,63,,West,1.0,27261.99999991,Low
5362641,60,,Northeast,1.0,19163.0,Low
5362671,43,,South,1.0,188416.00000089098,High
5362691,49,,West,1.0,150757.000000931,High
5362821,59,,West,2.0,285136.999999011,High
5362833,30,,Northeast,1.0,152251.750000009,High
5362891,50,,South,1.0,14887.9999999989,Low
5363031,53,,West,1.0,23802.2000001,Low
5363041,54,,West,5.0,428332.000001008,High
5363051,66,,South,1.0,7080.0000000001,Low
5363101,59,,West,4.0,291941.999999009,High
5363121,33,,West,1.0,41927.000000006,Medium
5363211,68,,South,1.0,49682.399998949004,Medium
5363351,61,,South,1.0,276106.99999901,High
5363391,51,,Midwest,5.0,104715.00000099,Medium
5363501,24,,Midwest,1.0,102546.99999891,Medium
5363581,49,,West,1.0,13457.0,Low
5363591,40,,Northeast,5.0,182378.999999991,High
5363611,60,,South,1.0,16552.99999988,Low
5363881,35,,West,1.0,53385.999999899,Medium
5363891,32,,South,1.0,12383.999999899,Low
5363931,60,,South,1.0,134019.499999991,High
5364181,33,,West,1.0,18859.00000001,Low
5364311,30,,Midwest,1.0,140012.00000102,High
5364351,53,,West,1.0,12149.000000001,Low
5364531,35,,South,1.0,104445.999999999,Medium
5364561,35,,Midwest,4.0,170826.000000987,High
5364621,58,,Midwest,2.0,119923.999999979,High
5364651,56,,Midwest,1.0,131733.9999989102,High
5364891,45,,South,1.0,97164.999999009,Medium
5364971,59,,West,2.0,108698.00000099,Medium
5365021,35,,South,2.0,94261.000000028,Medium
5365051,71,,South,1.0,177799.00000098898,High
5365071,37,,Midwest,1.0,212982.2500010819,High
5365161,33,,Northeast,1.0,222087.749999833,High
5365411,63,,South,1.0,88132.99999899,Medium
5365451,41,,South,1.0,213073.999999001,High
5365491,46,,Midwest,1.0,59601.999998902,Medium
5365601,34,,South,1.0,83150.99999899,Medium
5365631,56,,West,1.0,283507.999999009,High
5365641,48,,Northeast,1.0,168694.00000102198,High
5365651,54,,South,1.0,97301.9999999,Medium
5365801,56,,South,1.0,81015.24999889,Medium
5365861,43,,South,1.0,128054.99999898301,High
5365961,48,,West,1.0,33209.999999888,Medium
5365971,45,,West,4.0,541534.7499901198,High
5366041,33,,West,1.0,153606.0000009,High
5366251,33,,Midwest,1.0,98611.99999996,Medium
5366271,40,,Midwest,2.0,111375.999999818,Medium
5366301,36,,South,1.0,244099.99999900901,High
5366361,29,,Northeast,1.0,100481.000001009,Medium
5366421,36,,South,1.0,43591.00000021,Medium
5366431,74,,West,1.0,203897.999999011,High
5366441,38,,Midwest,2.0,96726.75000003,Medium
5366611,40,,Midwest,5.0,98567.99999898099,Medium
5366683,30,,West,1.0,29487.0,Low
5366741,76,,South,4.0,137566.999998991,High
5366781,48,,West,3.0,148332.999999001,High
